index,split,sequence,frame,image,steering,referenceYRatio,laneWidthPriorPx,imageWidth,imageHeight,status,eY,eyQuality,referenceY,imageCenterX,leftX,rightX,laneCenterX,laneWidthPx,inferredLaneWidthPx,yellowRunCount,leftRun,rightRun,yellowRunsJson,preview
0,test,2,0,E:\桌面\v-Net\dataset\25地下室\2\0_0.0000.jpg,0.0,0.54,411.0226745605469,640,480,ok,-0.08244460821151733,1.0,259,320.0,78.85346221923828,508.3819885253906,293.61772537231445,429.52852630615234,,2,"[62, 96]","[487, 531]","[[62, 96], [487, 531]]",
1,test,2,1,E:\桌面\v-Net\dataset\25地下室\2\1_0.0000.jpg,0.0,0.54,411.0226745605469,640,480,ok,-0.10345966815948486,1.0,259,320.0,66.35853576660156,507.4272766113281,286.89290618896484,441.06874084472656,,2,"[48, 85]","[487, 528]","[[48, 85], [487, 528]]",
2,test,2,2,E:\桌面\v-Net\dataset\25地下室\2\2_0.0000.jpg,0.0,0.54,411.0226745605469,640,480,ok,-0.1420327126979828,1.0,259,320.0,49.768985748291016,499.330078125,274.5495319366455,449.561092376709,,2,"[27, 71]","[472, 528]","[[27, 71], [472, 528]]",
3,test,2,3,E:\桌面\v-Net\dataset\25地下室\2\3_0.0000.jpg,0.0,0.54,411.0226745605469,640,480,ok,-0.19735342562198638,1.0,259,320.0,24.74947166442871,488.9443359375,256.84690380096436,464.1948642730713,,2,"[0, 51]","[463, 515]","[[0, 51], [463, 515]]",
4,test,2,4,E:\桌面\v-Net\dataset\25地下室\2\4_0.0000.jpg,0.0,0.54,411.0226745605469,640,480,ok,-0.21570998579263687,1.0,259,320.0,15.963889122009277,485.9817199707031,250.9728045463562,470.01783084869385,,2,"[0, 38]","[459, 513]","[[0, 38], [459, 513]]",
5,test,2,5,E:\桌面\v-Net\dataset\25地下室\2\5_0.0000.jpg,0.0,0.54,411.0226745605469,640,480,inferred_missing_left,-0.1637892246246338,0.6,259,320.0,62.07611083984375,473.0987854003906,267.5874481201172,411.0226745605469,411.0226745605469,1,,,"[[446, 500]]",
6,test,2,6,E:\桌面\v-Net\dataset\25地下室\2\6_0.0000.jpg,0.0,0.54,411.0226745605469,640,480,inferred_missing_left,-0.20166897773742676,0.6,259,320.0,49.95458984375,460.9772644042969,255.46592712402344,411.0226745605469,411.0226745605469,1,,,"[[433, 489]]",
7,test,2,7,E:\桌面\v-Net\dataset\25地下室\2\7_0.0000.jpg,0.0,0.54,411.0226745605469,640,480,inferred_missing_left,-0.24379630088806153,0.6,259,320.0,36.473846435546875,447.49652099609375,241.9851837158203,411.0226745605469,411.0226745605469,1,,,"[[419, 477]]",
8,test,2,8,E:\桌面\v-Net\dataset\25地下室\2\8_0.0000.jpg,0.0,0.54,411.0226745605469,640,480,inferred_missing_left,-0.25500311851501467,0.6,259,320.0,32.887664794921875,443.91033935546875,238.3990020751953,411.0226745605469,411.0226745605469,1,,,"[[416, 474]]",
9,test,2,9,E:\桌面\v-Net\dataset\25地下室\2\9_0.0000.jpg,0.0,0.54,411.0226745605469,640,480,inferred_missing_left,-0.3064581394195557,0.6,259,320.0,16.42205810546875,427.4447326660156,221.9333953857422,411.0226745605469,411.0226745605469,1,,,"[[396, 457]]",
10,test,2,10,E:\桌面\v-Net\dataset\25地下室\2\10_0.0000.jpg,0.0,0.54,411.0226745605469,640,480,inferred_missing_left,-0.3253921985626221,0.6,259,320.0,10.3631591796875,421.3858337402344,215.87449645996094,411.0226745605469,411.0226745605469,1,,,"[[388, 452]]",
11,test,2,11,E:\桌面\v-Net\dataset\25地下室\2\11_0.0000.jpg,0.0,0.54,411.0226745605469,640,480,inferred_missing_left,-0.37372379302978515,0.6,259,320.0,0.0,400.8167724609375,200.40838623046875,400.8167724609375,411.0226745605469,1,,,"[[367, 436]]",
12,test,2,12,E:\桌面\v-Net\dataset\25地下室\2\12_0.0000.jpg,0.0,0.54,411.0226745605469,640,480,inferred_missing_left,-0.38897480964660647,0.6,259,320.0,0.0,391.0561218261719,195.52806091308594,391.0561218261719,411.0226745605469,1,,,"[[359, 424]]",
13,test,2,13,E:\桌面\v-Net\dataset\25地下室\2\13_1.4500.jpg,1.45,0.54,411.0226745605469,640,480,inferred_missing_left,-0.4203930854797363,0.6,259,320.0,0.0,370.94842529296875,185.47421264648438,370.94842529296875,411.0226745605469,1,,,"[[332, 405]]",
14,test,2,14,E:\桌面\v-Net\dataset\25地下室\2\14_1.4500.jpg,1.45,0.54,411.0226745605469,640,480,inferred_missing_left,-0.43448553085327146,0.6,259,320.0,0.0,361.92926025390625,180.96463012695312,361.92926025390625,411.0226745605469,1,,,"[[323, 398]]",
15,test,2,15,E:\桌面\v-Net\dataset\25地下室\2\15_1.4500.jpg,1.45,0.54,411.0226745605469,640,480,inferred_missing_left,-0.4409461975097656,0.6,259,320.0,0.0,357.79443359375,178.897216796875,357.79443359375,411.0226745605469,1,,,"[[319, 396]]",
16,test,2,16,E:\桌面\v-Net\dataset\25地下室\2\16_1.4500.jpg,1.45,0.54,411.0226745605469,640,480,inferred_missing_left,-0.4589702129364014,0.6,259,320.0,0.0,346.2590637207031,173.12953186035156,346.2590637207031,411.0226745605469,1,,,"[[308, 385]]",
17,test,2,17,E:\桌面\v-Net\dataset\25地下室\2\17_1.4500.jpg,1.45,0.54,411.0226745605469,640,480,inferred_missing_left,-0.46069016456604006,0.6,259,320.0,0.0,345.1582946777344,172.5791473388672,345.1582946777344,411.0226745605469,1,,,"[[307, 381]]",
18,test,2,18,E:\桌面\v-Net\dataset\25地下室\2\18_1.4500.jpg,1.45,0.54,411.0226745605469,640,480,inferred_missing_left,-0.4690560340881348,0.6,259,320.0,0.0,339.80413818359375,169.90206909179688,339.80413818359375,411.0226745605469,1,,,"[[301, 379]]",
19,test,2,19,E:\桌面\v-Net\dataset\25地下室\2\19_1.4500.jpg,1.45,0.54,411.0226745605469,640,480,inferred_missing_left,-0.471736478805542,0.6,259,320.0,0.0,338.0886535644531,169.04432678222656,338.0886535644531,411.0226745605469,1,,,"[[300, 376]]",
20,test,2,20,E:\桌面\v-Net\dataset\25地下室\2\20_1.4500.jpg,1.45,0.54,411.0226745605469,640,480,inferred_missing_left,-0.470093297958374,0.6,259,320.0,0.0,339.1402893066406,169.5701446533203,339.1402893066406,411.0226745605469,1,,,"[[303, 375]]",
21,test,2,21,E:\桌面\v-Net\dataset\25地下室\2\21_1.4500.jpg,1.45,0.54,411.0226745605469,640,480,insufficient_yellow_edges,,0.0,259,320.0,,,,,,2,,,"[[301, 374], [601, 639]]",
22,test,2,22,E:\桌面\v-Net\dataset\25地下室\2\22_1.4500.jpg,1.45,0.54,411.0226745605469,640,480,insufficient_yellow_edges,,0.0,259,320.0,,,,,,2,,,"[[300, 371], [525, 639]]",
23,test,2,23,E:\桌面\v-Net\dataset\25地下室\2\23_1.4500.jpg,1.45,0.54,411.0226745605469,640,480,insufficient_yellow_edges,,0.0,259,320.0,,,,,,2,,,"[[296, 368], [497, 639]]",
24,test,2,24,E:\桌面\v-Net\dataset\25地下室\2\24_1.4500.jpg,1.45,0.54,411.0226745605469,640,480,insufficient_yellow_edges,,0.0,259,320.0,,,,,,3,,,"[[297, 367], [455, 573], [580, 596]]",
25,test,2,25,E:\桌面\v-Net\dataset\25地下室\2\25_1.4500.jpg,1.45,0.54,411.0226745605469,640,480,insufficient_yellow_edges,,0.0,259,320.0,,,,,,2,,,"[[297, 367], [439, 583]]",
26,test,2,26,E:\桌面\v-Net\dataset\25地下室\2\26_1.4500.jpg,1.45,0.54,411.0226745605469,640,480,insufficient_yellow_edges,,0.0,259,320.0,,,,,,2,,,"[[298, 369], [420, 576]]",
27,test,2,27,E:\桌面\v-Net\dataset\25地下室\2\27_1.4500.jpg,1.45,0.54,411.0226745605469,640,480,insufficient_yellow_edges,,0.0,259,320.0,,,,,,2,,,"[[299, 371], [413, 564]]",
28,test,2,28,E:\桌面\v-Net\dataset\25地下室\2\28_1.4500.jpg,1.45,0.54,411.0226745605469,640,480,insufficient_yellow_edges,,0.0,259,320.0,,,,,,2,,,"[[304, 369], [400, 532]]",
29,test,2,29,E:\桌面\v-Net\dataset\25地下室\2\29_1.4500.jpg,1.45,0.54,411.0226745605469,640,480,insufficient_yellow_edges,,0.0,259,320.0,,,,,,2,,,"[[306, 371], [395, 520]]",
30,test,2,30,E:\桌面\v-Net\dataset\25地下室\2\30_1.4500.jpg,1.45,0.54,411.0226745605469,640,480,insufficient_yellow_edges,,0.0,259,320.0,,,,,,2,,,"[[304, 371], [392, 495]]",
31,test,2,31,E:\桌面\v-Net\dataset\25地下室\2\31_1.4500.jpg,1.45,0.54,411.0226745605469,640,480,insufficient_yellow_edges,,0.0,259,320.0,,,,,,2,,,"[[305, 376], [393, 489]]",
32,test,2,32,E:\桌面\v-Net\dataset\25地下室\2\32_1.4500.jpg,1.45,0.54,411.0226745605469,640,480,insufficient_yellow_edges,,0.0,259,320.0,,,,,,2,,,"[[306, 373], [391, 462]]",
33,test,2,33,E:\桌面\v-Net\dataset\25地下室\2\33_1.4500.jpg,1.45,0.54,411.0226745605469,640,480,insufficient_yellow_edges,,0.0,259,320.0,,,,,,2,,,"[[307, 372], [395, 459]]",
34,test,2,34,E:\桌面\v-Net\dataset\25地下室\2\34_1.4500.jpg,1.45,0.54,411.0226745605469,640,480,insufficient_yellow_edges,,0.0,259,320.0,,,,,,2,,,"[[308, 374], [389, 465]]",
35,test,2,35,E:\桌面\v-Net\dataset\25地下室\2\35_1.4500.jpg,1.45,0.54,411.0226745605469,640,480,insufficient_yellow_edges,,0.0,259,320.0,,,,,,2,,,"[[309, 373], [390, 466]]",
36,test,2,36,E:\桌面\v-Net\dataset\25地下室\2\36_1.4500.jpg,1.45,0.54,411.0226745605469,640,480,insufficient_yellow_edges,,0.0,259,320.0,,,,,,2,,,"[[310, 373], [393, 436]]",
37,test,2,37,E:\桌面\v-Net\dataset\25地下室\2\37_1.4500.jpg,1.45,0.54,411.0226745605469,640,480,insufficient_yellow_edges,,0.0,259,320.0,,,,,,2,,,"[[311, 376], [399, 439]]",
38,test,2,38,E:\桌面\v-Net\dataset\25地下室\2\38_1.4500.jpg,1.45,0.54,411.0226745605469,640,480,insufficient_yellow_edges,,0.0,259,320.0,,,,,,2,,,"[[310, 377], [406, 440]]",
39,test,2,39,E:\桌面\v-Net\dataset\25地下室\2\39_1.4500.jpg,1.45,0.54,411.0226745605469,640,480,insufficient_yellow_edges,,0.0,259,320.0,,,,,,2,,,"[[312, 378], [411, 445]]",
40,test,2,40,E:\桌面\v-Net\dataset\25地下室\2\40_1.4500.jpg,1.45,0.54,411.0226745605469,640,480,insufficient_yellow_edges,,0.0,259,320.0,,,,,,2,,,"[[312, 380], [422, 456]]",
41,test,2,41,E:\桌面\v-Net\dataset\25地下室\2\41_1.4500.jpg,1.45,0.54,411.0226745605469,640,480,insufficient_yellow_edges,,0.0,259,320.0,,,,,,2,,,"[[311, 379], [426, 463]]",
42,test,2,42,E:\桌面\v-Net\dataset\25地下室\2\42_1.4500.jpg,1.45,0.54,411.0226745605469,640,480,insufficient_yellow_edges,,0.0,259,320.0,,,,,,2,,,"[[318, 382], [445, 480]]",
43,test,2,43,E:\桌面\v-Net\dataset\25地下室\2\43_1.4500.jpg,1.45,0.54,411.0226745605469,640,480,insufficient_yellow_edges,,0.0,259,320.0,,,,,,2,,,"[[320, 381], [454, 485]]",
44,test,2,44,E:\桌面\v-Net\dataset\25地下室\2\44_1.4500.jpg,1.45,0.54,411.0226745605469,640,480,insufficient_yellow_edges,,0.0,259,320.0,,,,,,4,,,"[[322, 389], [476, 511], [539, 577], [595, 615]]",
45,test,2,45,E:\桌面\v-Net\dataset\25地下室\2\45_1.4500.jpg,1.45,0.54,411.0226745605469,640,480,insufficient_yellow_edges,,0.0,259,320.0,,,,,,4,,,"[[324, 395], [485, 522], [554, 599], [605, 639]]",
46,test,2,46,E:\桌面\v-Net\dataset\25地下室\2\46_1.4500.jpg,1.45,0.54,411.0226745605469,640,480,insufficient_yellow_edges,,0.0,259,320.0,,,,,,3,,,"[[327, 393], [510, 543], [582, 639]]",
47,test,2,47,E:\桌面\v-Net\dataset\25地下室\2\47_1.4500.jpg,1.45,0.54,411.0226745605469,640,480,insufficient_yellow_edges,,0.0,259,320.0,,,,,,3,,,"[[331, 396], [522, 559], [608, 639]]",
48,test,2,48,E:\桌面\v-Net\dataset\25地下室\2\48_1.4500.jpg,1.45,0.54,411.0226745605469,640,480,insufficient_yellow_edges,,0.0,259,320.0,,,,,,2,,,"[[335, 397], [549, 586]]",
49,test,2,49,E:\桌面\v-Net\dataset\25地下室\2\49_1.4500.jpg,1.45,0.54,411.0226745605469,640,480,insufficient_yellow_edges,,0.0,259,320.0,,,,,,2,,,"[[335, 400], [562, 598]]",
50,test,2,50,E:\桌面\v-Net\dataset\25地下室\2\50_1.4500.jpg,1.45,0.54,411.0226745605469,640,480,insufficient_yellow_edges,,0.0,259,320.0,,,,,,2,,,"[[338, 405], [594, 630]]",
51,test,2,51,E:\桌面\v-Net\dataset\25地下室\2\51_1.4500.jpg,1.45,0.54,411.0226745605469,640,480,insufficient_yellow_edges,,0.0,259,320.0,,,,,,2,,,"[[346, 408], [630, 639]]",
52,test,2,52,E:\桌面\v-Net\dataset\25地下室\2\52_1.4500.jpg,1.45,0.54,411.0226745605469,640,480,inferred_missing_left,-0.40429177284240725,0.6,259,320.0,0.0,381.2532653808594,190.6266326904297,381.2532653808594,411.0226745605469,1,,,"[[349, 412]]",
53,test,2,53,E:\桌面\v-Net\dataset\25地下室\2\53_1.4500.jpg,1.45,0.54,411.0226745605469,640,480,inferred_missing_left,-0.4006155490875244,0.6,259,320.0,0.0,383.6060485839844,191.8030242919922,383.6060485839844,411.0226745605469,1,,,"[[350, 416]]",
54,test,2,54,E:\桌面\v-Net\dataset\25地下室\2\54_1.4500.jpg,1.45,0.54,411.0226745605469,640,480,inferred_missing_left,-0.3905174255371094,0.6,259,320.0,0.0,390.06884765625,195.034423828125,390.06884765625,411.0226745605469,1,,,"[[359, 422]]",
55,test,2,55,E:\桌面\v-Net\dataset\25地下室\2\55_1.4500.jpg,1.45,0.54,411.0226745605469,640,480,inferred_missing_left,-0.38696966171264646,0.6,259,320.0,0.0,392.33941650390625,196.16970825195312,392.33941650390625,411.0226745605469,1,,,"[[363, 422]]",
56,test,2,56,E:\桌面\v-Net\dataset\25地下室\2\56_1.4500.jpg,1.45,0.54,411.0226745605469,640,480,inferred_missing_left,-0.38074140548706054,0.6,259,320.0,0.0,396.32550048828125,198.16275024414062,396.32550048828125,411.0226745605469,1,,,"[[364, 427]]",
57,test,2,57,E:\桌面\v-Net\dataset\25地下室\2\57_1.4500.jpg,1.45,0.54,411.0226745605469,640,480,inferred_missing_left,-0.3774833679199219,0.6,259,320.0,0.0,398.41064453125,199.205322265625,398.41064453125,411.0226745605469,1,,,"[[366, 431]]",
58,test,2,58,E:\桌面\v-Net\dataset\25地下室\2\58_1.4500.jpg,1.45,0.54,411.0226745605469,640,480,inferred_missing_left,-0.3739114761352539,0.6,259,320.0,0.0,400.6966552734375,200.34832763671875,400.6966552734375,411.0226745605469,1,,,"[[368, 433]]",
59,test,2,59,E:\桌面\v-Net\dataset\25地下室\2\59_1.4500.jpg,1.45,0.54,411.0226745605469,640,480,inferred_missing_left,-0.37209405899047854,0.6,259,320.0,0.0,401.85980224609375,200.92990112304688,401.85980224609375,411.0226745605469,1,,,"[[370, 434]]",
60,test,2,60,E:\桌面\v-Net\dataset\25地下室\2\60_1.4500.jpg,1.45,0.54,411.0226745605469,640,480,inferred_missing_left,-0.36407837867736814,0.6,259,320.0,0.0,406.9898376464844,203.4949188232422,406.9898376464844,411.0226745605469,1,,,"[[378, 437]]",
61,test,2,61,E:\桌面\v-Net\dataset\25地下室\2\61_1.4500.jpg,1.45,0.54,411.0226745605469,640,480,inferred_missing_left,-0.358764123916626,0.6,259,320.0,0.0,410.3909606933594,205.1954803466797,410.3909606933594,411.0226745605469,1,,,"[[378, 441]]",
62,test,2,62,E:\桌面\v-Net\dataset\25地下室\2\62_1.4500.jpg,1.45,0.54,411.0226745605469,640,480,inferred_missing_left,-0.3472429752349854,0.6,259,320.0,3.37091064453125,414.3935852050781,208.8822479248047,411.0226745605469,411.0226745605469,1,,,"[[383, 448]]",
63,test,2,63,E:\桌面\v-Net\dataset\25地下室\2\63_1.4500.jpg,1.45,0.54,411.0226745605469,640,480,inferred_missing_left,-0.34462437629699705,0.6,259,320.0,4.2088623046875,415.2315368652344,209.72019958496094,411.0226745605469,411.0226745605469,1,,,"[[384, 446]]",
64,test,2,64,E:\桌面\v-Net\dataset\25地下室\2\64_1.4500.jpg,1.45,0.54,411.0226745605469,640,480,inferred_missing_left,-0.3355711460113525,0.6,259,320.0,7.10589599609375,418.1285705566406,212.6172332763672,411.0226745605469,411.0226745605469,1,,,"[[384, 452]]",
65,test,2,65,E:\桌面\v-Net\dataset\25地下室\2\65_1.4500.jpg,1.45,0.54,411.0226745605469,640,480,inferred_missing_left,-0.33712067604064944,0.6,259,320.0,6.61004638671875,417.6327209472656,212.1213836669922,411.0226745605469,411.0226745605469,1,,,"[[384, 452]]",
66,test,2,66,E:\桌面\v-Net\dataset\25地下室\2\66_1.4500.jpg,1.45,0.54,411.0226745605469,640,480,inferred_missing_left,-0.33701128959655763,0.6,259,320.0,6.645050048828125,417.667724609375,212.15638732910156,411.0226745605469,411.0226745605469,1,,,"[[386, 450]]",
67,test,2,67,E:\桌面\v-Net\dataset\25地下室\2\67_1.4500.jpg,1.45,0.54,411.0226745605469,640,480,inferred_missing_left,-0.33473381996154783,0.6,259,320.0,7.37384033203125,418.3965148925781,212.8851776123047,411.0226745605469,411.0226745605469,1,,,"[[387, 451]]",
68,test,2,68,E:\桌面\v-Net\dataset\25地下室\2\68_1.4500.jpg,1.45,0.54,411.0226745605469,640,480,inferred_missing_left,-0.3232387065887451,0.6,259,320.0,11.052276611328125,422.074951171875,216.56361389160156,411.0226745605469,411.0226745605469,1,,,"[[393, 452]]",
69,test,2,69,E:\桌面\v-Net\dataset\25地下室\2\69_1.4500.jpg,1.45,0.54,411.0226745605469,640,480,inferred_missing_left,-0.3176584720611572,0.6,259,320.0,12.83795166015625,423.8606262207031,218.3492889404297,411.0226745605469,411.0226745605469,1,,,"[[395, 453]]",
70,test,2,70,E:\桌面\v-Net\dataset\25地下室\2\70_1.4500.jpg,1.45,0.54,411.0226745605469,640,480,inferred_missing_left,-0.2955504894256592,0.6,259,320.0,19.912506103515625,430.9351806640625,225.42384338378906,411.0226745605469,411.0226745605469,1,,,"[[402, 461]]",
71,test,2,71,E:\桌面\v-Net\dataset\25地下室\2\71_1.4500.jpg,1.45,0.54,411.0226745605469,640,480,ok,-0.3088085979223251,1.0,259,320.0,6.555093765258789,435.8074035644531,221.18124866485596,429.25230979919434,,2,"[0, 15]","[408, 465]","[[0, 15], [408, 465]]",
72,test,2,72,E:\桌面\v-Net\dataset\25地下室\2\72_1.4500.jpg,1.45,0.54,411.0226745605469,640,480,ok,-0.27346996366977694,1.0,259,320.0,17.29120445251465,447.6880187988281,232.4896116256714,430.3968143463135,,2,"[0, 37]","[422, 474]","[[0, 37], [422, 474]]",
73,test,2,73,E:\桌面\v-Net\dataset\25地下室\2\73_1.4500.jpg,1.45,0.54,411.0226745605469,640,480,ok,-0.24679725766181945,1.0,259,320.0,26.128673553466797,455.92108154296875,241.02487754821777,429.79240798950195,,2,"[4, 47]","[429, 483]","[[4, 47], [429, 483]]",
74,test,2,74,E:\桌面\v-Net\dataset\25地下室\2\74_0.0000.jpg,0.0,0.54,411.0226745605469,640,480,ok,-0.19443270564079285,1.0,259,320.0,45.3522834777832,470.2107849121094,257.7815341949463,424.8585014343262,,3,"[22, 69]","[445, 497]","[[22, 69], [445, 497], [616, 639]]",
75,test,2,75,E:\桌面\v-Net\dataset\25地下室\2\75_0.0000.jpg,0.0,0.54,411.0226745605469,640,480,ok,-0.1833481788635254,1.0,259,320.0,49.256622314453125,473.4005432128906,261.3285827636719,424.1439208984375,,3,"[25, 72]","[450, 498]","[[25, 72], [450, 498], [601, 639]]",
76,test,2,76,E:\桌面\v-Net\dataset\25地下室\2\76_0.0000.jpg,0.0,0.54,411.0226745605469,640,480,ok,-0.19123619198799133,1.0,259,320.0,46.10166549682617,471.5071716308594,258.8044185638428,425.4055061340332,,3,"[23, 69]","[447, 496]","[[23, 69], [447, 496], [574, 639]]",
77,test,2,77,E:\桌面\v-Net\dataset\25地下室\2\77_0.0000.jpg,0.0,0.54,411.0226745605469,640,480,ok,-0.19865511655807494,1.0,259,320.0,43.97870635986328,468.88201904296875,256.430362701416,424.90331268310547,,3,"[21, 66]","[445, 493]","[[21, 66], [445, 493], [566, 639]]",
78,test,2,78,E:\桌面\v-Net\dataset\25地下室\2\78_0.0000.jpg,0.0,0.54,411.0226745605469,640,480,ok,-0.21217921376228333,1.0,259,320.0,38.94889450073242,465.25640869140625,252.10265159606934,426.3075141906738,,3,"[16, 61]","[441, 490]","[[16, 61], [441, 490], [541, 631]]",
79,test,2,79,E:\桌面\v-Net\dataset\25地下室\2\79_0.0000.jpg,0.0,0.54,411.0226745605469,640,480,ok,-0.22387718558311462,1.0,259,320.0,34.660831451416016,462.0577697753906,248.35930061340332,427.3969383239746,,3,"[11, 58]","[439, 486]","[[11, 58], [439, 486], [518, 602]]",
80,test,2,80,E:\桌面\v-Net\dataset\25地下室\2\80_0.0000.jpg,0.0,0.54,411.0226745605469,640,480,ok,-0.2379564732313156,1.0,259,320.0,30.131471633911133,457.5763854980469,243.853928565979,427.44491386413574,,3,"[7, 51]","[434, 482]","[[7, 51], [434, 482], [496, 580]]",
81,test,2,81,E:\桌面\v-Net\dataset\25地下室\2\81_0.0000.jpg,0.0,0.54,411.0226745605469,640,480,ok,-0.247688028216362,1.0,259,320.0,25.21000862121582,456.2696533203125,240.73983097076416,431.0596446990967,,3,"[4, 45]","[432, 482]","[[4, 45], [432, 482], [489, 575]]",
82,test,2,82,E:\桌面\v-Net\dataset\25地下室\2\82_0.0000.jpg,0.0,0.54,411.0226745605469,640,480,ok,-0.2081619143486023,1.0,259,320.0,19.26691436767578,487.50946044921875,253.38818740844727,468.24254608154297,,2,"[0, 43]","[430, 555]","[[0, 43], [430, 555]]",
83,test,2,83,E:\桌面\v-Net\dataset\25地下室\2\83_0.0000.jpg,0.0,0.54,411.0226745605469,640,480,ok,-0.21766334474086763,1.0,259,320.0,19.716943740844727,480.978515625,250.34772968292236,461.2615718841553,,2,"[0, 44]","[429, 543]","[[0, 44], [429, 543]]",
84,test,2,84,E:\桌面\v-Net\dataset\25地下室\2\84_0.0000.jpg,0.0,0.54,411.0226745605469,640,480,ok,-0.23186979293823243,1.0,259,320.0,18.3990478515625,473.20428466796875,245.80166625976562,454.80523681640625,,2,"[0, 41]","[427, 528]","[[0, 41], [427, 528]]",
85,test,2,85,E:\桌面\v-Net\dataset\25地下室\2\85_0.0000.jpg,0.0,0.54,411.0226745605469,640,480,ok,-0.24148426651954652,1.0,259,320.0,17.802791595458984,467.64727783203125,242.72503471374512,449.84448623657227,,2,"[0, 39]","[424, 519]","[[0, 39], [424, 519]]",
86,test,2,86,E:\桌面\v-Net\dataset\25地下室\2\86_0.0000.jpg,0.0,0.54,411.0226745605469,640,480,ok,-0.2625748246908188,1.0,259,320.0,13.292291641235352,458.6598205566406,235.976056098938,445.3675289154053,,2,"[0, 31]","[422, 502]","[[0, 31], [422, 502]]",
87,test,2,87,E:\桌面\v-Net\dataset\25地下室\2\87_0.0000.jpg,0.0,0.54,411.0226745605469,640,480,ok,-0.2710002318024635,1.0,259,320.0,11.962286949157715,454.5975646972656,233.27992582321167,442.6352777481079,,2,"[0, 30]","[419, 496]","[[0, 30], [419, 496]]",
88,test,2,88,E:\桌面\v-Net\dataset\25地下室\2\88_0.0000.jpg,0.0,0.54,411.0226745605469,640,480,ok,-0.2887719690799713,1.0,259,320.0,11.21279525756836,443.97314453125,227.59296989440918,432.76034927368164,,2,"[0, 29]","[411, 482]","[[0, 29], [411, 482]]",
89,test,3,0,E:\桌面\v-Net\dataset\25地下室\3\0_0.0000.jpg,0.0,0.54,411.0226745605469,640,480,ok,0.1295102596282959,1.0,259,320.0,185.73056030273438,537.156005859375,361.4432830810547,351.4254455566406,,3,"[156, 215]","[525, 550]","[[0, 84], [156, 215], [525, 550]]",
90,test,3,1,E:\桌面\v-Net\dataset\25地下室\3\1_-1.4890.jpg,-1.489,0.54,411.0226745605469,640,480,ok,0.12210378646850586,1.0,259,320.0,201.3699951171875,516.7764282226562,359.0732116699219,315.40643310546875,,3,"[170, 232]","[504, 529]","[[8, 113], [170, 232], [504, 529]]",
91,test,3,2,E:\桌面\v-Net\dataset\25地下室\3\2_-1.4890.jpg,-1.489,0.54,411.0226745605469,640,480,ok,0.11988592147827148,1.0,259,320.0,206.77993774414062,509.9470520019531,358.3634948730469,303.1671142578125,,3,"[175, 239]","[492, 528]","[[38, 130], [175, 239], [492, 528]]",
92,test,3,3,E:\桌面\v-Net\dataset\25地下室\3\3_-1.4890.jpg,-1.489,0.54,411.0226745605469,640,480,ok,0.1143754005432129,1.0,259,320.0,210.69329833984375,502.5069580078125,356.6001281738281,291.81365966796875,,3,"[178, 244]","[482, 523]","[[51, 136], [178, 244], [482, 523]]",
93,test,3,4,E:\桌面\v-Net\dataset\25地下室\3\4_-1.4890.jpg,-1.489,0.54,411.0226745605469,640,480,ok,0.08047044277191162,1.0,259,320.0,213.3922882080078,478.1087951660156,345.7505416870117,264.7165069580078,,3,"[181, 247]","[460, 497]","[[51, 125], [181, 247], [460, 497]]",
94,test,3,5,E:\桌面\v-Net\dataset\25地下室\3\5_-1.4890.jpg,-1.489,0.54,411.0226745605469,640,480,insufficient_yellow_edges,,0.0,259,320.0,,,,,,2,,,"[[39, 110], [182, 251]]",
95,test,3,6,E:\桌面\v-Net\dataset\25地下室\3\6_-1.4890.jpg,-1.489,0.54,411.0226745605469,640,480,ok,-0.0387282133102417,1.0,259,320.0,214.93955993652344,400.2743835449219,307.60697174072266,185.33482360839844,,3,"[179, 252]","[384, 417]","[[48, 106], [179, 252], [384, 417]]",
96,test,3,7,E:\桌面\v-Net\dataset\25地下室\3\7_-1.4890.jpg,-1.489,0.54,411.0226745605469,640,480,ok,-0.0596583366394043,1.0,259,320.0,214.4774169921875,387.34124755859375,300.9093322753906,172.86383056640625,,3,"[177, 253]","[366, 408]","[[44, 101], [177, 253], [366, 408]]",
97,test,3,8,E:\桌面\v-Net\dataset\25地下室\3\8_-1.4890.jpg,-1.489,0.54,411.0226745605469,640,480,ok,-0.10069746971130371,1.0,259,320.0,212.9052734375,362.6483459472656,287.7768096923828,149.74307250976562,,3,"[173, 254]","[339, 387]","[[26, 78], [173, 254], [339, 387]]",
98,test,3,9,E:\桌面\v-Net\dataset\25地下室\3\9_-1.4890.jpg,-1.489,0.54,411.0226745605469,640,480,ok,-0.12093477249145508,1.0,259,320.0,214.78591918945312,347.8158264160156,281.3008728027344,133.0299072265625,,3,"[174, 256]","[326, 369]","[[13, 65], [174, 256], [326, 369]]",
99,test,3,10,E:\桌面\v-Net\dataset\25地下室\3\10_-1.4890.jpg,-1.489,0.54,411.0226745605469,640,480,insufficient_yellow_edges,,0.0,259,320.0,,,,,,3,,,"[[0, 33], [174, 259], [272, 302]]",
100,test,3,11,E:\桌面\v-Net\dataset\25地下室\3\11_-1.4890.jpg,-1.489,0.54,411.0226745605469,640,480,insufficient_yellow_edges,,0.0,259,320.0,,,,,,2,,,"[[0, 12], [172, 294]]",
101,test,3,12,E:\桌面\v-Net\dataset\25地下室\3\12_-1.4890.jpg,-1.489,0.54,411.0226745605469,640,480,inferred_missing_right,0.34949560165405275,0.6,259,320.0,226.32725524902344,637.3499298095703,431.8385925292969,411.0226745605469,411.0226745605469,1,,,"[[176, 267]]",
102,test,3,13,E:\桌面\v-Net\dataset\25地下室\3\13_-1.4890.jpg,-1.489,0.54,411.0226745605469,640,480,inferred_missing_right,0.3113117218017578,0.6,259,320.0,214.10841369628906,625.1310882568359,419.6197509765625,411.0226745605469,411.0226745605469,1,,,"[[175, 247]]",
103,test,3,14,E:\桌面\v-Net\dataset\25地下室\3\14_-1.4890.jpg,-1.489,0.54,411.0226745605469,640,480,ok,0.362414288520813,1.0,259,320.0,241.21107482910156,630.7340698242188,435.97257232666016,389.5229949951172,,3,"[224, 262]","[621, 639]","[[144, 199], [224, 262], [621, 639]]",
104,test,3,15,E:\桌面\v-Net\dataset\25地下室\3\15_-1.4890.jpg,-1.489,0.54,411.0226745605469,640,480,ok,0.3278602838516235,1.0,259,320.0,230.4263458251953,619.4042358398438,424.91529083251953,388.97789001464844,,3,"[206, 260]","[604, 634]","[[115, 173], [206, 260], [604, 634]]",
105,test,3,16,E:\桌面\v-Net\dataset\25地下室\3\16_-1.4890.jpg,-1.489,0.54,411.0226745605469,640,480,ok,0.2511016368865967,1.0,259,320.0,206.64401245117188,594.06103515625,400.35252380371094,387.4170227050781,,3,"[181, 228]","[572, 613]","[[53, 118], [181, 228], [572, 613]]",
106,test,3,17,E:\桌面\v-Net\dataset\25地下室\3\17_-1.4890.jpg,-1.489,0.54,411.0226745605469,640,480,ok,0.3018174409866333,1.0,259,320.0,249.7028350830078,583.4603271484375,416.58158111572266,333.7574920654297,,4,"[240, 260]","[559, 604]","[[20, 86], [181, 208], [240, 260], [559, 604]]",
107,test,3,18,E:\桌面\v-Net\dataset\25地下室\3\18_-1.4890.jpg,-1.489,0.54,411.0226745605469,640,480,ok,0.22079668045043946,1.0,259,320.0,225.7061767578125,555.6036987304688,390.6549377441406,329.89752197265625,,3,"[199, 255]","[527, 582]","[[0, 14], [199, 255], [527, 582]]",
108,test,3,19,E:\桌面\v-Net\dataset\25地下室\3\19_-1.4890.jpg,-1.489,0.54,411.0226745605469,640,480,ok,0.18201630115509032,1.0,259,320.0,211.5794219970703,544.9110107421875,378.2452163696289,333.3315887451172,,2,"[180, 239]","[516, 572]","[[180, 239], [516, 572]]",
109,test,3,20,E:\桌面\v-Net\dataset\25地下室\3\20_-1.4890.jpg,-1.489,0.54,411.0226745605469,640,480,ok,0.1935868740081787,1.0,259,320.0,242.05606079101562,521.8395385742188,381.9477996826172,279.7834777832031,,3,"[225, 260]","[494, 551]","[[184, 195], [225, 260], [494, 551]]",
110,test,3,21,E:\桌面\v-Net\dataset\25地下室\3\21_-1.4890.jpg,-1.489,0.54,411.0226745605469,640,480,ok,0.1564797878265381,1.0,259,320.0,230.37701416015625,509.7700500488281,370.0735321044922,279.3930358886719,,2,"[207, 256]","[482, 542]","[[207, 256], [482, 542]]",
111,test,3,22,E:\桌面\v-Net\dataset\25地下室\3\22_-1.4890.jpg,-1.489,0.54,411.0226745605469,640,480,ok,-0.05049765110015869,1.0,259,320.0,208.42127990722656,399.2602233886719,303.8407516479492,190.8389434814453,,3,"[182, 231]","[371, 423]","[[182, 231], [371, 423], [465, 506]]",
112,test,3,23,E:\桌面\v-Net\dataset\25地下室\3\23_-1.4890.jpg,-1.489,0.54,411.0226745605469,640,480,ok,-0.01656932830810547,1.0,259,320.0,243.5,385.8956298828125,314.69781494140625,142.3956298828125,,4,"[240, 247]","[358, 412]","[[183, 213], [240, 247], [358, 412], [460, 473]]",
113,test,3,24,E:\桌面\v-Net\dataset\25地下室\3\24_-1.4890.jpg,-1.489,0.54,411.0226745605469,640,480,ok,-0.006804513931274414,1.0,259,320.0,275.2690124511719,360.3760986328125,317.8225555419922,85.10708618164062,,3,"[252, 296]","[333, 390]","[[190, 239], [252, 296], [333, 390]]",
114,test,3,25,E:\桌面\v-Net\dataset\25地下室\3\25_-1.4890.jpg,-1.489,0.54,411.0226745605469,640,480,ok,-0.10169396400451661,1.0,259,320.0,227.34671020507812,347.56915283203125,287.4579315185547,120.22244262695312,,2,"[170, 287]","[323, 377]","[[170, 287], [323, 377]]",
115,test,3,26,E:\桌面\v-Net\dataset\25地下室\3\26_-1.4890.jpg,-1.489,0.54,411.0226745605469,640,480,ok,0.2769026279449463,1.0,259,320.0,188.82553100585938,628.3921508789062,408.6088409423828,439.5666198730469,,2,"[127, 256]","[615, 639]","[[127, 256], [615, 639]]",
116,test,3,27,E:\桌面\v-Net\dataset\25地下室\3\27_-1.4890.jpg,-1.489,0.54,411.0226745605469,640,480,ok,0.22889220714569092,1.0,259,320.0,177.0173797607422,609.4736328125,393.2455062866211,432.4562530517578,,3,"[148, 204]","[589, 631]","[[18, 119], [148, 204], [589, 631]]",
117,test,3,28,E:\桌面\v-Net\dataset\25地下室\3\28_-1.4890.jpg,-1.489,0.54,411.0226745605469,640,480,ok,0.12651140689849855,1.0,259,320.0,148.5868682861328,572.3804321289062,360.48365020751953,423.79356384277344,,2,"[121, 178]","[551, 595]","[[121, 178], [551, 595]]",
118,test,3,29,E:\桌面\v-Net\dataset\25地下室\3\29_0.0000.jpg,0.0,0.54,411.0226745605469,640,480,ok,0.05482269525527954,1.0,259,320.0,127.0672378540039,548.019287109375,337.54326248168945,420.9520492553711,,2,"[100, 154]","[527, 570]","[[100, 154], [527, 570]]",
119,test,3,30,E:\桌面\v-Net\dataset\25地下室\3\30_0.0000.jpg,0.0,0.54,411.0226745605469,640,480,ok,0.03775420188903809,1.0,259,320.0,122.32278442382812,541.8399047851562,332.0813446044922,419.5171203613281,,2,"[95, 149]","[520, 564]","[[95, 149], [520, 564]]",
120,test,3,31,E:\桌面\v-Net\dataset\25地下室\3\31_0.0000.jpg,0.0,0.54,411.0226745605469,640,480,ok,0.033191335201263425,1.0,259,320.0,120.5595932006836,540.682861328125,330.6212272644043,420.1232681274414,,2,"[94, 146]","[520, 562]","[[94, 146], [520, 562]]",
121,test,3,32,E:\桌面\v-Net\dataset\25地下室\3\32_0.0000.jpg,0.0,0.54,411.0226745605469,640,480,ok,0.03772003650665283,1.0,259,320.0,120.41029357910156,543.7305297851562,332.0704116821289,423.3202362060547,,2,"[94, 147]","[524, 565]","[[94, 147], [524, 565]]",
122,test,3,33,E:\桌面\v-Net\dataset\25地下室\3\33_0.0000.jpg,0.0,0.54,411.0226745605469,640,480,ok,0.047158241271972656,1.0,259,320.0,119.91729736328125,550.2639770507812,335.09063720703125,430.3466796875,,2,"[93, 147]","[532, 570]","[[93, 147], [532, 570]]",
123,test,3,34,E:\桌面\v-Net\dataset\25地下室\3\34_0.0000.jpg,0.0,0.54,411.0226745605469,640,480,ok,0.056894195079803464,1.0,259,320.0,121.24535369873047,555.1669311523438,338.2061424255371,433.9215774536133,,2,"[94, 149]","[536, 573]","[[94, 149], [536, 573]]",
124,test,3,35,E:\桌面\v-Net\dataset\25地下室\3\35_0.0000.jpg,0.0,0.54,411.0226745605469,640,480,ok,0.08226290941238404,1.0,259,320.0,123.76996612548828,568.8782958984375,346.3241310119629,445.1083297729492,,2,"[94, 153]","[549, 590]","[[94, 153], [549, 590]]",
125,test,3,36,E:\桌面\v-Net\dataset\25地下室\3\36_0.0000.jpg,0.0,0.54,411.0226745605469,640,480,ok,0.0985765814781189,1.0,259,320.0,125.23970794677734,577.8493041992188,351.54450607299805,452.6095962524414,,2,"[95, 154]","[555, 603]","[[95, 154], [555, 603]]",
126,test,3,37,E:\桌面\v-Net\dataset\25地下室\3\37_0.0000.jpg,0.0,0.54,411.0226745605469,640,480,ok,0.14889941215515137,1.0,259,320.0,132.11679077148438,603.1788330078125,367.64781188964844,471.0620422363281,,2,"[102, 161]","[573, 639]","[[102, 161], [573, 639]]",
127,test,3,38,E:\桌面\v-Net\dataset\25地下室\3\38_0.0000.jpg,0.0,0.54,411.0226745605469,640,480,ok,0.1712254047393799,1.0,259,320.0,135.88455200195312,613.69970703125,374.79212951660156,477.8151550292969,,2,"[105, 166]","[583, 639]","[[105, 166], [583, 639]]",
128,test,3,39,E:\桌面\v-Net\dataset\25地下室\3\39_0.0000.jpg,0.0,0.54,411.0226745605469,640,480,ok,0.2101815700531006,1.0,259,320.0,145.81552124023438,628.70068359375,387.2581024169922,482.8851623535156,,2,"[115, 176]","[614, 639]","[[115, 176], [614, 639]]",
129,test,3,40,E:\桌面\v-Net\dataset\25地下室\3\40_0.0000.jpg,0.0,0.54,411.0226745605469,640,480,inferred_missing_right,0.11678357124328613,0.6,259,320.0,151.85940551757812,562.882080078125,357.37074279785156,411.0226745605469,411.0226745605469,1,,,"[[120, 183]]",
130,test,3,41,E:\桌面\v-Net\dataset\25地下室\3\41_0.0000.jpg,0.0,0.54,411.0226745605469,640,480,inferred_missing_right,0.15796847343444825,0.6,259,320.0,165.03857421875,576.0612487792969,370.54991149902344,411.0226745605469,411.0226745605469,1,,,"[[133, 196]]",
131,test,3,42,E:\桌面\v-Net\dataset\25地下室\3\42_0.0000.jpg,0.0,0.54,411.0226745605469,640,480,inferred_missing_right,0.1805860996246338,0.6,259,320.0,172.27621459960938,583.2988891601562,377.7875518798828,411.0226745605469,411.0226745605469,1,,,"[[142, 201]]",
132,test,3,43,E:\桌面\v-Net\dataset\25地下室\3\43_0.0000.jpg,0.0,0.54,411.0226745605469,640,480,inferred_missing_right,0.1979687213897705,0.6,259,320.0,177.83865356445312,588.861328125,383.34999084472656,411.0226745605469,411.0226745605469,1,,,"[[149, 206]]",
133,test,3,44,E:\桌面\v-Net\dataset\25地下室\3\44_0.0000.jpg,0.0,0.54,411.0226745605469,640,480,inferred_missing_right,0.2208991527557373,0.6,259,320.0,185.1763916015625,596.1990661621094,390.68772888183594,411.0226745605469,411.0226745605469,1,,,"[[152, 227]]",
134,test,3,45,E:\桌面\v-Net\dataset\25地下室\3\45_0.0000.jpg,0.0,0.54,411.0226745605469,640,480,inferred_missing_right,0.269901180267334,0.6,259,320.0,200.85704040527344,611.8797149658203,406.3683776855469,411.0226745605469,411.0226745605469,1,,,"[[156, 239]]",
135,test,3,46,E:\桌面\v-Net\dataset\25地下室\3\46_0.0000.jpg,0.0,0.54,411.0226745605469,640,480,inferred_missing_right,0.30675134658813474,0.6,259,320.0,212.6490936279297,623.6717681884766,418.1604309082031,411.0226745605469,411.0226745605469,1,,,"[[178, 247]]",
136,test,3,47,E:\桌面\v-Net\dataset\25地下室\3\47_0.0000.jpg,0.0,0.54,411.0226745605469,640,480,inferred_missing_right,0.3572298526763916,0.6,259,320.0,229.62710571289062,639.0,434.3135528564453,409.3728942871094,411.0226745605469,1,,,"[[191, 269]]",
137,test,3,48,E:\桌面\v-Net\dataset\25地下室\3\48_0.0000.jpg,0.0,0.54,411.0226745605469,640,480,inferred_missing_right,0.3759417772293091,0.6,259,320.0,241.6027374267578,639.0,440.3013687133789,397.3972625732422,411.0226745605469,1,,,"[[201, 281]]",
138,test,3,49,E:\桌面\v-Net\dataset\25地下室\3\49_0.0000.jpg,0.0,0.54,411.0226745605469,640,480,inferred_missing_right,0.4202280044555664,0.6,259,320.0,269.9459228515625,639.0,454.47296142578125,369.0540771484375,411.0226745605469,1,,,"[[232, 307]]",
139,test,3,50,E:\桌面\v-Net\dataset\25地下室\3\50_0.0000.jpg,0.0,0.54,411.0226745605469,640,480,inferred_missing_right,0.4354520797729492,0.6,259,320.0,279.6893310546875,639.0,459.34466552734375,359.3106689453125,411.0226745605469,1,,,"[[242, 317]]",
140,test,3,51,E:\桌面\v-Net\dataset\25地下室\3\51_0.0000.jpg,0.0,0.54,411.0226745605469,640,480,inferred_missing_right,0.4835773468017578,0.6,259,320.0,310.489501953125,639.0,474.7447509765625,328.510498046875,411.0226745605469,1,,,"[[269, 355]]",
141,test,3,52,E:\桌面\v-Net\dataset\25地下室\3\52_0.0000.jpg,0.0,0.54,411.0226745605469,640,480,inferred_missing_left,-0.49269790649414064,0.6,259,320.0,0.0,324.67333984375,162.336669921875,324.67333984375,411.0226745605469,1,,,"[[280, 371]]",
142,test,3,53,E:\桌面\v-Net\dataset\25地下室\3\53_-1.5610.jpg,-1.561,0.54,411.0226745605469,640,480,inferred_missing_left,-0.440826940536499,0.6,259,320.0,0.0,357.8707580566406,178.9353790283203,357.8707580566406,411.0226745605469,1,,,"[[309, 408]]",
143,test,3,54,E:\桌面\v-Net\dataset\25地下室\3\54_-1.5610.jpg,-1.561,0.54,411.0226745605469,640,480,inferred_missing_left,-0.43294658660888674,0.6,259,320.0,0.0,362.9141845703125,181.45709228515625,362.9141845703125,411.0226745605469,1,,,"[[314, 412]]",
144,test,3,55,E:\桌面\v-Net\dataset\25地下室\3\55_-1.5610.jpg,-1.561,0.54,411.0226745605469,640,480,inferred_missing_left,-0.41250834465026853,0.6,259,320.0,0.0,375.9946594238281,187.99732971191406,375.9946594238281,411.0226745605469,1,,,"[[328, 426]]",
145,test,3,56,E:\桌面\v-Net\dataset\25地下室\3\56_-1.5610.jpg,-1.561,0.54,411.0226745605469,640,480,inferred_missing_left,-0.41178526878356936,0.6,259,320.0,0.0,376.4574279785156,188.2287139892578,376.4574279785156,411.0226745605469,1,,,"[[329, 426]]",
146,test,3,57,E:\桌面\v-Net\dataset\25地下室\3\57_-1.5610.jpg,-1.561,0.54,411.0226745605469,640,480,inferred_missing_left,-0.40990233421325684,0.6,259,320.0,0.0,377.6625061035156,188.8312530517578,377.6625061035156,411.0226745605469,1,,,"[[331, 425]]",
147,test,3,58,E:\桌面\v-Net\dataset\25地下室\3\58_-1.5610.jpg,-1.561,0.54,411.0226745605469,640,480,inferred_missing_left,-0.4140175819396973,0.6,259,320.0,0.0,375.02874755859375,187.51437377929688,375.02874755859375,411.0226745605469,1,,,"[[329, 422]]",
148,test,3,59,E:\桌面\v-Net\dataset\25地下室\3\59_-1.5610.jpg,-1.561,0.54,411.0226745605469,640,480,ok,-0.2845548391342163,1.0,259,320.0,73.97975158691406,383.9051513671875,228.94245147705078,309.92539978027344,,2,"[0, 173]","[338, 432]","[[0, 173], [338, 432]]",
149,test,3,60,E:\桌面\v-Net\dataset\25地下室\3\60_-1.5610.jpg,-1.561,0.54,411.0226745605469,640,480,ok,-0.29853482246398927,1.0,259,320.0,76.15414428710938,372.7835693359375,224.46885681152344,296.6294250488281,,2,"[0, 182]","[327, 421]","[[0, 182], [327, 421]]",
150,test,3,61,E:\桌面\v-Net\dataset\25地下室\3\61_-1.5610.jpg,-1.561,0.54,411.0226745605469,640,480,ok,-0.1706608295440674,1.0,259,320.0,153.86746215820312,376.90960693359375,265.38853454589844,223.04214477539062,,2,"[36, 268]","[330, 426]","[[36, 268], [330, 426]]",
151,test,3,62,E:\桌面\v-Net\dataset\25地下室\3\62_-1.5610.jpg,-1.561,0.54,411.0226745605469,640,480,ok,-0.12625105381011964,1.0,259,320.0,182.4188690185547,376.78045654296875,279.5996627807617,194.36158752441406,,2,"[80, 283]","[328, 423]","[[80, 283], [328, 423]]",
152,test,3,63,E:\桌面\v-Net\dataset\25地下室\3\63_-1.5610.jpg,-1.561,0.54,411.0226745605469,640,480,ok,-0.061595797538757324,1.0,259,320.0,225.33616638183594,375.2425231933594,300.28934478759766,149.90635681152344,,2,"[139, 303]","[334, 418]","[[139, 303], [334, 418]]",
153,test,3,64,E:\桌面\v-Net\dataset\25地下室\3\64_-1.5610.jpg,-1.561,0.54,411.0226745605469,640,480,ok,-0.02028489112854004,1.0,259,320.0,251.2840576171875,375.7336120605469,313.5088348388672,124.44955444335938,,2,"[178, 323]","[329, 421]","[[178, 323], [329, 421]]",
154,test,3,65,E:\桌面\v-Net\dataset\25地下室\3\65_-1.5610.jpg,-1.561,0.54,411.0226745605469,640,480,inferred_missing_right,0.4908799171447754,0.6,259,320.0,315.16314697265625,639.0,477.0815734863281,323.83685302734375,411.0226745605469,1,,,"[[207, 410]]",
155,test,3,66,E:\桌面\v-Net\dataset\25地下室\3\66_-1.5610.jpg,-1.561,0.54,411.0226745605469,640,480,inferred_missing_left,-0.4978006362915039,0.6,259,320.0,0.0,321.4075927734375,160.70379638671875,321.4075927734375,411.0226745605469,1,,,"[[225, 407]]",
156,test,3,67,E:\桌面\v-Net\dataset\25地下室\3\67_-1.5610.jpg,-1.561,0.54,411.0226745605469,640,480,inferred_missing_left,-0.4873985290527344,0.6,259,320.0,0.0,328.06494140625,164.032470703125,328.06494140625,411.0226745605469,1,,,"[[247, 398]]",
157,test,3,68,E:\桌面\v-Net\dataset\25地下室\3\68_-1.5610.jpg,-1.561,0.54,411.0226745605469,640,480,inferred_missing_left,-0.48755130767822263,0.6,259,320.0,0.0,327.9671630859375,163.98358154296875,327.9671630859375,411.0226745605469,1,,,"[[250, 395]]",
158,test,3,69,E:\桌面\v-Net\dataset\25地下室\3\69_-1.5610.jpg,-1.561,0.54,411.0226745605469,640,480,inferred_missing_left,-0.49247078895568847,0.6,259,320.0,0.0,324.8186950683594,162.4093475341797,324.8186950683594,411.0226745605469,1,,,"[[257, 388]]",
159,test,3,70,E:\桌面\v-Net\dataset\25地下室\3\70_-1.5610.jpg,-1.561,0.54,411.0226745605469,640,480,inferred_missing_left,-0.4991591453552246,0.6,259,320.0,0.0,320.53814697265625,160.26907348632812,320.53814697265625,411.0226745605469,1,,,"[[257, 382]]",
160,test,3,71,E:\桌面\v-Net\dataset\25地下室\3\71_-1.5610.jpg,-1.561,0.54,411.0226745605469,640,480,inferred_missing_right,0.49344635009765625,0.6,259,320.0,316.8056640625,639.0,477.90283203125,322.1943359375,411.0226745605469,1,,,"[[255, 378]]",
161,test,3,72,E:\桌面\v-Net\dataset\25地下室\3\72_-1.5610.jpg,-1.561,0.54,411.0226745605469,640,480,inferred_missing_right,0.48968801498413084,0.6,259,320.0,314.40032958984375,639.0,476.7001647949219,324.59967041015625,411.0226745605469,1,,,"[[256, 374]]",
162,test,3,73,E:\桌面\v-Net\dataset\25地下室\3\73_-1.5610.jpg,-1.561,0.54,411.0226745605469,640,480,insufficient_yellow_edges,,0.0,259,320.0,,,,,,2,,,"[[204, 214], [247, 369]]",
163,test,3,74,E:\桌面\v-Net\dataset\25地下室\3\74_-1.5610.jpg,-1.561,0.54,411.0226745605469,640,480,insufficient_yellow_edges,,0.0,259,320.0,,,,,,2,,,"[[161, 201], [222, 367]]",
164,test,3,75,E:\桌面\v-Net\dataset\25地下室\3\75_-1.5610.jpg,-1.561,0.54,411.0226745605469,640,480,insufficient_yellow_edges,,0.0,259,320.0,,,,,,3,,,"[[98, 172], [189, 199], [239, 362]]",
165,test,3,76,E:\桌面\v-Net\dataset\25地下室\3\76_-1.5610.jpg,-1.561,0.54,411.0226745605469,640,480,insufficient_yellow_edges,,0.0,259,320.0,,,,,,2,,,"[[76, 142], [234, 364]]",
166,test,3,77,E:\桌面\v-Net\dataset\25地下室\3\77_-1.5610.jpg,-1.561,0.54,411.0226745605469,640,480,inferred_missing_right,0.4421433925628662,0.6,259,320.0,283.9717712402344,639.0,461.4858856201172,355.0282287597656,411.0226745605469,1,,,"[[219, 359]]",
167,test,3,78,E:\桌面\v-Net\dataset\25地下室\3\78_-1.5610.jpg,-1.561,0.54,411.0226745605469,640,480,inferred_missing_right,0.4357940673828125,0.6,259,320.0,279.908203125,639.0,459.4541015625,359.091796875,411.0226745605469,1,,,"[[211, 357]]",
168,test,3,79,E:\桌面\v-Net\dataset\25地下室\3\79_-1.5610.jpg,-1.561,0.54,411.0226745605469,640,480,insufficient_yellow_edges,,0.0,259,320.0,,,,,,2,,,"[[184, 248], [279, 347]]",
169,test,3,80,E:\桌面\v-Net\dataset\25地下室\3\80_-1.4000.jpg,-1.4,0.54,411.0226745605469,640,480,insufficient_yellow_edges,,0.0,259,320.0,,,,,,2,,,"[[160, 222], [269, 337]]",
170,test,3,81,E:\桌面\v-Net\dataset\25地下室\3\81_-1.4000.jpg,-1.4,0.54,411.0226745605469,640,480,insufficient_yellow_edges,,0.0,259,320.0,,,,,,2,,,"[[148, 212], [267, 334]]",
171,test,3,82,E:\桌面\v-Net\dataset\25地下室\3\82_-1.4000.jpg,-1.4,0.54,411.0226745605469,640,480,insufficient_yellow_edges,,0.0,259,320.0,,,,,,2,,,"[[123, 186], [260, 325]]",
172,test,3,83,E:\桌面\v-Net\dataset\25地下室\3\83_-1.4000.jpg,-1.4,0.54,411.0226745605469,640,480,insufficient_yellow_edges,,0.0,259,320.0,,,,,,2,,,"[[101, 161], [253, 318]]",
173,test,3,84,E:\桌面\v-Net\dataset\25地下室\3\84_-1.4000.jpg,-1.4,0.54,411.0226745605469,640,480,insufficient_yellow_edges,,0.0,259,320.0,,,,,,2,,,"[[73, 132], [247, 311]]",
174,test,3,85,E:\桌面\v-Net\dataset\25地下室\3\85_-1.4000.jpg,-1.4,0.54,411.0226745605469,640,480,insufficient_yellow_edges,,0.0,259,320.0,,,,,,2,,,"[[61, 116], [241, 308]]",
175,test,3,86,E:\桌面\v-Net\dataset\25地下室\3\86_-1.4000.jpg,-1.4,0.54,411.0226745605469,640,480,insufficient_yellow_edges,,0.0,259,320.0,,,,,,2,,,"[[23, 84], [236, 305]]",
176,test,3,87,E:\桌面\v-Net\dataset\25地下室\3\87_-1.4000.jpg,-1.4,0.54,411.0226745605469,640,480,insufficient_yellow_edges,,0.0,259,320.0,,,,,,2,,,"[[0, 50], [235, 303]]",
177,test,3,88,E:\桌面\v-Net\dataset\25地下室\3\88_-1.4000.jpg,-1.4,0.54,411.0226745605469,640,480,insufficient_yellow_edges,,0.0,259,320.0,,,,,,2,,,"[[0, 10], [230, 298]]",
178,test,3,89,E:\桌面\v-Net\dataset\25地下室\3\89_-1.4000.jpg,-1.4,0.54,411.0226745605469,640,480,inferred_missing_right,0.4027854442596436,0.6,259,320.0,258.7826843261719,639.0,448.89134216308594,380.2173156738281,411.0226745605469,1,,,"[[226, 292]]",
179,test,3,90,E:\桌面\v-Net\dataset\25地下室\3\90_-1.4000.jpg,-1.4,0.54,411.0226745605469,640,480,inferred_missing_right,0.3980457067489624,0.6,259,320.0,255.74925231933594,639.0,447.37462615966797,383.25074768066406,411.0226745605469,1,,,"[[223, 288]]",
180,test,3,91,E:\桌面\v-Net\dataset\25地下室\3\91_-1.4000.jpg,-1.4,0.54,411.0226745605469,640,480,inferred_missing_right,0.3889618396759033,0.6,259,320.0,249.93557739257812,639.0,444.46778869628906,389.0644226074219,411.0226745605469,1,,,"[[217, 283]]",
181,test,3,92,E:\桌面\v-Net\dataset\25地下室\3\92_-1.4000.jpg,-1.4,0.54,411.0226745605469,640,480,inferred_missing_right,0.3864221811294556,0.6,259,320.0,248.31019592285156,639.0,443.6550979614258,390.68980407714844,411.0226745605469,1,,,"[[216, 281]]",
182,test,3,93,E:\桌面\v-Net\dataset\25地下室\3\93_-1.4000.jpg,-1.4,0.54,411.0226745605469,640,480,inferred_missing_right,0.37619729042053224,0.6,259,320.0,241.76626586914062,639.0,440.3831329345703,397.2337341308594,411.0226745605469,1,,,"[[209, 275]]",
183,test,3,94,E:\桌面\v-Net\dataset\25地下室\3\94_-1.4000.jpg,-1.4,0.54,411.0226745605469,640,480,inferred_missing_right,0.37043817043304444,0.6,259,320.0,238.08042907714844,639.0,438.5402145385742,400.91957092285156,411.0226745605469,1,,,"[[205, 273]]",
184,test,3,95,E:\桌面\v-Net\dataset\25地下室\3\95_-1.4000.jpg,-1.4,0.54,411.0226745605469,640,480,inferred_missing_right,0.3604902744293213,0.6,259,320.0,231.71377563476562,639.0,435.3568878173828,407.2862243652344,411.0226745605469,1,,,"[[194, 267]]",
185,test,3,96,E:\桌面\v-Net\dataset\25地下室\3\96_-1.4000.jpg,-1.4,0.54,411.0226745605469,640,480,inferred_missing_right,0.3587998390197754,0.6,259,320.0,230.63189697265625,639.0,434.8159484863281,408.36810302734375,411.0226745605469,1,,,"[[196, 265]]",
186,test,3,97,E:\桌面\v-Net\dataset\25地下室\3\97_-1.4000.jpg,-1.4,0.54,411.0226745605469,640,480,inferred_missing_right,0.34220151901245116,0.6,259,320.0,223.99314880371094,635.0158233642578,429.5044860839844,411.0226745605469,411.0226745605469,1,,,"[[191, 257]]",
187,test,3,98,E:\桌面\v-Net\dataset\25地下室\3\98_-1.4000.jpg,-1.4,0.54,411.0226745605469,640,480,inferred_missing_right,0.3343937873840332,0.6,259,320.0,221.4946746826172,632.5173492431641,427.0060119628906,411.0226745605469,411.0226745605469,1,,,"[[189, 255]]",
188,test,3,99,E:\桌面\v-Net\dataset\25地下室\3\99_-1.4000.jpg,-1.4,0.54,411.0226745605469,640,480,inferred_missing_right,0.3130213260650635,0.6,259,320.0,214.65548706054688,625.6781616210938,420.1668243408203,411.0226745605469,411.0226745605469,1,,,"[[181, 248]]",
189,test,3,100,E:\桌面\v-Net\dataset\25地下室\3\100_-1.4000.jpg,-1.4,0.54,411.0226745605469,640,480,inferred_missing_right,0.3046761989593506,0.6,259,320.0,211.98504638671875,623.0077209472656,417.4963836669922,411.0226745605469,411.0226745605469,1,,,"[[177, 247]]",
190,test,3,101,E:\桌面\v-Net\dataset\25地下室\3\101_-1.4000.jpg,-1.4,0.54,411.0226745605469,640,480,inferred_missing_right,0.2816880702972412,0.6,259,320.0,204.62884521484375,615.6515197753906,410.1401824951172,411.0226745605469,411.0226745605469,1,,,"[[171, 239]]",
191,test,3,102,E:\桌面\v-Net\dataset\25地下室\3\102_-1.4000.jpg,-1.4,0.54,411.0226745605469,640,480,inferred_missing_right,0.271424674987793,0.6,259,320.0,201.3445587158203,612.3672332763672,406.85589599609375,411.0226745605469,411.0226745605469,1,,,"[[166, 237]]",
192,test,3,103,E:\桌面\v-Net\dataset\25地下室\3\103_-1.4000.jpg,-1.4,0.54,411.0226745605469,640,480,inferred_missing_right,0.2537353992462158,0.6,259,320.0,195.68399047851562,606.7066650390625,401.19532775878906,411.0226745605469,411.0226745605469,1,,,"[[158, 233]]",
193,test,3,104,E:\桌面\v-Net\dataset\25地下室\3\104_-1.4000.jpg,-1.4,0.54,411.0226745605469,640,480,inferred_missing_right,0.2577626705169678,0.6,259,320.0,196.97271728515625,607.9953918457031,402.4840545654297,411.0226745605469,411.0226745605469,1,,,"[[161, 232]]",
194,test,3,105,E:\桌面\v-Net\dataset\25地下室\3\105_-1.4000.jpg,-1.4,0.54,411.0226745605469,640,480,inferred_missing_right,0.23732347488403321,0.6,259,320.0,190.4321746826172,601.4548492431641,395.9435119628906,411.0226745605469,411.0226745605469,1,,,"[[156, 223]]",
195,test,3,106,E:\桌面\v-Net\dataset\25地下室\3\106_-1.4000.jpg,-1.4,0.54,411.0226745605469,640,480,inferred_missing_right,0.21934084892272948,0.6,259,320.0,184.677734375,595.7004089355469,390.18907165527344,411.0226745605469,411.0226745605469,1,,,"[[152, 220]]",
196,test,3,107,E:\桌面\v-Net\dataset\25地下室\3\107_-1.4000.jpg,-1.4,0.54,411.0226745605469,640,480,inferred_missing_right,0.21526532173156737,0.6,259,320.0,183.37356567382812,594.396240234375,388.88490295410156,411.0226745605469,411.0226745605469,1,,,"[[147, 220]]",
197,test,3,108,E:\桌面\v-Net\dataset\25地下室\3\108_-1.4000.jpg,-1.4,0.54,411.0226745605469,640,480,inferred_missing_right,0.21226897239685058,0.6,259,320.0,182.41473388671875,593.4374084472656,387.9260711669922,411.0226745605469,411.0226745605469,1,,,"[[147, 218]]",
198,test,3,109,E:\桌面\v-Net\dataset\25地下室\3\109_-1.4000.jpg,-1.4,0.54,411.0226745605469,640,480,inferred_missing_right,0.20030598640441893,0.6,259,320.0,178.58657836914062,589.6092529296875,384.09791564941406,411.0226745605469,411.0226745605469,1,,,"[[142, 216]]",
199,test,3,110,E:\桌面\v-Net\dataset\25地下室\3\110_-1.4000.jpg,-1.4,0.54,411.0226745605469,640,480,inferred_missing_right,0.20774316787719727,0.6,259,320.0,180.9664764404297,591.9891510009766,386.4778137207031,411.0226745605469,411.0226745605469,1,,,"[[143, 218]]",
200,test,3,111,E:\桌面\v-Net\dataset\25地下室\3\111_-1.4000.jpg,-1.4,0.54,411.0226745605469,640,480,inferred_missing_right,0.19379138946533203,0.6,259,320.0,176.5019073486328,587.5245819091797,382.01324462890625,411.0226745605469,411.0226745605469,1,,,"[[141, 212]]",
201,test,3,112,E:\桌面\v-Net\dataset\25地下室\3\112_-1.4000.jpg,-1.4,0.54,411.0226745605469,640,480,inferred_missing_right,0.19308223724365234,0.6,259,320.0,176.2749786376953,587.2976531982422,381.78631591796875,411.0226745605469,411.0226745605469,1,,,"[[140, 213]]",
202,test,3,113,E:\桌面\v-Net\dataset\25地下室\3\113_-1.4000.jpg,-1.4,0.54,411.0226745605469,640,480,inferred_missing_right,0.1788247585296631,0.6,259,320.0,171.71258544921875,582.7352600097656,377.2239227294922,411.0226745605469,411.0226745605469,1,,,"[[136, 207]]",
203,test,3,114,E:\桌面\v-Net\dataset\25地下室\3\114_-1.4000.jpg,-1.4,0.54,411.0226745605469,640,480,inferred_missing_right,0.1748408317565918,0.6,259,320.0,170.43772888183594,581.4604034423828,375.9490661621094,411.0226745605469,411.0226745605469,1,,,"[[133, 208]]",
204,test,3,115,E:\桌面\v-Net\dataset\25地下室\3\115_-1.4000.jpg,-1.4,0.54,411.0226745605469,640,480,inferred_missing_right,0.17281684875488282,0.6,259,320.0,169.79005432128906,580.8127288818359,375.3013916015625,411.0226745605469,411.0226745605469,1,,,"[[133, 206]]",
205,test,3,116,E:\桌面\v-Net\dataset\25地下室\3\116_-1.4000.jpg,-1.4,0.54,411.0226745605469,640,480,inferred_missing_right,0.16461501121520997,0.6,259,320.0,167.16546630859375,578.1881408691406,372.6768035888672,411.0226745605469,411.0226745605469,1,,,"[[132, 203]]",
206,test,3,117,E:\桌面\v-Net\dataset\25地下室\3\117_-1.4000.jpg,-1.4,0.54,411.0226745605469,640,480,inferred_missing_right,0.15543365478515625,0.6,259,320.0,164.22743225097656,575.2501068115234,369.73876953125,411.0226745605469,411.0226745605469,1,,,"[[128, 201]]",
207,test,3,118,E:\桌面\v-Net\dataset\25地下室\3\118_-1.4000.jpg,-1.4,0.54,411.0226745605469,640,480,inferred_missing_right,0.14754714965820312,0.6,259,320.0,161.70375061035156,572.7264251708984,367.215087890625,411.0226745605469,411.0226745605469,1,,,"[[122, 201]]",
208,test,3,119,E:\桌面\v-Net\dataset\25地下室\3\119_-1.4000.jpg,-1.4,0.54,411.0226745605469,640,480,inferred_missing_right,0.14200220108032227,0.6,259,320.0,159.9293670654297,570.9520416259766,365.4407043457031,411.0226745605469,411.0226745605469,1,,,"[[121, 199]]",
209,test,3,120,E:\桌面\v-Net\dataset\25地下室\3\120_-1.4000.jpg,-1.4,0.54,411.0226745605469,640,480,inferred_missing_right,0.1591320037841797,0.6,259,320.0,165.41090393066406,576.4335784912109,370.9222412109375,411.0226745605469,411.0226745605469,1,,,"[[128, 202]]",
210,test,3,121,E:\桌面\v-Net\dataset\25地下室\3\121_-1.4000.jpg,-1.4,0.54,411.0226745605469,640,480,inferred_missing_right,0.15503954887390137,0.6,259,320.0,164.101318359375,575.1239929199219,369.61265563964844,411.0226745605469,411.0226745605469,1,,,"[[126, 202]]",
211,test,3,122,E:\桌面\v-Net\dataset\25地下室\3\122_-1.4000.jpg,-1.4,0.54,411.0226745605469,640,480,insufficient_yellow_edges,,0.0,259,320.0,,,,,,2,,,"[[0, 75], [130, 199]]",
212,test,3,123,E:\桌面\v-Net\dataset\25地下室\3\123_-1.4000.jpg,-1.4,0.54,411.0226745605469,640,480,inferred_missing_right,-0.06118459701538086,0.6,259,320.0,94.90959167480469,505.93226623535156,300.4209289550781,411.0226745605469,411.0226745605469,1,,,"[[0, 199]]",
213,test,3,124,E:\桌面\v-Net\dataset\25地下室\3\124_-1.4000.jpg,-1.4,0.54,411.0226745605469,640,480,inferred_missing_right,0.0256439208984375,0.6,259,320.0,122.69471740722656,533.7173919677734,328.2060546875,411.0226745605469,411.0226745605469,1,,,"[[26, 209]]",
214,test,3,125,E:\桌面\v-Net\dataset\25地下室\3\125_0.0000.jpg,0.0,0.54,411.0226745605469,640,480,ok,0.21474449634552,1.0,259,320.0,146.2550811767578,631.181396484375,388.7182388305664,484.9263153076172,,2,"[70, 215]","[621, 639]","[[70, 215], [621, 639]]",
215,test,3,126,E:\桌面\v-Net\dataset\25地下室\3\126_-1.4600.jpg,-1.46,0.54,411.0226745605469,640,480,ok,0.22832856178283692,1.0,259,320.0,160.19265747070312,625.9376220703125,393.0651397705078,465.7449645996094,,2,"[90, 225]","[607, 639]","[[90, 225], [607, 639]]",
216,test,3,127,E:\桌面\v-Net\dataset\25地下室\3\127_-1.4600.jpg,-1.46,0.54,411.0226745605469,640,480,ok,0.25515973567962646,1.0,259,320.0,183.95274353027344,619.3494873046875,401.65111541748047,435.39674377441406,,2,"[122, 243]","[596, 639]","[[122, 243], [596, 639]]",
217,test,3,128,E:\桌面\v-Net\dataset\25地下室\3\128_-1.4600.jpg,-1.46,0.54,411.0226745605469,640,480,ok,0.260577654838562,1.0,259,320.0,193.0321502685547,613.737548828125,403.38484954833984,420.7053985595703,,2,"[133, 250]","[587, 639]","[[133, 250], [587, 639]]",
218,test,3,129,E:\桌面\v-Net\dataset\25地下室\3\129_-1.4600.jpg,-1.46,0.54,411.0226745605469,640,480,ok,0.25186116695404054,1.0,259,320.0,208.0546112060547,593.1365356445312,400.59557342529297,385.08192443847656,,2,"[160, 254]","[569, 623]","[[160, 254], [569, 623]]",
219,test,3,130,E:\桌面\v-Net\dataset\25地下室\3\130_-1.4600.jpg,-1.46,0.54,411.0226745605469,640,480,ok,0.08691928386688233,1.0,259,320.0,217.6356964111328,477.9926452636719,347.81417083740234,260.35694885253906,,3,"[174, 260]","[454, 498]","[[174, 260], [454, 498], [543, 572]]",
220,test,3,131,E:\桌面\v-Net\dataset\25地下室\3\131_-1.4600.jpg,-1.46,0.54,411.0226745605469,640,480,ok,0.16923875808715821,1.0,259,320.0,309.20257568359375,439.1102294921875,374.1564025878906,129.90765380859375,,3,"[257, 360]","[409, 469]","[[181, 230], [257, 360], [409, 469]]",
221,test,3,132,E:\桌面\v-Net\dataset\25地下室\3\132_-1.4600.jpg,-1.46,0.54,411.0226745605469,640,480,ok,0.0832819938659668,1.0,259,320.0,277.77252197265625,415.5279541015625,346.6502380371094,137.75543212890625,,2,"[207, 341]","[386, 449]","[[207, 341], [386, 449]]",
222,test,3,133,E:\桌面\v-Net\dataset\25地下室\3\133_-1.4600.jpg,-1.46,0.54,411.0226745605469,640,480,insufficient_yellow_edges,,0.0,259,320.0,,,,,,2,,,"[[170, 227], [303, 312]]",
223,test,3,134,E:\桌面\v-Net\dataset\25地下室\3\134_-1.4600.jpg,-1.46,0.54,411.0226745605469,640,480,ok,0.2572396039962769,1.0,259,320.0,171.90098571777344,632.7323608398438,402.3166732788086,460.8313751220703,,2,"[166, 178]","[625, 639]","[[166, 178], [625, 639]]",
224,test,3,135,E:\桌面\v-Net\dataset\25地下室\3\135_-1.4600.jpg,-1.46,0.54,411.0226745605469,640,480,ok,0.26103782653808594,1.0,259,320.0,184.0386962890625,623.0255126953125,403.5321044921875,438.98681640625,,2,"[159, 210]","[606, 639]","[[159, 210], [606, 639]]",
225,test,3,136,E:\桌面\v-Net\dataset\25地下室\3\136_-1.4600.jpg,-1.46,0.54,411.0226745605469,640,480,ok,0.19906089305877686,1.0,259,320.0,160.30247497558594,607.0964965820312,383.6994857788086,446.7940216064453,,2,"[138, 181]","[587, 629]","[[138, 181], [587, 629]]",
226,test,3,137,E:\桌面\v-Net\dataset\25地下室\3\137_-1.4600.jpg,-1.46,0.54,411.0226745605469,640,480,ok,0.17762203216552735,1.0,259,320.0,165.1865234375,588.4915771484375,376.83905029296875,423.3050537109375,,2,"[146, 186]","[570, 609]","[[146, 186], [570, 609]]",
227,test,3,138,E:\桌面\v-Net\dataset\25地下室\3\138_-1.4600.jpg,-1.46,0.54,411.0226745605469,640,480,ok,0.09883897304534912,1.0,259,320.0,137.03086853027344,566.22607421875,351.6284713745117,429.19520568847656,,2,"[108, 165]","[551, 583]","[[108, 165], [551, 583]]",
228,test,3,139,E:\桌面\v-Net\dataset\25地下室\3\139_0.0000.jpg,0.0,0.54,411.0226745605469,640,480,ok,0.006663382053375244,1.0,259,320.0,109.1760025024414,535.0885620117188,322.1322822570801,425.91255950927734,,2,"[92, 126]","[523, 547]","[[92, 126], [523, 547]]",
229,test,3,140,E:\桌面\v-Net\dataset\25地下室\3\140_0.0000.jpg,0.0,0.54,411.0226745605469,640,480,ok,0.0058945298194885256,1.0,259,320.0,117.62039947509766,526.152099609375,321.8862495422363,408.53170013427734,,2,"[101, 134]","[509, 543]","[[101, 134], [509, 543]]",
230,test,3,141,E:\桌面\v-Net\dataset\25地下室\3\141_0.0000.jpg,0.0,0.54,411.0226745605469,640,480,ok,-0.00575484037399292,1.0,259,320.0,108.22974395751953,528.087158203125,318.15845108032227,419.85741424560547,,2,"[85, 133]","[506, 551]","[[85, 133], [506, 551]]",
231,test,3,142,E:\桌面\v-Net\dataset\25地下室\3\142_0.0000.jpg,0.0,0.54,411.0226745605469,640,480,ok,-0.0072309613227844235,1.0,259,320.0,104.94396209716797,530.42822265625,317.686092376709,425.48426055908203,,2,"[80, 129]","[510, 551]","[[80, 129], [510, 551]]",
232,test,3,143,E:\桌面\v-Net\dataset\25地下室\3\143_0.0000.jpg,0.0,0.54,411.0226745605469,640,480,ok,-0.009914600849151611,1.0,259,320.0,100.63945770263672,533.0151977539062,316.8273277282715,432.37574005126953,,3,"[82, 118]","[519, 550]","[[0, 27], [82, 118], [519, 550]]",
233,test,3,144,E:\桌面\v-Net\dataset\25地下室\3\144_0.0000.jpg,0.0,0.54,411.0226745605469,640,480,ok,0.003142869472503662,1.0,259,320.0,121.0197982788086,520.9916381835938,321.0057182312012,399.97183990478516,,3,"[106, 136]","[505, 536]","[[0, 55], [106, 136], [505, 536]]",
234,test,3,145,E:\桌面\v-Net\dataset\25地下室\3\145_0.0000.jpg,0.0,0.54,411.0226745605469,640,480,ok,-0.07440555095672607,1.0,259,320.0,63.97895812988281,528.4014892578125,296.19022369384766,464.4225311279297,,2,"[0, 133]","[508, 549]","[[0, 133], [508, 549]]",
235,test,3,146,E:\桌面\v-Net\dataset\25地下室\3\146_0.0000.jpg,0.0,0.54,411.0226745605469,640,480,ok,0.15923538208007812,1.0,259,320.0,184.84210205078125,557.0685424804688,370.955322265625,372.2264404296875,,3,"[178, 192]","[505, 639]","[[0, 135], [178, 192], [505, 639]]",
236,test,3,147,E:\桌面\v-Net\dataset\25地下室\3\147_0.0000.jpg,0.0,0.54,411.0226745605469,640,480,ok,0.06904430389404297,1.0,259,320.0,293.37139892578125,390.81695556640625,342.09417724609375,97.445556640625,,5,"[269, 317]","[366, 415]","[[6, 131], [166, 222], [269, 317], [366, 415], [461, 639]]",
237,test,3,148,E:\桌面\v-Net\dataset\25地下室\3\148_0.0000.jpg,0.0,0.54,411.0226745605469,640,480,ok,0.06706528663635254,1.0,259,320.0,291.5945739746094,391.32720947265625,341.4608917236328,99.73263549804688,,5,"[266, 316]","[366, 418]","[[47, 129], [162, 220], [266, 316], [366, 418], [463, 639]]",
238,test,3,149,E:\桌面\v-Net\dataset\25地下室\3\149_0.0000.jpg,0.0,0.54,411.0226745605469,640,480,ok,0.0650113582611084,1.0,259,320.0,289.5634460449219,392.0438232421875,340.8036346435547,102.48037719726562,,5,"[264, 315]","[367, 419]","[[72, 121], [160, 212], [264, 315], [367, 419], [470, 551]]",
239,test,3,150,E:\桌面\v-Net\dataset\25地下室\3\150_0.0000.jpg,0.0,0.54,411.0226745605469,640,480,ok,-0.011872375011444091,1.0,259,320.0,100.15595245361328,532.2457275390625,316.2008399963379,432.0897750854492,,2,"[70, 133]","[511, 553]","[[70, 133], [511, 553]]",
240,test,3,151,E:\桌面\v-Net\dataset\25地下室\3\151_0.0000.jpg,0.0,0.54,411.0226745605469,640,480,ok,0.01360476016998291,1.0,259,320.0,111.27717590332031,537.4298706054688,324.35352325439453,426.15269470214844,,2,"[86, 136]","[517, 558]","[[86, 136], [517, 558]]",
241,test,3,152,E:\桌面\v-Net\dataset\25地下室\3\152_0.0000.jpg,0.0,0.54,411.0226745605469,640,480,ok,0.015422999858856201,1.0,259,320.0,111.72820281982422,538.1425170898438,324.935359954834,426.41431427001953,,2,"[87, 136]","[516, 562]","[[87, 136], [516, 562]]",
242,test,3,153,E:\桌面\v-Net\dataset\25地下室\3\153_0.0000.jpg,0.0,0.54,411.0226745605469,640,480,ok,0.014527213573455811,1.0,259,320.0,111.30992889404297,537.9874877929688,324.64870834350586,426.6775588989258,,2,"[87, 134]","[513, 563]","[[87, 134], [513, 563]]",
243,test,3,154,E:\桌面\v-Net\dataset\25地下室\3\154_0.0000.jpg,0.0,0.54,411.0226745605469,640,480,ok,0.014171242713928223,1.0,259,320.0,111.76161193847656,537.3079833984375,324.53479766845703,425.54637145996094,,2,"[88, 135]","[519, 556]","[[88, 135], [519, 556]]",
244,test,3,155,E:\桌面\v-Net\dataset\25地下室\3\155_0.0000.jpg,0.0,0.54,411.0226745605469,640,480,inferred_missing_right,-0.013788127899169922,0.6,259,320.0,110.07646179199219,521.0991363525391,315.5877990722656,411.0226745605469,411.0226745605469,1,,,"[[85, 133]]",
245,test,3,156,E:\桌面\v-Net\dataset\25地下室\3\156_0.0000.jpg,0.0,0.54,411.0226745605469,640,480,ok,-0.015790140628814696,1.0,259,320.0,110.56990814208984,519.3244018554688,314.9471549987793,408.7544937133789,,2,"[87, 133]","[504, 534]","[[87, 133], [504, 534]]",
246,test,3,157,E:\桌面\v-Net\dataset\25地下室\3\157_0.0000.jpg,0.0,0.54,411.0226745605469,640,480,ok,-0.008318352699279784,1.0,259,320.0,108.11619567871094,526.56005859375,317.33812713623047,418.44386291503906,,2,"[84, 131]","[507, 547]","[[84, 131], [507, 547]]",
247,test,3,158,E:\桌面\v-Net\dataset\25地下室\3\158_0.0000.jpg,0.0,0.54,411.0226745605469,640,480,ok,-0.005827915668487549,1.0,259,320.0,108.17552947998047,528.0946044921875,318.135066986084,419.91907501220703,,2,"[84, 132]","[508, 550]","[[84, 132], [508, 550]]",
248,test,3,159,E:\桌面\v-Net\dataset\25地下室\3\159_0.0000.jpg,0.0,0.54,411.0226745605469,640,480,ok,0.1053783655166626,1.0,259,320.0,173.69947814941406,533.74267578125,353.72107696533203,360.04319763183594,,3,"[166, 182]","[517, 552]","[[83, 130], [166, 182], [517, 552]]",
249,test,3,160,E:\桌面\v-Net\dataset\25地下室\3\160_0.0000.jpg,0.0,0.54,411.0226745605469,640,480,ok,0.09285597801208496,1.0,259,320.0,174.16543579101562,525.2623901367188,349.7139129638672,351.0969543457031,,3,"[161, 189]","[520, 531]","[[83, 130], [161, 189], [520, 531]]",
250,test,3,161,E:\桌面\v-Net\dataset\25地下室\3\161_0.0000.jpg,0.0,0.54,411.0226745605469,640,480,ok,0.08795254230499268,1.0,259,320.0,175.76026916503906,520.5293579101562,348.14481353759766,344.7690887451172,,3,"[156, 200]","[502, 539]","[[79, 127], [156, 200], [502, 539]]",
251,test,4,0,E:\桌面\v-Net\dataset\25地下室\4\0_0.0000.jpg,0.0,0.54,411.0226745605469,640,480,ok,0.10659723281860352,1.0,259,320.0,186.212158203125,522.0100708007812,354.1111145019531,335.79791259765625,,3,"[163, 205]","[510, 534]","[[67, 113], [163, 205], [510, 534]]",
252,test,4,1,E:\桌面\v-Net\dataset\25地下室\4\1_-1.5000.jpg,-1.5,0.54,411.0226745605469,640,480,ok,0.09034256935119629,1.0,259,320.0,190.367919921875,507.4513244628906,348.9096221923828,317.0834045410156,,3,"[181, 198]","[494, 521]","[[70, 116], [181, 198], [494, 521]]",
253,test,4,2,E:\桌面\v-Net\dataset\25地下室\4\2_-1.5000.jpg,-1.5,0.54,411.0226745605469,640,480,ok,0.17511467933654784,1.0,259,320.0,250.52499389648438,501.54840087890625,376.0366973876953,251.02340698242188,,3,"[242, 261]","[484, 520]","[[61, 106], [242, 261], [484, 520]]",
254,test,4,3,E:\桌面\v-Net\dataset\25地下室\4\3_-1.5000.jpg,-1.5,0.54,411.0226745605469,640,480,ok,0.14171650409698486,1.0,259,320.0,241.1421661376953,489.556396484375,365.34928131103516,248.4142303466797,,3,"[219, 270]","[471, 509]","[[43, 88], [219, 270], [471, 509]]",
255,test,4,4,E:\桌面\v-Net\dataset\25地下室\4\4_-1.5000.jpg,-1.5,0.54,411.0226745605469,640,480,ok,0.11962258815765381,1.0,259,320.0,235.03086853027344,481.527587890625,358.2792282104492,246.49671936035156,,3,"[207, 262]","[464, 499]","[[30, 75], [207, 262], [464, 499]]",
256,test,4,5,E:\桌面\v-Net\dataset\25地下室\4\5_-1.5000.jpg,-1.5,0.54,411.0226745605469,640,480,insufficient_yellow_edges,,0.0,259,320.0,,,,,,2,,,"[[0, 43], [205, 234]]",
257,test,4,6,E:\桌面\v-Net\dataset\25地下室\4\6_-1.5000.jpg,-1.5,0.54,411.0226745605469,640,480,ok,0.06435132026672363,1.0,259,320.0,267.2871398925781,413.897705078125,340.59242248535156,146.61056518554688,,3,"[252, 288]","[398, 431]","[[0, 13], [252, 288], [398, 431]]",
258,test,4,7,E:\桌面\v-Net\dataset\25地下室\4\7_-1.5000.jpg,-1.5,0.54,411.0226745605469,640,480,ok,-0.012143754959106445,1.0,259,320.0,245.48040771484375,386.7475891113281,316.11399841308594,141.26718139648438,,2,"[218, 268]","[366, 409]","[[218, 268], [366, 409]]",
259,test,4,8,E:\桌面\v-Net\dataset\25地下室\4\8_-1.5000.jpg,-1.5,0.54,411.0226745605469,640,480,ok,-0.04537444114685059,1.0,259,320.0,235.12445068359375,375.8359069824219,305.4801788330078,140.71145629882812,,2,"[208, 254]","[355, 398]","[[208, 254], [355, 398]]",
260,test,4,9,E:\桌面\v-Net\dataset\25地下室\4\9_-1.5000.jpg,-1.5,0.54,411.0226745605469,640,480,narrow_lane_width,,0.0,259,320.0,276.875,347.4821472167969,,70.60714721679688,,2,,,"[[262, 295], [329, 364]]",
261,test,4,10,E:\桌面\v-Net\dataset\25地下室\4\10_-1.5000.jpg,-1.5,0.54,411.0226745605469,640,480,inferred_missing_right,0.416093111038208,0.6,259,320.0,267.2995910644531,639.0,453.14979553222656,371.7004089355469,411.0226745605469,1,,,"[[244, 299]]",
262,test,4,11,E:\桌面\v-Net\dataset\25地下室\4\11_-1.5000.jpg,-1.5,0.54,411.0226745605469,640,480,inferred_missing_right,0.3985880374908447,0.6,259,320.0,256.0963439941406,639.0,447.5481719970703,382.9036560058594,411.0226745605469,1,,,"[[215, 293]]",
263,test,4,12,E:\桌面\v-Net\dataset\25地下室\4\12_-1.5000.jpg,-1.5,0.54,411.0226745605469,640,480,inferred_missing_right,0.386836838722229,0.6,259,320.0,248.57557678222656,639.0,443.7877883911133,390.42442321777344,411.0226745605469,1,,,"[[217, 278]]",
264,test,4,13,E:\桌面\v-Net\dataset\25地下室\4\13_-1.5000.jpg,-1.5,0.54,411.0226745605469,640,480,inferred_missing_right,0.3082708835601807,0.6,259,320.0,213.13534545898438,624.1580200195312,418.6466827392578,411.0226745605469,411.0226745605469,1,,,"[[181, 246]]",
265,test,4,14,E:\桌面\v-Net\dataset\25地下室\4\14_-1.5000.jpg,-1.5,0.54,411.0226745605469,640,480,inferred_missing_right,0.22990455627441406,0.6,259,320.0,188.05812072753906,599.0807952880859,393.5694580078125,411.0226745605469,411.0226745605469,1,,,"[[156, 221]]",
266,test,4,15,E:\桌面\v-Net\dataset\25地下室\4\15_-1.5000.jpg,-1.5,0.54,411.0226745605469,640,480,inferred_missing_right,0.06767144203186035,0.6,259,320.0,136.14352416992188,547.1661987304688,341.6548614501953,411.0226745605469,411.0226745605469,1,,,"[[103, 171]]",
267,test,4,16,E:\桌面\v-Net\dataset\25地下室\4\16_-1.5000.jpg,-1.5,0.54,411.0226745605469,640,480,inferred_missing_right,-0.019938945770263672,0.6,259,320.0,108.10820007324219,519.1308746337891,313.6195373535156,411.0226745605469,411.0226745605469,1,,,"[[74, 144]]",
268,test,4,17,E:\桌面\v-Net\dataset\25地下室\4\17_-1.5000.jpg,-1.5,0.54,411.0226745605469,640,480,inferred_missing_right,-0.21284914016723633,0.6,259,320.0,46.37693786621094,457.3996124267578,251.88827514648438,411.0226745605469,411.0226745605469,1,,,"[[10, 84]]",
269,test,4,18,E:\桌面\v-Net\dataset\25地下室\4\18_-1.5000.jpg,-1.5,0.54,411.0226745605469,640,480,inferred_missing_right,-0.28428745865821836,0.6,259,320.0,23.51667594909668,434.53935050964355,229.02801322937012,411.0226745605469,411.0226745605469,1,,,"[[0, 54]]",
270,test,4,19,E:\桌面\v-Net\dataset\25地下室\4\19_-1.5000.jpg,-1.5,0.54,411.0226745605469,640,480,insufficient_yellow_edges,,0.0,259,320.0,,,,,,0,,,[],
271,test,4,20,E:\桌面\v-Net\dataset\25地下室\4\20_-1.5000.jpg,-1.5,0.54,411.0226745605469,640,480,insufficient_yellow_edges,,0.0,259,320.0,,,,,,0,,,[],
272,test,4,21,E:\桌面\v-Net\dataset\25地下室\4\21_1.7400.jpg,1.74,0.54,411.0226745605469,640,480,insufficient_yellow_edges,,0.0,259,320.0,,,,,,0,,,[],
273,test,4,22,E:\桌面\v-Net\dataset\25地下室\4\22_1.7400.jpg,1.74,0.54,411.0226745605469,640,480,insufficient_yellow_edges,,0.0,259,320.0,,,,,,0,,,[],
274,test,4,23,E:\桌面\v-Net\dataset\25地下室\4\23_1.7400.jpg,1.74,0.54,411.0226745605469,640,480,insufficient_yellow_edges,,0.0,259,320.0,,,,,,0,,,[],
275,test,4,24,E:\桌面\v-Net\dataset\25地下室\4\24_1.7400.jpg,1.74,0.54,411.0226745605469,640,480,insufficient_yellow_edges,,0.0,259,320.0,,,,,,0,,,[],
276,test,4,25,E:\桌面\v-Net\dataset\25地下室\4\25_1.7400.jpg,1.74,0.54,411.0226745605469,640,480,insufficient_yellow_edges,,0.0,259,320.0,,,,,,0,,,[],
277,test,4,26,E:\桌面\v-Net\dataset\25地下室\4\26_1.7400.jpg,1.74,0.54,411.0226745605469,640,480,insufficient_yellow_edges,,0.0,259,320.0,,,,,,0,,,[],
278,test,4,27,E:\桌面\v-Net\dataset\25地下室\4\27_1.7400.jpg,1.74,0.54,411.0226745605469,640,480,insufficient_yellow_edges,,0.0,259,320.0,,,,,,0,,,[],
279,test,4,28,E:\桌面\v-Net\dataset\25地下室\4\28_1.7400.jpg,1.74,0.54,411.0226745605469,640,480,insufficient_yellow_edges,,0.0,259,320.0,,,,,,0,,,[],
280,test,4,29,E:\桌面\v-Net\dataset\25地下室\4\29_1.7400.jpg,1.74,0.54,411.0226745605469,640,480,insufficient_yellow_edges,,0.0,259,320.0,,,,,,0,,,[],
281,test,4,30,E:\桌面\v-Net\dataset\25地下室\4\30_1.7400.jpg,1.74,0.54,411.0226745605469,640,480,insufficient_yellow_edges,,0.0,259,320.0,,,,,,0,,,[],
282,test,4,31,E:\桌面\v-Net\dataset\25地下室\4\31_1.7400.jpg,1.74,0.54,411.0226745605469,640,480,insufficient_yellow_edges,,0.0,259,320.0,,,,,,0,,,[],
283,test,4,32,E:\桌面\v-Net\dataset\25地下室\4\32_1.7400.jpg,1.74,0.54,411.0226745605469,640,480,insufficient_yellow_edges,,0.0,259,320.0,,,,,,0,,,[],
284,test,4,33,E:\桌面\v-Net\dataset\25地下室\4\33_1.7400.jpg,1.74,0.54,411.0226745605469,640,480,insufficient_yellow_edges,,0.0,259,320.0,,,,,,0,,,[],
285,test,4,34,E:\桌面\v-Net\dataset\25地下室\4\34_1.7400.jpg,1.74,0.54,411.0226745605469,640,480,insufficient_yellow_edges,,0.0,259,320.0,,,,,,0,,,[],
286,test,4,35,E:\桌面\v-Net\dataset\25地下室\4\35_1.7400.jpg,1.74,0.54,411.0226745605469,640,480,insufficient_yellow_edges,,0.0,259,320.0,,,,,,0,,,[],
287,test,4,36,E:\桌面\v-Net\dataset\25地下室\4\36_1.7400.jpg,1.74,0.54,411.0226745605469,640,480,insufficient_yellow_edges,,0.0,259,320.0,,,,,,0,,,[],
288,test,4,37,E:\桌面\v-Net\dataset\25地下室\4\37_1.7400.jpg,1.74,0.54,411.0226745605469,640,480,insufficient_yellow_edges,,0.0,259,320.0,,,,,,0,,,[],
289,test,4,38,E:\桌面\v-Net\dataset\25地下室\4\38_1.7400.jpg,1.74,0.54,411.0226745605469,640,480,insufficient_yellow_edges,,0.0,259,320.0,,,,,,0,,,[],
290,test,4,39,E:\桌面\v-Net\dataset\25地下室\4\39_1.7400.jpg,1.74,0.54,411.0226745605469,640,480,insufficient_yellow_edges,,0.0,259,320.0,,,,,,0,,,[],
291,test,4,40,E:\桌面\v-Net\dataset\25地下室\4\40_1.7400.jpg,1.74,0.54,411.0226745605469,640,480,insufficient_yellow_edges,,0.0,259,320.0,,,,,,0,,,[],
292,test,4,41,E:\桌面\v-Net\dataset\25地下室\4\41_0.0000.jpg,0.0,0.54,411.0226745605469,640,480,insufficient_yellow_edges,,0.0,259,320.0,,,,,,0,,,[],
293,test,4,42,E:\桌面\v-Net\dataset\25地下室\4\42_0.0000.jpg,0.0,0.54,411.0226745605469,640,480,insufficient_yellow_edges,,0.0,259,320.0,,,,,,0,,,[],
294,test,4,43,E:\桌面\v-Net\dataset\25地下室\4\43_0.0000.jpg,0.0,0.54,411.0226745605469,640,480,insufficient_yellow_edges,,0.0,259,320.0,,,,,,0,,,[],
295,test,4,44,E:\桌面\v-Net\dataset\25地下室\4\44_0.0000.jpg,0.0,0.54,411.0226745605469,640,480,insufficient_yellow_edges,,0.0,259,320.0,,,,,,0,,,[],
296,test,4,45,E:\桌面\v-Net\dataset\25地下室\4\45_0.0000.jpg,0.0,0.54,411.0226745605469,640,480,insufficient_yellow_edges,,0.0,259,320.0,,,,,,0,,,[],
297,test,4,46,E:\桌面\v-Net\dataset\25地下室\4\46_0.0000.jpg,0.0,0.54,411.0226745605469,640,480,insufficient_yellow_edges,,0.0,259,320.0,,,,,,0,,,[],
298,test,4,47,E:\桌面\v-Net\dataset\25地下室\4\47_0.0000.jpg,0.0,0.54,411.0226745605469,640,480,insufficient_yellow_edges,,0.0,259,320.0,,,,,,0,,,[],
299,test,4,48,E:\桌面\v-Net\dataset\25地下室\4\48_0.0000.jpg,0.0,0.54,411.0226745605469,640,480,insufficient_yellow_edges,,0.0,259,320.0,,,,,,0,,,[],
300,test,4,49,E:\桌面\v-Net\dataset\25地下室\4\49_0.0000.jpg,0.0,0.54,411.0226745605469,640,480,insufficient_yellow_edges,,0.0,259,320.0,,,,,,0,,,[],
301,test,4,50,E:\桌面\v-Net\dataset\25地下室\4\50_0.0000.jpg,0.0,0.54,411.0226745605469,640,480,insufficient_yellow_edges,,0.0,259,320.0,,,,,,0,,,[],
302,test,4,51,E:\桌面\v-Net\dataset\25地下室\4\51_0.0000.jpg,0.0,0.54,411.0226745605469,640,480,insufficient_yellow_edges,,0.0,259,320.0,,,,,,0,,,[],
303,test,4,52,E:\桌面\v-Net\dataset\25地下室\4\52_0.0000.jpg,0.0,0.54,411.0226745605469,640,480,insufficient_yellow_edges,,0.0,259,320.0,,,,,,0,,,[],
304,test,4,53,E:\桌面\v-Net\dataset\25地下室\4\53_1.5000.jpg,1.5,0.54,411.0226745605469,640,480,insufficient_yellow_edges,,0.0,259,320.0,,,,,,0,,,[],
305,test,4,54,E:\桌面\v-Net\dataset\25地下室\4\54_1.5000.jpg,1.5,0.54,411.0226745605469,640,480,insufficient_yellow_edges,,0.0,259,320.0,,,,,,0,,,[],
306,test,4,55,E:\桌面\v-Net\dataset\25地下室\4\55_1.5000.jpg,1.5,0.54,411.0226745605469,640,480,insufficient_yellow_edges,,0.0,259,320.0,,,,,,0,,,[],
307,test,4,56,E:\桌面\v-Net\dataset\25地下室\4\56_1.5000.jpg,1.5,0.54,411.0226745605469,640,480,insufficient_yellow_edges,,0.0,259,320.0,,,,,,0,,,[],
308,test,4,57,E:\桌面\v-Net\dataset\25地下室\4\57_1.5000.jpg,1.5,0.54,411.0226745605469,640,480,insufficient_yellow_edges,,0.0,259,320.0,,,,,,0,,,[],
309,test,4,58,E:\桌面\v-Net\dataset\25地下室\4\58_1.5000.jpg,1.5,0.54,411.0226745605469,640,480,insufficient_yellow_edges,,0.0,259,320.0,,,,,,0,,,[],
310,test,4,59,E:\桌面\v-Net\dataset\25地下室\4\59_1.5000.jpg,1.5,0.54,411.0226745605469,640,480,insufficient_yellow_edges,,0.0,259,320.0,,,,,,0,,,[],
311,test,4,60,E:\桌面\v-Net\dataset\25地下室\4\60_1.5000.jpg,1.5,0.54,411.0226745605469,640,480,insufficient_yellow_edges,,0.0,259,320.0,,,,,,0,,,[],
312,test,4,61,E:\桌面\v-Net\dataset\25地下室\4\61_1.5000.jpg,1.5,0.54,411.0226745605469,640,480,insufficient_yellow_edges,,0.0,259,320.0,,,,,,0,,,[],
313,test,4,62,E:\桌面\v-Net\dataset\25地下室\4\62_1.5000.jpg,1.5,0.54,411.0226745605469,640,480,insufficient_yellow_edges,,0.0,259,320.0,,,,,,0,,,[],
314,test,4,63,E:\桌面\v-Net\dataset\25地下室\4\63_1.5000.jpg,1.5,0.54,411.0226745605469,640,480,inferred_missing_left,-0.4639108180999756,0.6,259,320.0,0.0,343.0970764160156,171.5485382080078,343.0970764160156,411.0226745605469,1,,,"[[337, 349]]",
315,test,4,64,E:\桌面\v-Net\dataset\25地下室\4\64_1.5000.jpg,1.5,0.54,411.0226745605469,640,480,inferred_missing_left,-0.4098966598510742,0.6,259,320.0,0.0,377.6661376953125,188.83306884765625,377.6661376953125,411.0226745605469,1,,,"[[365, 395]]",
316,test,4,65,E:\桌面\v-Net\dataset\25地下室\4\65_1.5000.jpg,1.5,0.54,411.0226745605469,640,480,inferred_missing_left,-0.3811385154724121,0.6,259,320.0,0.0,396.07135009765625,198.03567504882812,396.07135009765625,411.0226745605469,1,,,"[[380, 417]]",
317,test,4,66,E:\桌面\v-Net\dataset\25地下室\4\66_1.5000.jpg,1.5,0.54,411.0226745605469,640,480,inferred_missing_left,-0.2682013034820557,0.6,259,320.0,28.66424560546875,439.6869201660156,234.1755828857422,411.0226745605469,411.0226745605469,1,,,"[[415, 466]]",
318,test,4,67,E:\桌面\v-Net\dataset\25地下室\4\67_1.5000.jpg,1.5,0.54,411.0226745605469,640,480,inferred_missing_left,-0.1039318561553955,0.6,259,320.0,81.23046875,492.2531433105469,286.74180603027344,411.0226745605469,411.0226745605469,1,,,"[[461, 523]]",
319,test,4,68,E:\桌面\v-Net\dataset\25地下室\4\68_1.5000.jpg,1.5,0.54,411.0226745605469,640,480,inferred_missing_left,0.08811593055725098,0.6,259,320.0,142.68576049804688,553.7084350585938,348.1970977783203,411.0226745605469,411.0226745605469,1,,,"[[524, 583]]",
320,test,4,69,E:\桌面\v-Net\dataset\25地下室\4\69_1.5000.jpg,1.5,0.54,411.0226745605469,640,480,ok,-0.015744039416313173,1.0,259,320.0,13.90654182434082,616.0172729492188,314.9619073867798,602.1107311248779,,2,"[0, 33]","[587, 639]","[[0, 33], [587, 639]]",
321,test,4,70,E:\桌面\v-Net\dataset\25地下室\4\70_-1.5800.jpg,-1.58,0.54,411.0226745605469,640,480,ok,0.02206081449985504,1.0,259,320.0,21.693384170532227,632.425537109375,327.0594606399536,610.7321529388428,,2,"[0, 53]","[622, 639]","[[0, 53], [622, 639]]",
322,test,4,71,E:\桌面\v-Net\dataset\25地下室\4\71_-1.5800.jpg,-1.58,0.54,411.0226745605469,640,480,inferred_missing_right,-0.22548768520355225,0.6,259,320.0,42.332603454589844,453.3552780151367,247.84394073486328,411.0226745605469,411.0226745605469,1,,,"[[0, 98]]",
323,test,4,72,E:\桌面\v-Net\dataset\25地下室\4\72_-1.5800.jpg,-1.58,0.54,411.0226745605469,640,480,inferred_missing_right,-0.19526970386505127,0.6,259,320.0,52.002357482910156,463.02503204345703,257.5136947631836,411.0226745605469,411.0226745605469,1,,,"[[0, 112]]",
324,test,4,73,E:\桌面\v-Net\dataset\25地下室\4\73_-1.5800.jpg,-1.58,0.54,411.0226745605469,640,480,inferred_missing_right,-0.10086500644683838,0.6,259,320.0,82.21186065673828,493.23453521728516,287.7231979370117,411.0226745605469,411.0226745605469,1,,,"[[18, 147]]",
325,test,4,74,E:\桌面\v-Net\dataset\25地下室\4\74_-1.5800.jpg,-1.58,0.54,411.0226745605469,640,480,inferred_missing_right,-0.036159300804138185,0.6,259,320.0,102.91768646240234,513.9403610229492,308.4290237426758,411.0226745605469,411.0226745605469,1,,,"[[39, 169]]",
326,test,4,75,E:\桌面\v-Net\dataset\25地下室\4\75_-1.5800.jpg,-1.58,0.54,411.0226745605469,640,480,inferred_missing_right,0.10529279708862305,0.6,259,320.0,148.18235778808594,559.2050323486328,353.6936950683594,411.0226745605469,411.0226745605469,1,,,"[[87, 206]]",
327,test,4,76,E:\桌面\v-Net\dataset\25地下室\4\76_-1.5800.jpg,-1.58,0.54,411.0226745605469,640,480,inferred_missing_right,0.15300164222717286,0.6,259,320.0,163.44918823242188,574.4718627929688,368.9605255126953,411.0226745605469,411.0226745605469,1,,,"[[109, 217]]",
328,test,4,77,E:\桌面\v-Net\dataset\25地下室\4\77_-1.5800.jpg,-1.58,0.54,411.0226745605469,640,480,inferred_missing_right,0.24484028816223144,0.6,259,320.0,192.83755493164062,603.8602294921875,398.34889221191406,411.0226745605469,411.0226745605469,1,,,"[[141, 244]]",
329,test,4,78,E:\桌面\v-Net\dataset\25地下室\4\78_-1.5800.jpg,-1.58,0.54,411.0226745605469,640,480,inferred_missing_right,0.2665561199188232,0.6,259,320.0,199.78662109375,610.8092956542969,405.29795837402344,411.0226745605469,411.0226745605469,1,,,"[[149, 246]]",
330,test,4,79,E:\桌面\v-Net\dataset\25地下室\4\79_-1.5800.jpg,-1.58,0.54,411.0226745605469,640,480,inferred_missing_right,0.2922811031341553,0.6,259,320.0,208.01861572265625,619.0412902832031,413.5299530029297,411.0226745605469,411.0226745605469,1,,,"[[168, 247]]",
331,test,4,80,E:\桌面\v-Net\dataset\25地下室\4\80_-1.5800.jpg,-1.58,0.54,411.0226745605469,640,480,inferred_missing_right,0.29398860931396487,0.6,259,320.0,208.5650177001953,619.5876922607422,414.07635498046875,411.0226745605469,411.0226745605469,1,,,"[[169, 247]]",
332,test,4,81,E:\桌面\v-Net\dataset\25地下室\4\81_-1.5800.jpg,-1.58,0.54,411.0226745605469,640,480,ok,0.30454847812652586,1.0,259,320.0,207.6480255126953,627.2630004882812,417.4555130004883,419.61497497558594,,2,"[171, 241]","[609, 639]","[[171, 241], [609, 639]]",
333,test,4,82,E:\桌面\v-Net\dataset\25地下室\4\82_-1.5800.jpg,-1.58,0.54,411.0226745605469,640,480,ok,0.2842917203903198,1.0,259,320.0,203.30125427246094,618.6454467773438,410.97335052490234,415.3441925048828,,2,"[172, 230]","[595, 639]","[[172, 230], [595, 639]]",
334,test,4,83,E:\桌面\v-Net\dataset\25地下室\4\83_-1.5800.jpg,-1.58,0.54,411.0226745605469,640,480,ok,0.21137113571166993,1.0,259,320.0,183.1158447265625,592.1616821289062,387.6387634277344,409.04583740234375,,2,"[159, 207]","[567, 617]","[[159, 207], [567, 617]]",
335,test,4,84,E:\桌面\v-Net\dataset\25地下室\4\84_-1.5800.jpg,-1.58,0.54,411.0226745605469,640,480,ok,0.17065517902374266,1.0,259,320.0,168.65101623535156,580.5682983398438,374.60965728759766,411.9172821044922,,2,"[144, 192]","[555, 606]","[[144, 192], [555, 606]]",
336,test,4,85,E:\桌面\v-Net\dataset\25地下室\4\85_-1.5800.jpg,-1.58,0.54,411.0226745605469,640,480,ok,0.07045469284057618,1.0,259,320.0,134.61834716796875,550.47265625,342.5455017089844,415.85430908203125,,2,"[113, 156]","[524, 577]","[[113, 156], [524, 577]]",
337,test,4,86,E:\桌面\v-Net\dataset\25地下室\4\86_-1.5800.jpg,-1.58,0.54,411.0226745605469,640,480,ok,0.017586302757263184,1.0,259,320.0,112.10295104980469,539.1522827148438,325.6276168823242,427.04933166503906,,2,"[89, 134]","[512, 566]","[[89, 134], [512, 566]]",
338,test,4,87,E:\桌面\v-Net\dataset\25地下室\4\87_-1.5800.jpg,-1.58,0.54,411.0226745605469,640,480,ok,-0.13626114130020142,1.0,259,320.0,48.52831268310547,504.2645568847656,276.39643478393555,455.73624420166016,,2,"[11, 81]","[477, 532]","[[11, 81], [477, 532]]",
339,test,4,88,E:\桌面\v-Net\dataset\25地下室\4\88_-1.5800.jpg,-1.58,0.54,411.0226745605469,640,480,ok,-0.20218054950237274,1.0,259,320.0,20.60777473449707,489.9966735839844,255.30222415924072,469.3888988494873,,2,"[0, 49]","[462, 519]","[[0, 49], [462, 519]]",
340,test,5,0,E:\桌面\v-Net\dataset\25地下室\5\0_1.5100.jpg,1.51,0.54,411.0226745605469,640,480,insufficient_yellow_edges,,0.0,259,320.0,,,,,,2,,,"[[357, 427], [438, 558]]",
341,test,5,1,E:\桌面\v-Net\dataset\25地下室\5\1_1.5100.jpg,1.51,0.54,411.0226745605469,640,480,insufficient_yellow_edges,,0.0,259,320.0,,,,,,2,,,"[[357, 431], [460, 527]]",
342,test,5,2,E:\桌面\v-Net\dataset\25地下室\5\2_1.5100.jpg,1.51,0.54,411.0226745605469,640,480,inferred_missing_left,-0.3686226844787598,0.6,259,320.0,0.0,404.08148193359375,202.04074096679688,404.08148193359375,411.0226745605469,1,,,"[[361, 442]]",
343,test,5,3,E:\桌面\v-Net\dataset\25地下室\5\3_1.5100.jpg,1.51,0.54,411.0226745605469,640,480,inferred_missing_left,-0.33593287467956545,0.6,259,320.0,6.990142822265625,418.0128173828125,212.50148010253906,411.0226745605469,411.0226745605469,1,,,"[[362, 469]]",
344,test,5,4,E:\桌面\v-Net\dataset\25地下室\5\4_1.5100.jpg,1.51,0.54,411.0226745605469,640,480,inferred_missing_left,-0.324585485458374,0.6,259,320.0,10.621307373046875,421.64398193359375,216.1326446533203,411.0226745605469,411.0226745605469,1,,,"[[362, 484]]",
345,test,5,5,E:\桌面\v-Net\dataset\25地下室\5\5_1.5100.jpg,1.51,0.54,411.0226745605469,640,480,inferred_missing_left,-0.3299201488494873,0.6,259,320.0,8.914215087890625,419.9368896484375,214.42555236816406,411.0226745605469,411.0226745605469,1,,,"[[364, 471]]",
346,test,5,6,E:\桌面\v-Net\dataset\25地下室\5\6_1.5100.jpg,1.51,0.54,411.0226745605469,640,480,inferred_missing_left,-0.3306098461151123,0.6,259,320.0,8.693511962890625,419.7161865234375,214.20484924316406,411.0226745605469,411.0226745605469,1,,,"[[367, 475]]",
347,test,5,7,E:\桌面\v-Net\dataset\25地下室\5\7_1.5100.jpg,1.51,0.54,411.0226745605469,640,480,inferred_missing_left,-0.2901756763458252,0.6,259,320.0,21.6324462890625,432.6551208496094,227.14378356933594,411.0226745605469,411.0226745605469,1,,,"[[377, 484]]",
348,test,5,8,E:\桌面\v-Net\dataset\25地下室\5\8_1.5100.jpg,1.51,0.54,411.0226745605469,640,480,inferred_missing_left,-0.25375866889953613,0.6,259,320.0,33.285888671875,444.3085632324219,238.79722595214844,411.0226745605469,411.0226745605469,1,,,"[[386, 505]]",
349,test,5,9,E:\桌面\v-Net\dataset\25地下室\5\9_1.5100.jpg,1.51,0.54,411.0226745605469,640,480,inferred_missing_left,-0.2414402484893799,0.6,259,320.0,37.227783203125,448.2504577636719,242.73912048339844,411.0226745605469,411.0226745605469,1,,,"[[392, 507]]",
350,test,5,10,E:\桌面\v-Net\dataset\25地下室\5\10_1.5100.jpg,1.51,0.54,411.0226745605469,640,480,inferred_missing_left,-0.2061291217803955,0.6,259,320.0,48.52734375,459.5500183105469,254.03868103027344,411.0226745605469,411.0226745605469,1,,,"[[406, 516]]",
351,test,5,11,E:\桌面\v-Net\dataset\25地下室\5\11_1.5100.jpg,1.51,0.54,411.0226745605469,640,480,inferred_missing_left,-0.18200325965881348,0.6,259,320.0,56.24761962890625,467.2702941894531,261.7589569091797,411.0226745605469,411.0226745605469,1,,,"[[413, 524]]",
352,test,5,12,E:\桌面\v-Net\dataset\25地下室\5\12_1.5100.jpg,1.51,0.54,411.0226745605469,640,480,inferred_missing_left,-0.13045287132263184,0.6,259,320.0,72.74374389648438,483.76641845703125,278.2550811767578,411.0226745605469,411.0226745605469,1,,,"[[429, 540]]",
353,test,5,13,E:\桌面\v-Net\dataset\25地下室\5\13_1.5100.jpg,1.51,0.54,411.0226745605469,640,480,inferred_missing_left,-0.10788731575012207,0.6,259,320.0,79.9647216796875,490.9873962402344,285.47605895996094,411.0226745605469,411.0226745605469,1,,,"[[438, 545]]",
354,test,5,14,E:\桌面\v-Net\dataset\25地下室\5\14_1.5100.jpg,1.51,0.54,411.0226745605469,640,480,inferred_missing_left,-0.07187647819519043,0.6,259,320.0,91.48818969726562,502.5108642578125,296.99952697753906,411.0226745605469,411.0226745605469,1,,,"[[449, 557]]",
355,test,5,15,E:\桌面\v-Net\dataset\25地下室\5\15_1.5100.jpg,1.51,0.54,411.0226745605469,640,480,insufficient_yellow_edges,,0.0,259,320.0,,,,,,2,,,"[[461, 567], [594, 603]]",
356,test,5,16,E:\桌面\v-Net\dataset\25地下室\5\16_1.5100.jpg,1.51,0.54,411.0226745605469,640,480,insufficient_yellow_edges,,0.0,259,320.0,,,,,,2,,,"[[476, 586], [619, 639]]",
357,test,5,17,E:\桌面\v-Net\dataset\25地下室\5\17_1.5100.jpg,1.51,0.54,411.0226745605469,640,480,inferred_missing_left,0.03363537788391113,0.6,259,320.0,125.25198364257812,536.274658203125,330.76332092285156,411.0226745605469,411.0226745605469,1,,,"[[488, 591]]",
358,test,5,18,E:\桌面\v-Net\dataset\25地下室\5\18_1.5100.jpg,1.51,0.54,411.0226745605469,640,480,inferred_missing_left,0.06987709999084472,0.6,259,320.0,136.84933471679688,547.8720092773438,342.3606719970703,411.0226745605469,411.0226745605469,1,,,"[[504, 598]]",
359,test,5,19,E:\桌面\v-Net\dataset\25地下室\5\19_1.5100.jpg,1.51,0.54,411.0226745605469,640,480,inferred_missing_left,0.13653416633605958,0.6,259,320.0,158.17959594726562,569.2022705078125,363.69093322753906,411.0226745605469,411.0226745605469,1,,,"[[520, 622]]",
360,test,5,20,E:\桌面\v-Net\dataset\25地下室\5\20_1.5100.jpg,1.51,0.54,411.0226745605469,640,480,inferred_missing_left,0.1988701343536377,0.6,259,320.0,178.12710571289062,589.1497802734375,383.63844299316406,411.0226745605469,411.0226745605469,1,,,"[[537, 639]]",
361,test,5,21,E:\桌面\v-Net\dataset\25地下室\5\21_1.5100.jpg,1.51,0.54,411.0226745605469,640,480,insufficient_yellow_edges,,0.0,259,320.0,,,,,,2,,,"[[556, 600], [606, 639]]",
362,test,5,22,E:\桌面\v-Net\dataset\25地下室\5\22_1.5100.jpg,1.51,0.54,411.0226745605469,640,480,inferred_missing_left,0.21631264686584473,0.6,259,320.0,183.70870971679688,594.7313842773438,389.2200469970703,411.0226745605469,411.0226745605469,1,,,"[[570, 619]]",
363,test,5,23,E:\桌面\v-Net\dataset\25地下室\5\23_1.5100.jpg,1.51,0.54,411.0226745605469,640,480,inferred_missing_left,0.2746569156646729,0.6,259,320.0,202.37887573242188,613.4015502929688,407.8902130126953,411.0226745605469,411.0226745605469,1,,,"[[590, 639]]",
364,test,5,24,E:\桌面\v-Net\dataset\25地下室\5\24_1.5100.jpg,1.51,0.54,411.0226745605469,640,480,inferred_missing_left,0.3176231861114502,0.6,259,320.0,216.12808227539062,627.1507568359375,421.63941955566406,411.0226745605469,411.0226745605469,1,,,"[[609, 639]]",
365,test,5,25,E:\桌面\v-Net\dataset\25地下室\5\25_1.5100.jpg,1.51,0.54,411.0226745605469,640,480,inferred_missing_left,0.34531350135803224,0.6,259,320.0,224.98898315429688,636.0116577148438,430.5003204345703,411.0226745605469,411.0226745605469,1,,,"[[632, 639]]",
366,test,5,26,E:\桌面\v-Net\dataset\25地下室\5\26_1.5100.jpg,1.51,0.54,411.0226745605469,640,480,insufficient_yellow_edges,,0.0,259,320.0,,,,,,0,,,[],
367,test,5,27,E:\桌面\v-Net\dataset\25地下室\5\27_1.5100.jpg,1.51,0.54,411.0226745605469,640,480,insufficient_yellow_edges,,0.0,259,320.0,,,,,,0,,,[],
368,test,5,28,E:\桌面\v-Net\dataset\25地下室\5\28_1.5100.jpg,1.51,0.54,411.0226745605469,640,480,insufficient_yellow_edges,,0.0,259,320.0,,,,,,0,,,[],
369,test,5,29,E:\桌面\v-Net\dataset\25地下室\5\29_1.5100.jpg,1.51,0.54,411.0226745605469,640,480,insufficient_yellow_edges,,0.0,259,320.0,,,,,,0,,,[],
370,test,5,30,E:\桌面\v-Net\dataset\25地下室\5\30_1.5100.jpg,1.51,0.54,411.0226745605469,640,480,insufficient_yellow_edges,,0.0,259,320.0,,,,,,0,,,[],
371,test,5,31,E:\桌面\v-Net\dataset\25地下室\5\31_1.5100.jpg,1.51,0.54,411.0226745605469,640,480,insufficient_yellow_edges,,0.0,259,320.0,,,,,,0,,,[],
372,test,5,32,E:\桌面\v-Net\dataset\25地下室\5\32_1.5100.jpg,1.51,0.54,411.0226745605469,640,480,insufficient_yellow_edges,,0.0,259,320.0,,,,,,0,,,[],
373,test,5,33,E:\桌面\v-Net\dataset\25地下室\5\33_1.5100.jpg,1.51,0.54,411.0226745605469,640,480,insufficient_yellow_edges,,0.0,259,320.0,,,,,,0,,,[],
374,test,5,34,E:\桌面\v-Net\dataset\25地下室\5\34_1.5100.jpg,1.51,0.54,411.0226745605469,640,480,inferred_missing_left,-0.2487565517425537,0.6,259,320.0,34.886566162109375,445.90924072265625,240.3979034423828,411.0226745605469,411.0226745605469,1,,,"[[426, 463]]",
375,test,5,35,E:\桌面\v-Net\dataset\25地下室\5\35_1.5100.jpg,1.51,0.54,411.0226745605469,640,480,inferred_missing_left,-0.17814211845397948,0.6,259,320.0,57.483184814453125,468.505859375,262.99452209472656,411.0226745605469,411.0226745605469,1,,,"[[444, 494]]",
376,test,5,36,E:\桌面\v-Net\dataset\25地下室\5\36_1.5100.jpg,1.51,0.54,411.0226745605469,640,480,inferred_missing_left,-0.09322266578674317,0.6,259,320.0,84.65740966796875,495.6800842285156,290.1687469482422,411.0226745605469,411.0226745605469,1,,,"[[464, 526]]",
377,test,5,37,E:\桌面\v-Net\dataset\25地下室\5\37_1.5100.jpg,1.51,0.54,411.0226745605469,640,480,inferred_missing_left,0.012014245986938477,0.6,259,320.0,118.33322143554688,529.3558959960938,323.8445587158203,411.0226745605469,411.0226745605469,1,,,"[[496, 562]]",
378,test,5,38,E:\桌面\v-Net\dataset\25地下室\5\38_1.5100.jpg,1.51,0.54,411.0226745605469,640,480,inferred_missing_left,0.12460312843322754,0.6,259,320.0,154.36166381835938,565.3843383789062,359.8730010986328,411.0226745605469,411.0226745605469,1,,,"[[531, 598]]",
379,test,5,39,E:\桌面\v-Net\dataset\25地下室\5\39_1.5100.jpg,1.51,0.54,411.0226745605469,640,480,ok,0.004297889769077301,1.0,259,320.0,12.213295936584473,630.537353515625,321.37532472610474,618.3240575790405,,2,"[0, 29]","[618, 639]","[[0, 29], [618, 639]]",
380,test,5,40,E:\桌面\v-Net\dataset\25地下室\5\40_1.5100.jpg,1.51,0.54,411.0226745605469,640,480,inferred_missing_right,-0.2695461273193359,0.6,259,320.0,28.233901977539062,439.25657653808594,233.7452392578125,411.0226745605469,411.0226745605469,1,,,"[[0, 65]]",
381,test,5,41,E:\桌面\v-Net\dataset\25地下室\5\41_-1.8150.jpg,-1.815,0.54,411.0226745605469,640,480,inferred_missing_right,-0.18852452039718628,0.6,259,320.0,54.16081619262695,465.1834907531738,259.6721534729004,411.0226745605469,411.0226745605469,1,,,"[[0, 114]]",
382,test,5,42,E:\桌面\v-Net\dataset\25地下室\5\42_-1.8150.jpg,-1.815,0.54,411.0226745605469,640,480,inferred_missing_right,-0.14667413234710694,0.6,259,320.0,67.55294036865234,478.5756149291992,273.0642776489258,411.0226745605469,411.0226745605469,1,,,"[[3, 130]]",
383,test,5,43,E:\桌面\v-Net\dataset\25地下室\5\43_-1.8150.jpg,-1.815,0.54,411.0226745605469,640,480,inferred_missing_right,-0.026102423667907715,0.6,259,320.0,106.1358871459961,517.158561706543,311.64722442626953,411.0226745605469,411.0226745605469,1,,,"[[47, 155]]",
384,test,5,44,E:\桌面\v-Net\dataset\25地下室\5\44_-1.8150.jpg,-1.815,0.54,411.0226745605469,640,480,inferred_missing_right,0.08505492210388184,0.6,259,320.0,141.70623779296875,552.7289123535156,347.2175750732422,411.0226745605469,411.0226745605469,1,,,"[[101, 182]]",
385,test,5,45,E:\桌面\v-Net\dataset\25地下室\5\45_-1.8150.jpg,-1.815,0.54,411.0226745605469,640,480,inferred_missing_right,0.10117521286010742,0.6,259,320.0,146.86473083496094,557.8874053955078,352.3760681152344,411.0226745605469,411.0226745605469,1,,,"[[110, 184]]",
386,test,5,46,E:\桌面\v-Net\dataset\25地下室\5\46_-1.8150.jpg,-1.815,0.54,411.0226745605469,640,480,inferred_missing_right,0.13849778175354005,0.6,259,320.0,158.80795288085938,569.8306274414062,364.3192901611328,411.0226745605469,411.0226745605469,1,,,"[[126, 188]]",
387,test,5,47,E:\桌面\v-Net\dataset\25地下室\5\47_-1.8150.jpg,-1.815,0.54,411.0226745605469,640,480,inferred_missing_right,0.14630231857299805,0.6,259,320.0,161.30540466308594,572.3280792236328,366.8167419433594,411.0226745605469,411.0226745605469,1,,,"[[135, 189]]",
388,test,5,48,E:\桌面\v-Net\dataset\25地下室\5\48_-1.8150.jpg,-1.815,0.54,411.0226745605469,640,480,inferred_missing_right,0.09221796989440918,0.6,259,320.0,143.9984130859375,555.0210876464844,349.50975036621094,411.0226745605469,411.0226745605469,1,,,"[[120, 167]]",
389,test,5,49,E:\桌面\v-Net\dataset\25地下室\5\49_-1.8150.jpg,-1.815,0.54,411.0226745605469,640,480,inferred_missing_right,0.036708641052246097,0.6,259,320.0,126.23542785644531,537.2581024169922,331.74676513671875,411.0226745605469,411.0226745605469,1,,,"[[103, 148]]",
390,test,5,50,E:\桌面\v-Net\dataset\25地下室\5\50_-1.8150.jpg,-1.815,0.54,411.0226745605469,640,480,inferred_missing_right,-0.10568175315856934,0.6,259,320.0,80.67050170898438,491.69317626953125,286.1818389892578,411.0226745605469,411.0226745605469,1,,,"[[59, 102]]",
391,test,5,51,E:\桌面\v-Net\dataset\25地下室\5\51_-1.8150.jpg,-1.815,0.54,411.0226745605469,640,480,ok,0.008911439776420593,1.0,259,320.0,18.16615104675293,627.5371704101562,322.8516607284546,609.3710193634033,,2,"[0, 41]","[613, 639]","[[0, 41], [613, 639]]",
392,test,5,52,E:\桌面\v-Net\dataset\25地下室\5\52_-1.8150.jpg,-1.815,0.54,411.0226745605469,640,480,inferred_missing_left,0.2735413074493408,0.6,259,320.0,202.02188110351562,613.0445556640625,407.53321838378906,411.0226745605469,411.0226745605469,1,,,"[[581, 639]]",
393,test,5,53,E:\桌面\v-Net\dataset\25地下室\5\53_1.5450.jpg,1.545,0.54,411.0226745605469,640,480,inferred_missing_left,0.24696717262268067,0.6,259,320.0,193.51815795898438,604.5408325195312,399.0294952392578,411.0226745605469,411.0226745605469,1,,,"[[565, 639]]",
394,test,5,54,E:\桌面\v-Net\dataset\25地下室\5\54_1.5450.jpg,1.545,0.54,411.0226745605469,640,480,inferred_missing_left,0.15297818183898926,0.6,259,320.0,163.44168090820312,574.46435546875,368.95301818847656,411.0226745605469,411.0226745605469,1,,,"[[498, 639]]",
395,test,5,55,E:\桌面\v-Net\dataset\25地下室\5\55_1.5450.jpg,1.545,0.54,411.0226745605469,640,480,inferred_missing_left,0.015366220474243164,0.6,259,320.0,119.40585327148438,530.4285278320312,324.9171905517578,411.0226745605469,411.0226745605469,1,,,"[[448, 619]]",
396,test,5,56,E:\桌面\v-Net\dataset\25地下室\5\56_1.5450.jpg,1.545,0.54,411.0226745605469,640,480,inferred_missing_left,-0.1684792995452881,0.6,259,320.0,60.575286865234375,471.59796142578125,266.0866241455078,411.0226745605469,411.0226745605469,1,,,"[[402, 545]]",
397,test,5,57,E:\桌面\v-Net\dataset\25地下室\5\57_1.5450.jpg,1.545,0.54,411.0226745605469,640,480,inferred_missing_left,-0.2523497104644775,0.6,259,320.0,33.73675537109375,444.7594299316406,239.2480926513672,411.0226745605469,411.0226745605469,1,,,"[[377, 513]]",
398,test,5,58,E:\桌面\v-Net\dataset\25地下室\5\58_1.5450.jpg,1.545,0.54,411.0226745605469,640,480,inferred_missing_left,-0.3728433132171631,0.6,259,320.0,0.0,401.3802795410156,200.6901397705078,401.3802795410156,411.0226745605469,1,,,"[[339, 464]]",
399,test,5,59,E:\桌面\v-Net\dataset\25地下室\5\59_1.5450.jpg,1.545,0.54,411.0226745605469,640,480,inferred_missing_left,-0.4237454891204834,0.6,259,320.0,0.0,368.8028869628906,184.4014434814453,368.8028869628906,411.0226745605469,1,,,"[[309, 429]]",
400,test,5,60,E:\桌面\v-Net\dataset\25地下室\5\60_1.5450.jpg,1.545,0.54,411.0226745605469,640,480,inferred_missing_left,-0.44290523529052733,0.6,259,320.0,0.0,356.5406494140625,178.27032470703125,356.5406494140625,411.0226745605469,1,,,"[[302, 412]]",
401,test,5,61,E:\桌面\v-Net\dataset\25地下室\5\61_1.5450.jpg,1.545,0.54,411.0226745605469,640,480,inferred_missing_left,-0.47583322525024413,0.6,259,320.0,0.0,335.46673583984375,167.73336791992188,335.46673583984375,411.0226745605469,1,,,"[[289, 385]]",
402,test,5,62,E:\桌面\v-Net\dataset\25地下室\5\62_1.5450.jpg,1.545,0.54,411.0226745605469,640,480,inferred_missing_left,-0.48397440910339357,0.6,259,320.0,0.0,330.2563781738281,165.12818908691406,330.2563781738281,411.0226745605469,1,,,"[[288, 374]]",
403,test,5,63,E:\桌面\v-Net\dataset\25地下室\5\63_1.5450.jpg,1.545,0.54,411.0226745605469,640,480,inferred_missing_left,-0.4863441944122314,0.6,259,320.0,0.0,328.7397155761719,164.36985778808594,328.7397155761719,411.0226745605469,1,,,"[[289, 368]]",
404,test,5,64,E:\桌面\v-Net\dataset\25地下室\5\64_1.5450.jpg,1.545,0.54,411.0226745605469,640,480,inferred_missing_left,-0.48836641311645507,0.6,259,320.0,0.0,327.44549560546875,163.72274780273438,327.44549560546875,411.0226745605469,1,,,"[[290, 365]]",
405,test,5,65,E:\桌面\v-Net\dataset\25地下室\5\65_1.5450.jpg,1.545,0.54,411.0226745605469,640,480,inferred_missing_left,-0.4841212272644043,0.6,259,320.0,0.0,330.16241455078125,165.08120727539062,330.16241455078125,411.0226745605469,1,,,"[[296, 365]]",
406,test,5,66,E:\桌面\v-Net\dataset\25地下室\5\66_1.5450.jpg,1.545,0.54,411.0226745605469,640,480,inferred_missing_left,-0.47543673515319823,0.6,259,320.0,0.0,335.7204895019531,167.86024475097656,335.7204895019531,411.0226745605469,1,,,"[[304, 368]]",
407,test,5,67,E:\桌面\v-Net\dataset\25地下室\5\67_1.5450.jpg,1.545,0.54,411.0226745605469,640,480,inferred_missing_left,-0.45832147598266604,0.6,259,320.0,0.0,346.67425537109375,173.33712768554688,346.67425537109375,411.0226745605469,1,,,"[[319, 375]]",
408,test,5,68,E:\桌面\v-Net\dataset\25地下室\5\68_1.5450.jpg,1.545,0.54,411.0226745605469,640,480,inferred_missing_left,-0.44980435371398925,0.6,259,320.0,0.0,352.1252136230469,176.06260681152344,352.1252136230469,411.0226745605469,1,,,"[[325, 380]]",
409,test,5,69,E:\桌面\v-Net\dataset\25地下室\5\69_1.5450.jpg,1.545,0.54,411.0226745605469,640,480,inferred_missing_left,-0.43075809478759763,0.6,259,320.0,0.0,364.3148193359375,182.15740966796875,364.3148193359375,411.0226745605469,1,,,"[[335, 392]]",
410,test,5,70,E:\桌面\v-Net\dataset\25地下室\5\70_1.5450.jpg,1.545,0.54,411.0226745605469,640,480,ok,-0.4161532647907734,1.0,259,320.0,4.633986949920654,369.0279235839844,186.83095526695251,364.3939366340637,,2,"[0, 10]","[340, 398]","[[0, 10], [340, 398]]",
411,test,5,71,E:\桌面\v-Net\dataset\25地下室\5\71_1.5450.jpg,1.545,0.54,411.0226745605469,640,480,ok,-0.3795022651553154,1.0,259,320.0,15.10918140411377,382.0093688964844,198.55927515029907,366.9001874923706,,2,"[0, 30]","[359, 407]","[[0, 30], [359, 407]]",
412,test,5,72,E:\桌面\v-Net\dataset\25地下室\5\72_1.5450.jpg,1.545,0.54,411.0226745605469,640,480,ok,-0.3519826948642731,1.0,259,320.0,24.26760482788086,390.4634704589844,207.36553764343262,366.1958656311035,,2,"[8, 42]","[367, 414]","[[8, 42], [367, 414]]",
413,test,5,73,E:\桌面\v-Net\dataset\25地下室\5\73_1.5450.jpg,1.545,0.54,411.0226745605469,640,480,ok,-0.2838606655597687,1.0,259,320.0,52.49180221557617,405.8373718261719,229.16458702087402,353.3455696105957,,2,"[49, 56]","[381, 431]","[[49, 56], [381, 431]]",
414,test,5,74,E:\桌面\v-Net\dataset\25地下室\5\74_1.5450.jpg,1.545,0.54,411.0226745605469,640,480,ok,-0.3429377838969231,1.0,259,320.0,6.043103218078613,414.4767150878906,210.25990915298462,408.433611869812,,2,"[0, 16]","[390, 440]","[[0, 16], [390, 440]]",
415,test,5,75,E:\桌面\v-Net\dataset\25地下室\5\75_0.0000.jpg,0.0,0.54,411.0226745605469,640,480,ok,-0.2956334471702576,1.0,259,320.0,17.745155334472656,433.0494384765625,225.39729690551758,415.30428314208984,,2,"[0, 40]","[412, 456]","[[0, 40], [412, 456]]",
416,test,5,76,E:\桌面\v-Net\dataset\25地下室\5\76_0.0000.jpg,0.0,0.54,411.0226745605469,640,480,ok,-0.28291261196136475,1.0,259,320.0,22.184616088867188,436.7513122558594,229.46796417236328,414.5666961669922,,2,"[0, 46]","[414, 459]","[[0, 46], [414, 459]]",
417,test,5,77,E:\桌面\v-Net\dataset\25地下室\5\77_0.0000.jpg,0.0,0.54,411.0226745605469,640,480,ok,-0.28271113336086273,1.0,259,320.0,22.818750381469727,436.2461242675781,229.53243732452393,413.4273738861084,,2,"[0, 46]","[416, 458]","[[0, 46], [416, 458]]",
418,test,5,78,E:\桌面\v-Net\dataset\25地下室\5\78_0.0000.jpg,0.0,0.54,411.0226745605469,640,480,ok,-0.2849185258150101,1.0,259,320.0,21.43379020690918,436.2183532714844,228.82607173919678,414.7845630645752,,2,"[0, 45]","[414, 458]","[[0, 45], [414, 458]]",
419,test,5,79,E:\桌面\v-Net\dataset\25地下室\5\79_0.0000.jpg,0.0,0.54,411.0226745605469,640,480,ok,-0.2882648825645447,1.0,259,320.0,19.712623596191406,435.7978515625,227.7552375793457,416.0852279663086,,2,"[0, 43]","[415, 458]","[[0, 43], [415, 458]]",
420,test,5,80,E:\桌面\v-Net\dataset\25地下室\5\80_0.0000.jpg,0.0,0.54,411.0226745605469,640,480,ok,-0.29503971338272095,1.0,259,320.0,17.14153289794922,434.0330505371094,225.5872917175293,416.89151763916016,,2,"[0, 41]","[414, 455]","[[0, 41], [414, 455]]",
421,test,5,81,E:\桌面\v-Net\dataset\25地下室\5\81_0.0000.jpg,0.0,0.54,411.0226745605469,640,480,ok,-0.2627158150076866,1.0,259,320.0,12.532196998596191,459.3296813964844,235.93093919754028,446.7974843978882,,2,"[0, 28]","[414, 534]","[[0, 28], [414, 534]]",
422,test,5,82,E:\桌面\v-Net\dataset\25地下室\5\82_0.0000.jpg,0.0,0.54,411.0226745605469,640,480,ok,-0.22508177012205124,1.0,259,320.0,9.877659797668457,486.07000732421875,247.9738335609436,476.1923475265503,,2,"[0, 20]","[415, 580]","[[0, 20], [415, 580]]",
423,train,25杭州,0,E:\桌面\v-Net\dataset\26合并\25杭州\0_0.0000.jpg,0.0,0.54,411.0226745605469,640,480,ok,-0.03066622018814087,1.0,259,320.0,122.07942962646484,498.294189453125,310.1868095397949,376.21475982666016,,2,"[100, 143]","[480, 515]","[[100, 143], [480, 515]]",
424,train,25杭州,2,E:\桌面\v-Net\dataset\26合并\25杭州\2_0.0000.jpg,0.0,0.54,411.0226745605469,640,480,ok,-0.1594703435897827,1.0,259,320.0,78.13288879394531,459.80609130859375,268.96949005126953,381.67320251464844,,2,"[55, 101]","[436, 485]","[[55, 101], [436, 485]]",
425,train,25杭州,3,E:\桌面\v-Net\dataset\26合并\25杭州\3_0.0000.jpg,0.0,0.54,411.0226745605469,640,480,ok,-0.1699751138687134,1.0,259,320.0,75.28962707519531,455.9263000488281,265.6079635620117,380.6366729736328,,2,"[52, 98]","[432, 481]","[[52, 98], [432, 481]]",
426,train,25杭州,4,E:\桌面\v-Net\dataset\26合并\25杭州\4_0.0000.jpg,0.0,0.54,411.0226745605469,640,480,ok,-0.1723573923110962,1.0,259,320.0,75.62937927246094,454.0618896484375,264.8456344604492,378.43251037597656,,2,"[52, 99]","[430, 479]","[[52, 99], [430, 479]]",
427,train,25杭州,5,E:\桌面\v-Net\dataset\26合并\25杭州\5_0.0000.jpg,0.0,0.54,411.0226745605469,640,480,ok,-0.17502355575561523,1.0,259,320.0,75.87274169921875,452.1121826171875,263.9924621582031,376.23944091796875,,2,"[52, 99]","[430, 476]","[[52, 99], [430, 476]]",
428,train,25杭州,6,E:\桌面\v-Net\dataset\26合并\25杭州\6_0.0000.jpg,0.0,0.54,411.0226745605469,640,480,ok,-0.03599996566772461,1.0,259,320.0,118.39898681640625,498.56103515625,308.4800109863281,380.16204833984375,,2,"[97, 139]","[478, 520]","[[97, 139], [478, 520]]",
429,train,25杭州,7,E:\桌面\v-Net\dataset\26合并\25杭州\7_0.0000.jpg,0.0,0.54,411.0226745605469,640,480,ok,-0.03717529773712158,1.0,259,320.0,117.63069152832031,498.5771179199219,308.1039047241211,380.94642639160156,,2,"[95, 140]","[477, 520]","[[95, 140], [477, 520]]",
430,train,25杭州,8,E:\桌面\v-Net\dataset\26合并\25杭州\8_0.0000.jpg,0.0,0.54,411.0226745605469,640,480,ok,-0.0395796537399292,1.0,259,320.0,117.67002868652344,496.9989929199219,307.33451080322266,379.32896423339844,,2,"[95, 138]","[476, 519]","[[95, 138], [476, 519]]",
431,train,25杭州,9,E:\桌面\v-Net\dataset\26合并\25杭州\9_0.0000.jpg,0.0,0.54,411.0226745605469,640,480,ok,-0.04126826524734497,1.0,259,320.0,117.08629608154297,496.50201416015625,306.7941551208496,379.4157180786133,,2,"[97, 137]","[475, 517]","[[97, 137], [475, 517]]",
432,train,25杭州,10,E:\桌面\v-Net\dataset\26合并\25杭州\10_0.0000.jpg,0.0,0.54,411.0226745605469,640,480,ok,-0.0500866174697876,1.0,259,320.0,111.77723693847656,496.1673278808594,303.97228240966797,384.3900909423828,,2,"[93, 130]","[473, 520]","[[93, 130], [473, 520]]",
433,train,25杭州,11,E:\桌面\v-Net\dataset\26合并\25杭州\11_0.0000.jpg,0.0,0.54,411.0226745605469,640,480,ok,-0.05901632308959961,1.0,259,320.0,108.88784790039062,493.3417053222656,301.1147766113281,384.453857421875,,2,"[91, 126]","[470, 517]","[[91, 126], [470, 517]]",
434,train,25杭州,12,E:\桌面\v-Net\dataset\26合并\25杭州\12_0.0000.jpg,0.0,0.54,411.0226745605469,640,480,ok,-0.07751140594482422,1.0,259,320.0,100.4888916015625,489.90380859375,295.19635009765625,389.4149169921875,,2,"[84, 117]","[466, 514]","[[84, 117], [466, 514]]",
435,train,25杭州,13,E:\桌面\v-Net\dataset\26合并\25杭州\13_0.0000.jpg,0.0,0.54,411.0226745605469,640,480,ok,-0.08953226804733276,1.0,259,320.0,94.1269302368164,488.5724182128906,291.3496742248535,394.4454879760742,,2,"[76, 111]","[464, 513]","[[76, 111], [464, 513]]",
436,train,25杭州,17,E:\桌面\v-Net\dataset\26合并\25杭州\17_0.0000.jpg,0.0,0.54,411.0226745605469,640,480,ok,-0.2006287932395935,1.0,259,320.0,38.15033721923828,473.4472351074219,255.79878616333008,435.2968978881836,,2,"[0, 72]","[448, 499]","[[0, 72], [448, 499]]",
437,train,25杭州,19,E:\桌面\v-Net\dataset\26合并\25杭州\19_0.0000.jpg,0.0,0.54,411.0226745605469,640,480,ok,-0.26487704962491987,1.0,259,320.0,11.22966480255127,459.2490234375,235.23934412002563,448.01935863494873,,2,"[0, 27]","[431, 487]","[[0, 27], [431, 487]]",
438,train,25杭州,24,E:\桌面\v-Net\dataset\26合并\25杭州\24_0.0000.jpg,0.0,0.54,411.0226745605469,640,480,inferred_missing_left,-0.3367437839508057,0.6,259,320.0,6.73065185546875,417.7533264160156,212.2419891357422,411.0226745605469,411.0226745605469,1,,,"[[386, 449]]",
439,train,25杭州,26,E:\桌面\v-Net\dataset\26合并\25杭州\26_0.0000.jpg,0.0,0.54,411.0226745605469,640,480,inferred_missing_left,-0.39301581382751466,0.6,259,320.0,0.0,388.4698791503906,194.2349395751953,388.4698791503906,411.0226745605469,1,,,"[[354, 423]]",
440,train,25杭州,27,E:\桌面\v-Net\dataset\26合并\25杭州\27_0.0000.jpg,0.0,0.54,411.0226745605469,640,480,ok,-0.03258311748504639,1.0,259,320.0,119.07923889160156,500.06756591796875,309.57340240478516,380.9883270263672,,2,"[97, 140]","[479, 522]","[[97, 140], [479, 522]]",
441,train,25杭州,28,E:\桌面\v-Net\dataset\26合并\25杭州\28_0.0000.jpg,0.0,0.54,411.0226745605469,640,480,inferred_missing_left,-0.42409396171569824,0.6,259,320.0,0.0,368.5798645019531,184.28993225097656,368.5798645019531,411.0226745605469,1,,,"[[332, 405]]",
442,train,25杭州,29,E:\桌面\v-Net\dataset\26合并\25杭州\29_1.5110.jpg,1.511,0.54,411.0226745605469,640,480,inferred_missing_left,-0.4583424091339111,0.6,259,320.0,0.0,346.6608581542969,173.33042907714844,346.6608581542969,411.0226745605469,1,,,"[[308, 384]]",
443,train,25杭州,30,E:\桌面\v-Net\dataset\26合并\25杭州\30_1.5110.jpg,1.511,0.54,411.0226745605469,640,480,inferred_missing_left,-0.4725495338439941,0.6,259,320.0,0.0,337.56829833984375,168.78414916992188,337.56829833984375,411.0226745605469,1,,,"[[298, 376]]",
444,train,25杭州,31,E:\桌面\v-Net\dataset\26合并\25杭州\31_1.5110.jpg,1.511,0.54,411.0226745605469,640,480,inferred_missing_left,-0.47893128395080564,0.6,259,320.0,0.0,333.4839782714844,166.7419891357422,333.4839782714844,411.0226745605469,1,,,"[[293, 373]]",
445,train,25杭州,32,E:\桌面\v-Net\dataset\26合并\25杭州\32_1.5110.jpg,1.511,0.54,411.0226745605469,640,480,inferred_missing_left,-0.48589863777160647,0.6,259,320.0,0.0,329.0248718261719,164.51243591308594,329.0248718261719,411.0226745605469,1,,,"[[289, 368]]",
446,train,25杭州,33,E:\桌面\v-Net\dataset\26合并\25杭州\33_1.5110.jpg,1.511,0.54,411.0226745605469,640,480,inferred_missing_left,-0.4863572120666504,0.6,259,320.0,0.0,328.73138427734375,164.36569213867188,328.73138427734375,411.0226745605469,1,,,"[[288, 368]]",
447,train,25杭州,34,E:\桌面\v-Net\dataset\26合并\25杭州\34_1.5110.jpg,1.511,0.54,411.0226745605469,640,480,inferred_missing_left,-0.489190673828125,0.6,259,320.0,0.0,326.91796875,163.458984375,326.91796875,411.0226745605469,1,,,"[[286, 366]]",
448,train,25杭州,38,E:\桌面\v-Net\dataset\26合并\25杭州\38_0.0000.jpg,0.0,0.54,411.0226745605469,640,480,ok,-0.030400216579437256,1.0,259,320.0,120.73038482666016,499.8134765625,310.2719306945801,379.08309173583984,,2,"[99, 142]","[479, 521]","[[99, 142], [479, 521]]",
449,train,25杭州,40,E:\桌面\v-Net\dataset\26合并\25杭州\40_1.5110.jpg,1.511,0.54,411.0226745605469,640,480,insufficient_yellow_edges,,0.0,259,320.0,,,,,,3,,,"[[300, 377], [585, 614], [626, 639]]",
450,train,25杭州,41,E:\桌面\v-Net\dataset\26合并\25杭州\41_1.5110.jpg,1.511,0.54,411.0226745605469,640,480,insufficient_yellow_edges,,0.0,259,320.0,,,,,,4,,,"[[302, 379], [514, 525], [569, 625], [631, 639]]",
451,train,25杭州,42,E:\桌面\v-Net\dataset\26合并\25杭州\42_1.5110.jpg,1.511,0.54,411.0226745605469,640,480,insufficient_yellow_edges,,0.0,259,320.0,,,,,,4,,,"[[302, 379], [513, 523], [541, 568], [574, 639]]",
452,train,25杭州,43,E:\桌面\v-Net\dataset\26合并\25杭州\43_1.5110.jpg,1.511,0.54,411.0226745605469,640,480,insufficient_yellow_edges,,0.0,259,320.0,,,,,,4,,,"[[304, 381], [482, 492], [510, 575], [594, 638]]",
453,train,25杭州,44,E:\桌面\v-Net\dataset\26合并\25杭州\44_1.5110.jpg,1.511,0.54,411.0226745605469,640,480,insufficient_yellow_edges,,0.0,259,320.0,,,,,,3,,,"[[304, 382], [462, 485], [496, 639]]",
454,train,25杭州,46,E:\桌面\v-Net\dataset\26合并\25杭州\46_1.5110.jpg,1.511,0.54,411.0226745605469,640,480,insufficient_yellow_edges,,0.0,259,320.0,,,,,,5,,,"[[310, 388], [433, 445], [467, 480], [490, 515], [528, 639]]",
455,train,25杭州,47,E:\桌面\v-Net\dataset\26合并\25杭州\47_1.5110.jpg,1.511,0.54,411.0226745605469,640,480,insufficient_yellow_edges,,0.0,259,320.0,,,,,,3,,,"[[311, 388], [481, 493], [602, 639]]",
456,train,25杭州,49,E:\桌面\v-Net\dataset\26合并\25杭州\49_0.0000.jpg,0.0,0.54,411.0226745605469,640,480,ok,-0.03255963325500488,1.0,259,320.0,119.55935668945312,499.60247802734375,309.58091735839844,380.0431213378906,,2,"[97, 141]","[479, 521]","[[97, 141], [479, 521]]",
457,train,25杭州,50,E:\桌面\v-Net\dataset\26合并\25杭州\50_1.5110.jpg,1.511,0.54,411.0226745605469,640,480,insufficient_yellow_edges,,0.0,259,320.0,,,,,,2,,,"[[320, 391], [454, 471]]",
458,train,25杭州,51,E:\桌面\v-Net\dataset\26合并\25杭州\51_1.5110.jpg,1.511,0.54,411.0226745605469,640,480,insufficient_yellow_edges,,0.0,259,320.0,,,,,,4,,,"[[321, 394], [478, 492], [533, 542], [587, 601]]",
459,train,25杭州,53,E:\桌面\v-Net\dataset\26合并\25杭州\53_1.5110.jpg,1.511,0.54,411.0226745605469,640,480,insufficient_yellow_edges,,0.0,259,320.0,,,,,,3,,,"[[325, 396], [468, 486], [563, 639]]",
460,train,25杭州,54,E:\桌面\v-Net\dataset\26合并\25杭州\54_1.5110.jpg,1.511,0.54,411.0226745605469,640,480,insufficient_yellow_edges,,0.0,259,320.0,,,,,,3,,,"[[329, 398], [531, 543], [560, 572]]",
461,train,25杭州,55,E:\桌面\v-Net\dataset\26合并\25杭州\55_1.5110.jpg,1.511,0.54,411.0226745605469,640,480,insufficient_yellow_edges,,0.0,259,320.0,,,,,,4,,,"[[331, 402], [475, 484], [490, 500], [555, 579]]",
462,train,25杭州,56,E:\桌面\v-Net\dataset\26合并\25杭州\56_1.5110.jpg,1.511,0.54,411.0226745605469,640,480,insufficient_yellow_edges,,0.0,259,320.0,,,,,,3,,,"[[333, 406], [506, 530], [537, 545]]",
463,train,25杭州,57,E:\桌面\v-Net\dataset\26合并\25杭州\57_1.5110.jpg,1.511,0.54,411.0226745605469,640,480,insufficient_yellow_edges,,0.0,259,320.0,,,,,,2,,,"[[332, 406], [547, 565]]",
464,train,25杭州,62,E:\桌面\v-Net\dataset\26合并\25杭州\62_1.5110.jpg,1.511,0.54,411.0226745605469,640,480,inferred_missing_left,-0.41483283042907715,0.6,259,320.0,0.0,374.5069885253906,187.2534942626953,374.5069885253906,411.0226745605469,1,,,"[[339, 409]]",
465,train,25杭州,64,E:\桌面\v-Net\dataset\26合并\25杭州\64_1.5110.jpg,1.511,0.54,411.0226745605469,640,480,inferred_missing_left,-0.4066413402557373,0.6,259,320.0,0.0,379.7495422363281,189.87477111816406,379.7495422363281,411.0226745605469,1,,,"[[343, 416]]",
466,train,25杭州,65,E:\桌面\v-Net\dataset\26合并\25杭州\65_1.5110.jpg,1.511,0.54,411.0226745605469,640,480,inferred_missing_left,-0.4013530254364014,0.6,259,320.0,0.0,383.1340637207031,191.56703186035156,383.1340637207031,411.0226745605469,1,,,"[[346, 419]]",
467,train,25杭州,66,E:\桌面\v-Net\dataset\26合并\25杭州\66_1.5110.jpg,1.511,0.54,411.0226745605469,640,480,inferred_missing_left,-0.4021754741668701,0.6,259,320.0,0.0,382.6076965332031,191.30384826660156,382.6076965332031,411.0226745605469,1,,,"[[347, 418]]",
468,train,25杭州,67,E:\桌面\v-Net\dataset\26合并\25杭州\67_1.5110.jpg,1.511,0.54,411.0226745605469,640,480,inferred_missing_left,-0.39944610595703123,0.6,259,320.0,0.0,384.3544921875,192.17724609375,384.3544921875,411.0226745605469,1,,,"[[349, 420]]",
469,train,25杭州,69,E:\桌面\v-Net\dataset\26合并\25杭州\69_1.5110.jpg,1.511,0.54,411.0226745605469,640,480,inferred_missing_left,-0.3967801570892334,0.6,259,320.0,0.0,386.0606994628906,193.0303497314453,386.0606994628906,411.0226745605469,1,,,"[[350, 422]]",
470,train,25杭州,70,E:\桌面\v-Net\dataset\26合并\25杭州\70_1.5110.jpg,1.511,0.54,411.0226745605469,640,480,inferred_missing_left,-0.3955399036407471,0.6,259,320.0,0.0,386.8544616699219,193.42723083496094,386.8544616699219,411.0226745605469,1,,,"[[350, 422]]",
471,train,25杭州,72,E:\桌面\v-Net\dataset\26合并\25杭州\72_1.5110.jpg,1.511,0.54,411.0226745605469,640,480,inferred_missing_left,-0.39348702430725097,0.6,259,320.0,0.0,388.1683044433594,194.0841522216797,388.1683044433594,411.0226745605469,1,,,"[[350, 426]]",
472,train,25杭州,74,E:\桌面\v-Net\dataset\26合并\25杭州\74_1.5110.jpg,1.511,0.54,411.0226745605469,640,480,inferred_missing_left,-0.3894790172576904,0.6,259,320.0,0.0,390.7334289550781,195.36671447753906,390.7334289550781,411.0226745605469,1,,,"[[351, 428]]",
473,train,25杭州,75,E:\桌面\v-Net\dataset\26合并\25杭州\75_1.5110.jpg,1.511,0.54,411.0226745605469,640,480,inferred_missing_left,-0.386019229888916,0.6,259,320.0,0.0,392.94769287109375,196.47384643554688,392.94769287109375,411.0226745605469,1,,,"[[352, 432]]",
474,train,25杭州,76,E:\桌面\v-Net\dataset\26合并\25杭州\76_1.5110.jpg,1.511,0.54,411.0226745605469,640,480,inferred_missing_left,-0.3812230587005615,0.6,259,320.0,0.0,396.0172424316406,198.0086212158203,396.0172424316406,411.0226745605469,1,,,"[[355, 436]]",
475,train,25杭州,77,E:\桌面\v-Net\dataset\26合并\25杭州\77_1.5110.jpg,1.511,0.54,411.0226745605469,640,480,inferred_missing_left,-0.3810492992401123,0.6,259,320.0,0.0,396.1284484863281,198.06422424316406,396.1284484863281,411.0226745605469,1,,,"[[354, 437]]",
476,train,25杭州,78,E:\桌面\v-Net\dataset\26合并\25杭州\78_1.5110.jpg,1.511,0.54,411.0226745605469,640,480,inferred_missing_left,-0.37549562454223634,0.6,259,320.0,0.0,399.68280029296875,199.84140014648438,399.68280029296875,411.0226745605469,1,,,"[[358, 441]]",
477,train,25杭州,82,E:\桌面\v-Net\dataset\26合并\25杭州\82_0.0000.jpg,0.0,0.54,411.0226745605469,640,480,ok,-0.033596932888031006,1.0,259,320.0,118.53412628173828,499.9638366699219,309.2489814758301,381.4297103881836,,2,"[96, 140]","[479, 521]","[[96, 140], [479, 521]]",
478,train,25杭州,83,E:\桌面\v-Net\dataset\26合并\25杭州\83_1.5110.jpg,1.511,0.54,411.0226745605469,640,480,inferred_missing_left,-0.3685140609741211,0.6,259,320.0,0.0,404.1510009765625,202.07550048828125,404.1510009765625,411.0226745605469,1,,,"[[371, 437]]",
479,train,25杭州,84,E:\桌面\v-Net\dataset\26合并\25杭州\84_1.5110.jpg,1.511,0.54,411.0226745605469,640,480,inferred_missing_left,-0.36206583976745604,0.6,259,320.0,0.0,408.2778625488281,204.13893127441406,408.2778625488281,411.0226745605469,1,,,"[[374, 441]]",
480,train,25杭州,86,E:\桌面\v-Net\dataset\26合并\25杭州\86_1.5110.jpg,1.511,0.54,411.0226745605469,640,480,ok,-0.3310531325638294,1.0,259,320.0,5.884875774383545,422.2411193847656,214.06299757957458,416.3562436103821,,2,"[0, 13]","[391, 454]","[[0, 13], [391, 454]]",
481,train,25杭州,88,E:\桌面\v-Net\dataset\26合并\25杭州\88_1.5110.jpg,1.511,0.54,411.0226745605469,640,480,ok,-0.2535038888454437,1.0,259,320.0,37.19467544555664,440.5628356933594,238.878755569458,403.36816024780273,,2,"[18, 55]","[412, 470]","[[18, 55], [412, 470]]",
482,train,25杭州,89,E:\桌面\v-Net\dataset\26合并\25杭州\89_1.5110.jpg,1.511,0.54,411.0226745605469,640,480,ok,-0.18630726337432862,1.0,259,320.0,64.21421813964844,456.54913330078125,260.38167572021484,392.3349151611328,,3,"[45, 83]","[430, 484]","[[45, 83], [430, 484], [570, 639]]",
483,train,25杭州,90,E:\桌面\v-Net\dataset\26合并\25杭州\90_1.5110.jpg,1.511,0.54,411.0226745605469,640,480,ok,-0.15279550552368165,1.0,259,320.0,77.49807739257812,464.7127990722656,271.1054382324219,387.2147216796875,,3,"[58, 96]","[439, 491]","[[58, 96], [439, 491], [555, 639]]",
484,train,25杭州,91,E:\桌面\v-Net\dataset\26合并\25杭州\91_0.0000.jpg,0.0,0.54,411.0226745605469,640,480,ok,-0.08281245231628417,1.0,259,320.0,102.0799560546875,484.9200744628906,293.50001525878906,382.8401184082031,,3,"[83, 120]","[460, 511]","[[83, 120], [460, 511], [541, 638]]",
485,train,25杭州,92,E:\桌面\v-Net\dataset\26合并\25杭州\92_0.0000.jpg,0.0,0.54,411.0226745605469,640,480,ok,-0.06886346340179443,1.0,259,320.0,107.45948791503906,488.4678955078125,297.9636917114258,381.00840759277344,,3,"[88, 126]","[465, 514]","[[88, 126], [465, 514], [530, 625]]",
486,train,25杭州,93,E:\桌面\v-Net\dataset\26合并\25杭州\93_0.0000.jpg,0.0,0.54,411.0226745605469,640,480,ok,-0.03545763492584229,1.0,259,320.0,118.24925231933594,499.057861328125,308.65355682373047,380.80860900878906,,2,"[95, 140]","[478, 521]","[[95, 140], [478, 521]]",
487,train,25杭州,94,E:\桌面\v-Net\dataset\26合并\25杭州\94_0.0000.jpg,0.0,0.54,411.0226745605469,640,480,ok,-0.010868847370147705,1.0,259,320.0,105.33434295654297,527.7095947265625,316.52196884155273,422.37525177001953,,2,"[86, 124]","[462, 606]","[[86, 124], [462, 606]]",
488,train,25杭州,95,E:\桌面\v-Net\dataset\26合并\25杭州\95_0.0000.jpg,0.0,0.54,411.0226745605469,640,480,ok,-0.040736269950866696,1.0,259,320.0,102.22953796386719,511.6992492675781,306.96439361572266,409.46971130371094,,2,"[83, 121]","[457, 577]","[[83, 121], [457, 577]]",
489,train,25杭州,97,E:\桌面\v-Net\dataset\26合并\25杭州\97_0.0000.jpg,0.0,0.54,411.0226745605469,640,480,ok,-0.07224212884902954,1.0,259,320.0,97.21709442138672,496.5479431152344,296.88251876831055,399.33084869384766,,2,"[78, 116]","[453, 551]","[[78, 116], [453, 551]]",
490,train,25杭州,98,E:\桌面\v-Net\dataset\26合并\25杭州\98_0.0000.jpg,0.0,0.54,411.0226745605469,640,480,ok,-0.09145255088806152,1.0,259,320.0,93.06423950195312,488.4061279296875,290.7351837158203,395.3418884277344,,2,"[72, 113]","[450, 534]","[[72, 113], [450, 534]]",
491,train,25杭州,100,E:\桌面\v-Net\dataset\26合并\25杭州\100_0.0000.jpg,0.0,0.54,411.0226745605469,640,480,ok,-0.1183739185333252,1.0,259,320.0,86.80078125,477.4399108886719,282.12034606933594,390.6391296386719,,2,"[66, 106]","[446, 514]","[[66, 106], [446, 514]]",
492,train,25杭州,102,E:\桌面\v-Net\dataset\26合并\25杭州\102_0.0000.jpg,0.0,0.54,411.0226745605469,640,480,ok,-0.1374572515487671,1.0,259,320.0,82.32838439941406,469.698974609375,276.01367950439453,387.37059020996094,,2,"[62, 102]","[442, 501]","[[62, 102], [442, 501]]",
493,train,25杭州,104,E:\桌面\v-Net\dataset\26合并\25杭州\104_0.0000.jpg,0.0,0.54,411.0226745605469,640,480,ok,-0.0364840030670166,1.0,259,320.0,118.03021240234375,498.6200256347656,308.3251190185547,380.5898132324219,,2,"[96, 139]","[478, 520]","[[96, 139], [478, 520]]",
494,train,25杭州,105,E:\桌面\v-Net\dataset\26合并\25杭州\105_0.0000.jpg,0.0,0.54,411.0226745605469,640,480,ok,-0.02864788770675659,1.0,259,320.0,121.97672271728516,499.6886291503906,310.8326759338379,377.71190643310547,,2,"[100, 143]","[480, 522]","[[100, 143], [480, 522]]",
495,train,25杭州,106,E:\桌面\v-Net\dataset\26合并\25杭州\106_0.0000.jpg,0.0,0.54,411.0226745605469,640,480,ok,-0.09798227548599243,1.0,259,320.0,100.02336883544922,477.2679748535156,288.6456718444824,377.2446060180664,,2,"[78, 122]","[454, 501]","[[78, 122], [454, 501]]",
496,train,25杭州,107,E:\桌面\v-Net\dataset\26合并\25杭州\107_0.0000.jpg,0.0,0.54,411.0226745605469,640,480,ok,-0.10059043169021606,1.0,259,320.0,99.4139633178711,476.2081604003906,287.81106185913086,376.79419708251953,,2,"[76, 122]","[454, 500]","[[76, 122], [454, 500]]",
497,train,25杭州,108,E:\桌面\v-Net\dataset\26合并\25杭州\108_0.0000.jpg,0.0,0.54,411.0226745605469,640,480,ok,-0.10083872079849243,1.0,259,320.0,101.2622299194336,474.20098876953125,287.7316093444824,372.93875885009766,,2,"[78, 125]","[452, 498]","[[78, 125], [452, 498]]",
498,train,25杭州,109,E:\桌面\v-Net\dataset\26合并\25杭州\109_0.0000.jpg,0.0,0.54,411.0226745605469,640,480,ok,-0.10055395364761352,1.0,259,320.0,102.29662322998047,473.3488464355469,287.8227348327637,371.0522232055664,,2,"[78, 126]","[452, 496]","[[78, 126], [452, 496]]",
499,train,25杭州,110,E:\桌面\v-Net\dataset\26合并\25杭州\110_0.0000.jpg,0.0,0.54,411.0226745605469,640,480,ok,-0.09631069898605346,1.0,259,320.0,103.33039093017578,475.03076171875,289.1805763244629,371.7003707885742,,2,"[78, 129]","[455, 497]","[[78, 129], [455, 497]]",
500,train,25杭州,111,E:\桌面\v-Net\dataset\26合并\25杭州\111_0.0000.jpg,0.0,0.54,411.0226745605469,640,480,ok,-0.06973344087600708,1.0,259,320.0,106.27733612060547,489.09326171875,297.68529891967773,382.81592559814453,,2,"[81, 131]","[464, 513]","[[81, 131], [464, 513]]",
501,train,25杭州,112,E:\桌面\v-Net\dataset\26合并\25杭州\112_0.0000.jpg,0.0,0.54,411.0226745605469,640,480,ok,-0.028011345863342287,1.0,259,320.0,120.94328308105469,501.12945556640625,311.03636932373047,380.18617248535156,,2,"[99, 143]","[480, 523]","[[99, 143], [480, 523]]",
502,train,25杭州,113,E:\桌面\v-Net\dataset\26合并\25杭州\113_0.0000.jpg,0.0,0.54,411.0226745605469,640,480,ok,-0.028756678104400635,1.0,259,320.0,120.8318099975586,500.763916015625,310.7978630065918,379.9321060180664,,2,"[99, 141]","[480, 523]","[[99, 141], [480, 523]]",
503,train,25杭州,115,E:\桌面\v-Net\dataset\26合并\25杭州\115_0.0000.jpg,0.0,0.54,411.0226745605469,640,480,ok,-0.03428668975830078,1.0,259,320.0,117.2677001953125,500.788818359375,309.02825927734375,383.5211181640625,,2,"[98, 136]","[478, 524]","[[98, 136], [478, 524]]",
504,train,25杭州,116,E:\桌面\v-Net\dataset\26合并\25杭州\116_0.0000.jpg,0.0,0.54,411.0226745605469,640,480,ok,-0.041763269901275636,1.0,259,320.0,114.68697357177734,498.58453369140625,306.6357536315918,383.8975601196289,,2,"[96, 132]","[475, 522]","[[96, 132], [475, 522]]",
505,train,25杭州,119,E:\桌面\v-Net\dataset\26合并\25杭州\119_0.0000.jpg,0.0,0.54,411.0226745605469,640,480,ok,-0.10616648197174072,1.0,259,320.0,83.03218078613281,489.0212707519531,286.02672576904297,405.9890899658203,,2,"[59, 104]","[464, 514]","[[59, 104], [464, 514]]",
506,train,25杭州,120,E:\桌面\v-Net\dataset\26合并\25杭州\120_0.0000.jpg,0.0,0.54,411.0226745605469,640,480,ok,-0.1295487642288208,1.0,259,320.0,72.30989074707031,484.7789001464844,278.54439544677734,412.46900939941406,,2,"[44, 97]","[460, 510]","[[44, 97], [460, 510]]",
507,train,25杭州,121,E:\桌面\v-Net\dataset\26合并\25杭州\121_0.0000.jpg,0.0,0.54,411.0226745605469,640,480,ok,-0.1849356174468994,1.0,259,320.0,43.876007080078125,477.76519775390625,260.8206024169922,433.8891906738281,,2,"[4, 78]","[452, 504]","[[4, 78], [452, 504]]",
508,train,25杭州,122,E:\桌面\v-Net\dataset\26合并\25杭州\122_0.0000.jpg,0.0,0.54,411.0226745605469,640,480,ok,-0.026785671710968018,1.0,259,320.0,122.57979583740234,500.2773742675781,311.42858505249023,377.6975784301758,,2,"[101, 144]","[480, 521]","[[101, 144], [480, 521]]",
509,train,25杭州,123,E:\桌面\v-Net\dataset\26合并\25杭州\123_0.0000.jpg,0.0,0.54,411.0226745605469,640,480,ok,-0.21070353984832763,1.0,259,320.0,30.940505981445312,474.209228515625,252.57486724853516,443.2687225341797,,2,"[0, 66]","[447, 501]","[[0, 66], [447, 501]]",
510,train,25杭州,124,E:\桌面\v-Net\dataset\26合并\25杭州\124_0.0000.jpg,0.0,0.54,411.0226745605469,640,480,ok,-0.25201861560344696,1.0,259,320.0,13.758928298950195,464.94915771484375,239.35404300689697,451.19022941589355,,2,"[0, 33]","[437, 493]","[[0, 33], [437, 493]]",
511,train,25杭州,127,E:\桌面\v-Net\dataset\26合并\25杭州\127_0.0000.jpg,0.0,0.54,411.0226745605469,640,480,inferred_missing_left,-0.253248929977417,0.6,259,320.0,33.449005126953125,444.4716796875,238.96034240722656,411.0226745605469,411.0226745605469,1,,,"[[413, 476]]",
512,train,25杭州,131,E:\桌面\v-Net\dataset\26合并\25杭州\131_0.0000.jpg,0.0,0.54,411.0226745605469,640,480,inferred_missing_left,-0.381435489654541,0.6,259,320.0,0.0,395.88128662109375,197.94064331054688,395.88128662109375,411.0226745605469,1,,,"[[360, 431]]",
513,train,25杭州,132,E:\桌面\v-Net\dataset\26合并\25杭州\132_0.0000.jpg,0.0,0.54,411.0226745605469,640,480,inferred_missing_left,-0.4115805149078369,0.6,259,320.0,0.0,376.5884704589844,188.2942352294922,376.5884704589844,411.0226745605469,1,,,"[[340, 413]]",
514,train,25杭州,133,E:\桌面\v-Net\dataset\26合并\25杭州\133_1.5110.jpg,1.511,0.54,411.0226745605469,640,480,inferred_missing_left,-0.4302614688873291,0.6,259,320.0,0.0,364.6326599121094,182.3163299560547,364.6326599121094,411.0226745605469,1,,,"[[326, 402]]",
515,train,25杭州,134,E:\桌面\v-Net\dataset\26合并\25杭州\134_1.5110.jpg,1.511,0.54,411.0226745605469,640,480,inferred_missing_left,-0.46023054122924806,0.6,259,320.0,0.0,345.45245361328125,172.72622680664062,345.45245361328125,411.0226745605469,1,,,"[[306, 384]]",
516,train,25杭州,136,E:\桌面\v-Net\dataset\26合并\25杭州\136_1.5110.jpg,1.511,0.54,411.0226745605469,640,480,inferred_missing_left,-0.472521448135376,0.6,259,320.0,0.0,337.5862731933594,168.7931365966797,337.5862731933594,411.0226745605469,1,,,"[[297, 377]]",
517,train,25杭州,140,E:\桌面\v-Net\dataset\26合并\25杭州\140_1.5110.jpg,1.511,0.54,411.0226745605469,640,480,inferred_missing_left,-0.471236515045166,0.6,259,320.0,0.0,338.40863037109375,169.20431518554688,338.40863037109375,411.0226745605469,1,,,"[[299, 378]]",
518,train,25杭州,141,E:\桌面\v-Net\dataset\26合并\25杭州\141_1.5110.jpg,1.511,0.54,411.0226745605469,640,480,inferred_missing_left,-0.4684091567993164,0.6,259,320.0,0.0,340.2181396484375,170.10906982421875,340.2181396484375,411.0226745605469,1,,,"[[301, 379]]",
519,train,25杭州,145,E:\桌面\v-Net\dataset\26合并\25杭州\145_1.5110.jpg,1.511,0.54,411.0226745605469,640,480,insufficient_yellow_edges,,0.0,259,320.0,,,,,,2,,,"[[309, 387], [501, 639]]",
520,train,25杭州,147,E:\桌面\v-Net\dataset\26合并\25杭州\147_1.5110.jpg,1.511,0.54,411.0226745605469,640,480,insufficient_yellow_edges,,0.0,259,320.0,,,,,,2,,,"[[308, 386], [453, 639]]",
521,train,25杭州,148,E:\桌面\v-Net\dataset\26合并\25杭州\148_1.5110.jpg,1.511,0.54,411.0226745605469,640,480,insufficient_yellow_edges,,0.0,259,320.0,,,,,,2,,,"[[308, 386], [450, 639]]",
522,train,25杭州,150,E:\桌面\v-Net\dataset\26合并\25杭州\150_1.5110.jpg,1.511,0.54,411.0226745605469,640,480,insufficient_yellow_edges,,0.0,259,320.0,,,,,,2,,,"[[312, 390], [440, 639]]",
523,train,25杭州,151,E:\桌面\v-Net\dataset\26合并\25杭州\151_1.5110.jpg,1.511,0.54,411.0226745605469,640,480,insufficient_yellow_edges,,0.0,259,320.0,,,,,,5,,,"[[314, 392], [428, 496], [503, 519], [532, 545], [605, 639]]",
524,train,25杭州,152,E:\桌面\v-Net\dataset\26合并\25杭州\152_1.5110.jpg,1.511,0.54,411.0226745605469,640,480,insufficient_yellow_edges,,0.0,259,320.0,,,,,,5,,,"[[318, 392], [429, 519], [528, 558], [565, 596], [606, 639]]",
525,train,25杭州,153,E:\桌面\v-Net\dataset\26合并\25杭州\153_1.5110.jpg,1.511,0.54,411.0226745605469,640,480,insufficient_yellow_edges,,0.0,259,320.0,,,,,,3,,,"[[318, 393], [433, 505], [536, 596]]",
526,train,25杭州,155,E:\桌面\v-Net\dataset\26合并\25杭州\155_1.5110.jpg,1.511,0.54,411.0226745605469,640,480,insufficient_yellow_edges,,0.0,259,320.0,,,,,,5,,,"[[318, 391], [434, 512], [526, 539], [558, 569], [583, 614]]",
527,train,25杭州,156,E:\桌面\v-Net\dataset\26合并\25杭州\156_1.5110.jpg,1.511,0.54,411.0226745605469,640,480,insufficient_yellow_edges,,0.0,259,320.0,,,,,,4,,,"[[321, 394], [461, 483], [489, 499], [557, 633]]",
528,train,25杭州,157,E:\桌面\v-Net\dataset\26合并\25杭州\157_1.5110.jpg,1.511,0.54,411.0226745605469,640,480,insufficient_yellow_edges,,0.0,259,320.0,,,,,,3,,,"[[322, 394], [471, 512], [533, 639]]",
529,train,25杭州,158,E:\桌面\v-Net\dataset\26合并\25杭州\158_1.5110.jpg,1.511,0.54,411.0226745605469,640,480,insufficient_yellow_edges,,0.0,259,320.0,,,,,,4,,,"[[324, 397], [466, 571], [582, 610], [625, 635]]",
530,train,25杭州,163,E:\桌面\v-Net\dataset\26合并\25杭州\163_1.5110.jpg,1.511,0.54,411.0226745605469,640,480,insufficient_yellow_edges,,0.0,259,320.0,,,,,,3,,,"[[328, 401], [570, 583], [620, 632]]",
531,train,25杭州,164,E:\桌面\v-Net\dataset\26合并\25杭州\164_1.5110.jpg,1.511,0.54,411.0226745605469,640,480,insufficient_yellow_edges,,0.0,259,320.0,,,,,,3,,,"[[331, 403], [587, 594], [605, 639]]",
532,train,25杭州,165,E:\桌面\v-Net\dataset\26合并\25杭州\165_0.0000.jpg,0.0,0.54,411.0226745605469,640,480,ok,-0.028722405433654785,1.0,259,320.0,120.93824768066406,500.6794128417969,310.80883026123047,379.7411651611328,,2,"[99, 142]","[480, 522]","[[99, 142], [480, 522]]",
533,train,25杭州,166,E:\桌面\v-Net\dataset\26合并\25杭州\166_1.5110.jpg,1.511,0.54,411.0226745605469,640,480,insufficient_yellow_edges,,0.0,259,320.0,,,,,,3,,,"[[331, 403], [614, 624], [632, 639]]",
534,train,25杭州,167,E:\桌面\v-Net\dataset\26合并\25杭州\167_1.5110.jpg,1.511,0.54,411.0226745605469,640,480,insufficient_yellow_edges,,0.0,259,320.0,,,,,,4,,,"[[336, 408], [589, 602], [615, 623], [631, 639]]",
535,train,25杭州,168,E:\桌面\v-Net\dataset\26合并\25杭州\168_1.5110.jpg,1.511,0.54,411.0226745605469,640,480,insufficient_yellow_edges,,0.0,259,320.0,,,,,,2,,,"[[342, 411], [626, 639]]",
536,train,25杭州,169,E:\桌面\v-Net\dataset\26合并\25杭州\169_1.5110.jpg,1.511,0.54,411.0226745605469,640,480,inferred_missing_left,-0.4086045742034912,0.6,259,320.0,0.0,378.4930725097656,189.2465362548828,378.4930725097656,411.0226745605469,1,,,"[[344, 412]]",
537,train,25杭州,170,E:\桌面\v-Net\dataset\26合并\25杭州\170_1.5110.jpg,1.511,0.54,411.0226745605469,640,480,inferred_missing_left,-0.4067085266113281,0.6,259,320.0,0.0,379.70654296875,189.853271484375,379.70654296875,411.0226745605469,1,,,"[[342, 415]]",
538,train,25杭州,172,E:\桌面\v-Net\dataset\26合并\25杭州\172_1.5110.jpg,1.511,0.54,411.0226745605469,640,480,inferred_missing_left,-0.4027718067169189,0.6,259,320.0,0.0,382.2260437011719,191.11302185058594,382.2260437011719,411.0226745605469,1,,,"[[345, 419]]",
539,train,25杭州,173,E:\桌面\v-Net\dataset\26合并\25杭州\173_1.5110.jpg,1.511,0.54,411.0226745605469,640,480,inferred_missing_left,-0.40303759574890136,0.6,259,320.0,0.0,382.0559387207031,191.02796936035156,382.0559387207031,411.0226745605469,1,,,"[[344, 419]]",
540,train,25杭州,174,E:\桌面\v-Net\dataset\26合并\25杭州\174_1.5110.jpg,1.511,0.54,411.0226745605469,640,480,inferred_missing_left,-0.39789714813232424,0.6,259,320.0,0.0,385.3458251953125,192.67291259765625,385.3458251953125,411.0226745605469,1,,,"[[348, 423]]",
541,train,25杭州,176,E:\桌面\v-Net\dataset\26合并\25杭州\176_0.0000.jpg,0.0,0.54,411.0226745605469,640,480,ok,-0.028609704971313477,1.0,259,320.0,121.4010009765625,500.2887878417969,310.8448944091797,378.8877868652344,,2,"[100, 143]","[479, 522]","[[100, 143], [479, 522]]",
542,train,25杭州,177,E:\桌面\v-Net\dataset\26合并\25杭州\177_1.5110.jpg,1.511,0.54,411.0226745605469,640,480,inferred_missing_left,-0.39532861709594724,0.6,259,320.0,0.0,386.98968505859375,193.49484252929688,386.98968505859375,411.0226745605469,1,,,"[[349, 423]]",
543,train,25杭州,178,E:\桌面\v-Net\dataset\26合并\25杭州\178_1.5110.jpg,1.511,0.54,411.0226745605469,640,480,inferred_missing_left,-0.3923035144805908,0.6,259,320.0,0.0,388.9257507324219,194.46287536621094,388.9257507324219,411.0226745605469,1,,,"[[348, 428]]",
544,train,25杭州,179,E:\桌面\v-Net\dataset\26合并\25杭州\179_1.5110.jpg,1.511,0.54,411.0226745605469,640,480,inferred_missing_left,-0.3912160396575928,0.6,259,320.0,0.0,389.6217346191406,194.8108673095703,389.6217346191406,411.0226745605469,1,,,"[[348, 431]]",
545,train,25杭州,181,E:\桌面\v-Net\dataset\26合并\25杭州\181_1.5110.jpg,1.511,0.54,411.0226745605469,640,480,inferred_missing_left,-0.38625187873840333,0.6,259,320.0,0.0,392.7987976074219,196.39939880371094,392.7987976074219,411.0226745605469,1,,,"[[350, 435]]",
546,train,25杭州,182,E:\桌面\v-Net\dataset\26合并\25杭州\182_1.5110.jpg,1.511,0.54,411.0226745605469,640,480,inferred_missing_left,-0.386159086227417,0.6,259,320.0,0.0,392.8581848144531,196.42909240722656,392.8581848144531,411.0226745605469,1,,,"[[350, 435]]",
547,train,25杭州,183,E:\桌面\v-Net\dataset\26合并\25杭州\183_1.5110.jpg,1.511,0.54,411.0226745605469,640,480,inferred_missing_left,-0.38994507789611815,0.6,259,320.0,0.0,390.4351501464844,195.2175750732422,390.4351501464844,411.0226745605469,1,,,"[[349, 432]]",
548,train,25杭州,187,E:\桌面\v-Net\dataset\26合并\25杭州\187_0.0000.jpg,0.0,0.54,411.0226745605469,640,480,ok,-0.027566540241241454,1.0,259,320.0,121.25579071044922,501.10162353515625,311.17870712280273,379.84583282470703,,2,"[99, 142]","[480, 523]","[[99, 142], [480, 523]]",
549,train,25杭州,189,E:\桌面\v-Net\dataset\26合并\25杭州\189_1.5110.jpg,1.511,0.54,411.0226745605469,640,480,inferred_missing_left,-0.3678013324737549,0.6,259,320.0,0.0,404.6071472167969,202.30357360839844,404.6071472167969,411.0226745605469,1,,,"[[373, 437]]",
550,train,25杭州,191,E:\桌面\v-Net\dataset\26合并\25杭州\191_1.5110.jpg,1.511,0.54,411.0226745605469,640,480,ok,-0.3183983787894249,1.0,259,320.0,14.843079566955566,421.3819580078125,218.11251878738403,406.53887844085693,,2,"[0, 32]","[392, 452]","[[0, 32], [392, 452]]",
551,train,25杭州,194,E:\桌面\v-Net\dataset\26合并\25杭州\194_1.5110.jpg,1.511,0.54,411.0226745605469,640,480,ok,-0.19756569266319274,1.0,259,320.0,62.509525299072266,451.0484313964844,256.7789783477783,388.5389060974121,,3,"[43, 81]","[424, 477]","[[43, 81], [424, 477], [533, 639]]",
552,train,25杭州,196,E:\桌面\v-Net\dataset\26合并\25杭州\196_0.0000.jpg,0.0,0.54,411.0226745605469,640,480,ok,-0.09094510078430176,1.0,259,320.0,100.85943603515625,480.9356994628906,290.89756774902344,380.0762634277344,,3,"[80, 121]","[455, 510]","[[80, 121], [455, 510], [516, 603]]",
553,train,25杭州,197,E:\桌面\v-Net\dataset\26合并\25杭州\197_0.0000.jpg,0.0,0.54,411.0226745605469,640,480,ok,-0.0027777791023254395,1.0,259,320.0,115.71776580810547,522.5044555664062,319.11111068725586,406.7866897583008,,2,"[96, 135]","[469, 588]","[[96, 135], [469, 588]]",
554,train,25杭州,198,E:\桌面\v-Net\dataset\26合并\25杭州\198_0.0000.jpg,0.0,0.54,411.0226745605469,640,480,ok,-0.027614760398864745,1.0,259,320.0,120.95664978027344,501.3699035644531,311.1632766723633,380.4132537841797,,2,"[99, 142]","[481, 523]","[[99, 142], [481, 523]]",
555,train,25杭州,199,E:\桌面\v-Net\dataset\26合并\25杭州\199_0.0000.jpg,0.0,0.54,411.0226745605469,640,480,ok,-0.017923998832702636,1.0,259,320.0,116.01210021972656,512.5165405273438,314.26432037353516,396.5044403076172,,2,"[96, 135]","[467, 570]","[[96, 135], [467, 570]]",
556,train,25杭州,200,E:\桌面\v-Net\dataset\26合并\25杭州\200_0.0000.jpg,0.0,0.54,411.0226745605469,640,480,ok,-0.030070805549621583,1.0,259,320.0,112.66334533691406,508.0913391113281,310.3773422241211,395.42799377441406,,2,"[93, 132]","[468, 559]","[[93, 132], [468, 559]]",
557,train,25杭州,201,E:\桌面\v-Net\dataset\26合并\25杭州\201_0.0000.jpg,0.0,0.54,411.0226745605469,640,480,ok,-0.036086654663085936,1.0,259,320.0,110.48532104492188,506.4192199707031,308.4522705078125,395.93389892578125,,2,"[90, 130]","[469, 553]","[[90, 130], [469, 553]]",
558,train,25杭州,202,E:\桌面\v-Net\dataset\26合并\25杭州\202_0.0000.jpg,0.0,0.54,411.0226745605469,640,480,ok,-0.049369978904724124,1.0,259,320.0,108.90882873535156,499.494384765625,304.2016067504883,390.58555603027344,,2,"[88, 129]","[465, 539]","[[88, 129], [465, 539]]",
559,train,25杭州,204,E:\桌面\v-Net\dataset\26合并\25杭州\204_0.0000.jpg,0.0,0.54,411.0226745605469,640,480,ok,-0.07027132511138916,1.0,259,320.0,105.19569396972656,489.8306579589844,297.51317596435547,384.6349639892578,,2,"[84, 125]","[461, 523]","[[84, 125], [461, 523]]",
560,train,25杭州,205,E:\桌面\v-Net\dataset\26合并\25杭州\205_0.0000.jpg,0.0,0.54,411.0226745605469,640,480,ok,-0.07543597221374512,1.0,259,320.0,104.38558959960938,487.33538818359375,295.86048889160156,382.9497985839844,,2,"[83, 124]","[460, 518]","[[83, 124], [460, 518]]",
561,train,25杭州,207,E:\桌面\v-Net\dataset\26合并\25杭州\207_0.0000.jpg,0.0,0.54,411.0226745605469,640,480,ok,-0.08757252693176269,1.0,259,320.0,101.3468017578125,482.6067810058594,291.97679138183594,381.2599792480469,,2,"[80, 122]","[457, 510]","[[80, 122], [457, 510]]",
562,train,25杭州,208,E:\桌面\v-Net\dataset\26合并\25杭州\208_0.0000.jpg,0.0,0.54,411.0226745605469,640,480,ok,-0.09445767402648926,1.0,259,320.0,99.322265625,480.2248229980469,289.77354431152344,380.9025573730469,,2,"[77, 121]","[456, 507]","[[77, 121], [456, 507]]",
563,train,25杭州,210,E:\桌面\v-Net\dataset\26合并\25杭州\210_0.0000.jpg,0.0,0.54,411.0226745605469,640,480,ok,-0.020328640937805176,1.0,259,320.0,125.34855651855469,501.64111328125,313.49483489990234,376.2925567626953,,2,"[103, 147]","[483, 518]","[[103, 147], [483, 518]]",
564,train,25杭州,211,E:\桌面\v-Net\dataset\26合并\25杭州\211_0.0000.jpg,0.0,0.54,411.0226745605469,640,480,ok,-0.06918641328811645,1.0,259,320.0,108.52544403076172,487.19525146484375,297.86034774780273,378.66980743408203,,2,"[86, 130]","[463, 513]","[[86, 130], [463, 513]]",
565,train,25杭州,212,E:\桌面\v-Net\dataset\26合并\25杭州\212_0.0000.jpg,0.0,0.54,411.0226745605469,640,480,ok,-0.07129019498825073,1.0,259,320.0,108.9192886352539,485.4549865722656,297.18713760375977,376.5356979370117,,2,"[86, 131]","[462, 510]","[[86, 131], [462, 510]]",
566,train,25杭州,215,E:\桌面\v-Net\dataset\26合并\25杭州\215_0.0000.jpg,0.0,0.54,411.0226745605469,640,480,ok,-0.05344313383102417,1.0,259,320.0,115.48148345947266,490.3149108886719,302.89819717407227,374.8334274291992,,2,"[91, 140]","[470, 515]","[[91, 140], [470, 515]]",
567,train,25杭州,217,E:\桌面\v-Net\dataset\26合并\25杭州\217_0.0000.jpg,0.0,0.54,411.0226745605469,640,480,ok,-0.07876564264297485,1.0,259,320.0,120.7794418334961,468.810546875,294.79499435424805,348.0311050415039,,3,"[95, 147]","[454, 484]","[[95, 147], [454, 484], [507, 541]]",
568,train,25杭州,218,E:\桌面\v-Net\dataset\26合并\25杭州\218_0.0000.jpg,0.0,0.54,411.0226745605469,640,480,ok,-0.027237343788146972,1.0,259,320.0,121.32762145996094,501.240478515625,311.28404998779297,379.91285705566406,,2,"[100, 142]","[481, 523]","[[100, 142], [481, 523]]",
569,train,25杭州,219,E:\桌面\v-Net\dataset\26合并\25杭州\219_0.0000.jpg,0.0,0.54,411.0226745605469,640,480,ok,-0.029305827617645264,1.0,259,320.0,120.2099380493164,501.0343322753906,310.6221351623535,380.8243942260742,,2,"[98, 141]","[479, 523]","[[98, 141], [479, 523]]",
570,train,25杭州,221,E:\桌面\v-Net\dataset\26合并\25杭州\221_0.0000.jpg,0.0,0.54,411.0226745605469,640,480,ok,-0.03228867053985596,1.0,259,320.0,119.10542297363281,500.2298278808594,309.6676254272461,381.12440490722656,,2,"[99, 139]","[479, 522]","[[99, 139], [479, 522]]",
571,train,25杭州,223,E:\桌面\v-Net\dataset\26合并\25杭州\223_0.0000.jpg,0.0,0.54,411.0226745605469,640,480,ok,-0.048829078674316406,1.0,259,320.0,112.80596923828125,495.94342041015625,304.37469482421875,383.137451171875,,2,"[95, 130]","[473, 519]","[[95, 130], [473, 519]]",
572,train,25杭州,224,E:\桌面\v-Net\dataset\26合并\25杭州\224_0.0000.jpg,0.0,0.54,411.0226745605469,640,480,ok,-0.06839016675949097,1.0,259,320.0,102.74625396728516,493.4840393066406,298.1151466369629,390.73778533935547,,2,"[86, 119]","[470, 517]","[[86, 119], [470, 517]]",
573,train,25杭州,225,E:\桌面\v-Net\dataset\26合并\25杭州\225_0.0000.jpg,0.0,0.54,411.0226745605469,640,480,ok,-0.0821951985359192,1.0,259,320.0,96.19243621826172,491.20263671875,293.69753646850586,395.0102005004883,,2,"[77, 114]","[467, 516]","[[77, 114], [467, 516]]",
574,train,25杭州,226,E:\桌面\v-Net\dataset\26合并\25杭州\226_0.0000.jpg,0.0,0.54,411.0226745605469,640,480,ok,-0.11560964584350586,1.0,259,320.0,79.61978149414062,486.3900451660156,283.0049133300781,406.770263671875,,2,"[55, 102]","[462, 511]","[[55, 102], [462, 511]]",
575,train,25杭州,227,E:\桌面\v-Net\dataset\26合并\25杭州\227_0.0000.jpg,0.0,0.54,411.0226745605469,640,480,ok,-0.13575085401535034,1.0,259,320.0,69.38590240478516,483.7335510253906,276.5597267150879,414.34764862060547,,2,"[41, 94]","[459, 509]","[[41, 94], [459, 509]]",
576,train,25杭州,229,E:\桌面\v-Net\dataset\26合并\25杭州\229_0.0000.jpg,0.0,0.54,411.0226745605469,640,480,ok,-0.1931341826915741,1.0,259,320.0,39.88835525512695,476.5057678222656,258.1970615386963,436.6174125671387,,2,"[0, 75]","[451, 502]","[[0, 75], [451, 502]]",
577,train,25杭州,231,E:\桌面\v-Net\dataset\26合并\25杭州\231_0.0000.jpg,0.0,0.54,411.0226745605469,640,480,ok,-0.254419170320034,1.0,259,320.0,13.307229042053223,463.864501953125,238.5858654975891,450.5572729110718,,2,"[0, 32]","[436, 492]","[[0, 32], [436, 492]]",
578,train,25杭州,232,E:\桌面\v-Net\dataset\26合并\25杭州\232_0.0000.jpg,0.0,0.54,411.0226745605469,640,480,ok,-0.2737574644386768,1.0,259,320.0,5.107142925262451,459.6880798339844,232.3976113796234,454.5809369087219,,2,"[0, 11]","[431, 488]","[[0, 11], [431, 488]]",
579,train,25杭州,233,E:\桌面\v-Net\dataset\26合并\25杭州\233_0.0000.jpg,0.0,0.54,411.0226745605469,640,480,inferred_missing_left,-0.2369640827178955,0.6,259,320.0,38.66015625,449.6828308105469,244.17149353027344,411.0226745605469,411.0226745605469,1,,,"[[420, 479]]",
580,train,25杭州,235,E:\桌面\v-Net\dataset\26合并\25杭州\235_0.0000.jpg,0.0,0.54,411.0226745605469,640,480,inferred_missing_left,-0.2988429546356201,0.6,259,320.0,18.858917236328125,429.881591796875,224.37025451660156,411.0226745605469,411.0226745605469,1,,,"[[399, 462]]",
581,train,25杭州,236,E:\桌面\v-Net\dataset\26合并\25杭州\236_0.0000.jpg,0.0,0.54,411.0226745605469,640,480,inferred_missing_left,-0.32526659965515137,0.6,259,320.0,10.403350830078125,421.426025390625,215.91468811035156,411.0226745605469,411.0226745605469,1,,,"[[389, 453]]",
582,train,25杭州,237,E:\桌面\v-Net\dataset\26合并\25杭州\237_0.0000.jpg,0.0,0.54,411.0226745605469,640,480,inferred_missing_left,-0.3665822982788086,0.6,259,320.0,0.0,405.3873291015625,202.69366455078125,405.3873291015625,411.0226745605469,1,,,"[[371, 440]]",
583,train,25杭州,239,E:\桌面\v-Net\dataset\26合并\25杭州\239_0.0000.jpg,0.0,0.54,411.0226745605469,640,480,ok,-0.019253432750701904,1.0,259,320.0,124.07135772705078,503.6064453125,313.8389015197754,379.5350875854492,,2,"[102, 145]","[483, 525]","[[102, 145], [483, 525]]",
584,train,25杭州,240,E:\桌面\v-Net\dataset\26合并\25杭州\240_1.5110.jpg,1.511,0.54,411.0226745605469,640,480,inferred_missing_left,-0.4260104656219482,0.6,259,320.0,0.0,367.3533020019531,183.67665100097656,367.3533020019531,411.0226745605469,1,,,"[[331, 404]]",
585,train,25杭州,241,E:\桌面\v-Net\dataset\26合并\25杭州\241_1.5110.jpg,1.511,0.54,411.0226745605469,640,480,inferred_missing_left,-0.42839932441711426,0.6,259,320.0,0.0,365.8244323730469,182.91221618652344,365.8244323730469,411.0226745605469,1,,,"[[329, 402]]",
586,train,25杭州,242,E:\桌面\v-Net\dataset\26合并\25杭州\242_1.5110.jpg,1.511,0.54,411.0226745605469,640,480,inferred_missing_left,-0.44239068031311035,0.6,259,320.0,0.0,356.8699645996094,178.4349822998047,356.8699645996094,411.0226745605469,1,,,"[[317, 395]]",
587,train,25杭州,245,E:\桌面\v-Net\dataset\26合并\25杭州\245_1.5110.jpg,1.511,0.54,411.0226745605469,640,480,inferred_missing_left,-0.443820858001709,0.6,259,320.0,0.0,355.95465087890625,177.97732543945312,355.95465087890625,411.0226745605469,1,,,"[[317, 394]]",
588,train,25杭州,247,E:\桌面\v-Net\dataset\26合并\25杭州\247_1.5110.jpg,1.511,0.54,411.0226745605469,640,480,inferred_missing_left,-0.44153413772583006,0.6,259,320.0,0.0,357.41815185546875,178.70907592773438,357.41815185546875,411.0226745605469,1,,,"[[318, 397]]",
589,train,25杭州,248,E:\桌面\v-Net\dataset\26合并\25杭州\248_1.5110.jpg,1.511,0.54,411.0226745605469,640,480,inferred_missing_left,-0.4381893157958984,0.6,259,320.0,0.0,359.558837890625,179.7794189453125,359.558837890625,411.0226745605469,1,,,"[[321, 397]]",
590,train,25杭州,250,E:\桌面\v-Net\dataset\26合并\25杭州\250_0.0000.jpg,0.0,0.54,411.0226745605469,640,480,ok,-0.02091895341873169,1.0,259,320.0,124.06774139404297,502.54412841796875,313.30593490600586,378.4763870239258,,2,"[102, 145]","[482, 524]","[[102, 145], [482, 524]]",
591,train,25杭州,253,E:\桌面\v-Net\dataset\26合并\25杭州\253_1.5110.jpg,1.511,0.54,411.0226745605469,640,480,insufficient_yellow_edges,,0.0,259,320.0,,,,,,2,,,"[[334, 409], [545, 639]]",
592,train,25杭州,255,E:\桌面\v-Net\dataset\26合并\25杭州\255_1.5110.jpg,1.511,0.54,411.0226745605469,640,480,insufficient_yellow_edges,,0.0,259,320.0,,,,,,3,,,"[[335, 412], [483, 508], [517, 639]]",
593,train,25杭州,256,E:\桌面\v-Net\dataset\26合并\25杭州\256_1.5110.jpg,1.511,0.54,411.0226745605469,640,480,insufficient_yellow_edges,,0.0,259,320.0,,,,,,2,,,"[[334, 412], [471, 639]]",
594,train,25杭州,258,E:\桌面\v-Net\dataset\26合并\25杭州\258_1.5110.jpg,1.511,0.54,411.0226745605469,640,480,insufficient_yellow_edges,,0.0,259,320.0,,,,,,3,,,"[[337, 415], [474, 566], [571, 639]]",
595,train,25杭州,259,E:\桌面\v-Net\dataset\26合并\25杭州\259_1.5110.jpg,1.511,0.54,411.0226745605469,640,480,insufficient_yellow_edges,,0.0,259,320.0,,,,,,5,,,"[[342, 417], [466, 473], [487, 496], [509, 516], [586, 593]]",
596,train,25杭州,260,E:\桌面\v-Net\dataset\26合并\25杭州\260_1.5110.jpg,1.511,0.54,411.0226745605469,640,480,insufficient_yellow_edges,,0.0,259,320.0,,,,,,4,,,"[[345, 417], [455, 464], [503, 514], [558, 569]]",
597,train,25杭州,261,E:\桌面\v-Net\dataset\26合并\25杭州\261_0.0000.jpg,0.0,0.54,411.0226745605469,640,480,ok,-0.021806371212005616,1.0,259,320.0,123.19635772705078,502.8475646972656,313.0219612121582,379.65120697021484,,2,"[102, 144]","[482, 525]","[[102, 144], [482, 525]]",
598,train,25杭州,262,E:\桌面\v-Net\dataset\26合并\25杭州\262_1.5110.jpg,1.511,0.54,411.0226745605469,640,480,insufficient_yellow_edges,,0.0,259,320.0,,,,,,4,,,"[[346, 416], [500, 508], [566, 593], [613, 620]]",
599,train,25杭州,263,E:\桌面\v-Net\dataset\26合并\25杭州\263_1.5110.jpg,1.511,0.54,411.0226745605469,640,480,insufficient_yellow_edges,,0.0,259,320.0,,,,,,3,,,"[[348, 419], [550, 572], [581, 639]]",
600,train,25杭州,265,E:\桌面\v-Net\dataset\26合并\25杭州\265_1.5110.jpg,1.511,0.54,411.0226745605469,640,480,insufficient_yellow_edges,,0.0,259,320.0,,,,,,2,,,"[[354, 424], [540, 552]]",
601,train,25杭州,266,E:\桌面\v-Net\dataset\26合并\25杭州\266_1.5110.jpg,1.511,0.54,411.0226745605469,640,480,insufficient_yellow_edges,,0.0,259,320.0,,,,,,3,,,"[[353, 427], [517, 551], [587, 600]]",
602,train,25杭州,267,E:\桌面\v-Net\dataset\26合并\25杭州\267_1.5110.jpg,1.511,0.54,411.0226745605469,640,480,insufficient_yellow_edges,,0.0,259,320.0,,,,,,3,,,"[[354, 429], [508, 539], [545, 556]]",
603,train,25杭州,269,E:\桌面\v-Net\dataset\26合并\25杭州\269_1.5110.jpg,1.511,0.54,411.0226745605469,640,480,inferred_missing_left,-0.386057710647583,0.6,259,320.0,0.0,392.9230651855469,196.46153259277344,392.9230651855469,411.0226745605469,1,,,"[[355, 430]]",
604,train,25杭州,270,E:\桌面\v-Net\dataset\26合并\25杭州\270_1.5110.jpg,1.511,0.54,411.0226745605469,640,480,inferred_missing_left,-0.38503313064575195,0.6,259,320.0,0.0,393.57879638671875,196.78939819335938,393.57879638671875,411.0226745605469,1,,,"[[356, 431]]",
605,train,25杭州,271,E:\桌面\v-Net\dataset\26合并\25杭州\271_1.5110.jpg,1.511,0.54,411.0226745605469,640,480,insufficient_yellow_edges,,0.0,259,320.0,,,,,,2,,,"[[356, 430], [575, 583]]",
606,train,25杭州,274,E:\桌面\v-Net\dataset\26合并\25杭州\274_1.5110.jpg,1.511,0.54,411.0226745605469,640,480,inferred_missing_left,-0.38097805976867677,0.6,259,320.0,0.0,396.1740417480469,198.08702087402344,396.1740417480469,411.0226745605469,1,,,"[[359, 432]]",
607,train,25杭州,275,E:\桌面\v-Net\dataset\26合并\25杭州\275_1.5110.jpg,1.511,0.54,411.0226745605469,640,480,inferred_missing_left,-0.37574057579040526,0.6,259,320.0,0.0,399.5260314941406,199.7630157470703,399.5260314941406,411.0226745605469,1,,,"[[364, 435]]",
608,train,25杭州,276,E:\桌面\v-Net\dataset\26合并\25杭州\276_1.5110.jpg,1.511,0.54,411.0226745605469,640,480,inferred_missing_left,-0.37531137466430664,0.6,259,320.0,0.0,399.80072021484375,199.90036010742188,399.80072021484375,411.0226745605469,1,,,"[[362, 437]]",
609,train,25杭州,279,E:\桌面\v-Net\dataset\26合并\25杭州\279_1.5110.jpg,1.511,0.54,411.0226745605469,640,480,inferred_missing_left,-0.37889723777770995,0.6,259,320.0,0.0,397.5057678222656,198.7528839111328,397.5057678222656,411.0226745605469,1,,,"[[360, 434]]",
610,train,25杭州,280,E:\桌面\v-Net\dataset\26合并\25杭州\280_1.5110.jpg,1.511,0.54,411.0226745605469,640,480,inferred_missing_left,-0.37947759628295896,0.6,259,320.0,0.0,397.13433837890625,198.56716918945312,397.13433837890625,411.0226745605469,1,,,"[[359, 434]]",
611,train,25杭州,281,E:\桌面\v-Net\dataset\26合并\25杭州\281_1.5110.jpg,1.511,0.54,411.0226745605469,640,480,inferred_missing_left,-0.3751521587371826,0.6,259,320.0,0.0,399.9026184082031,199.95130920410156,399.9026184082031,411.0226745605469,1,,,"[[361, 438]]",
612,train,25杭州,282,E:\桌面\v-Net\dataset\26合并\25杭州\282_1.5110.jpg,1.511,0.54,411.0226745605469,640,480,inferred_missing_left,-0.380495023727417,0.6,259,320.0,0.0,396.4831848144531,198.24159240722656,396.4831848144531,411.0226745605469,1,,,"[[358, 435]]",
613,train,25杭州,283,E:\桌面\v-Net\dataset\26合并\25杭州\283_0.0000.jpg,0.0,0.54,411.0226745605469,640,480,ok,-0.02373427152633667,1.0,259,320.0,122.23389434814453,502.576171875,312.40503311157227,380.34227752685547,,2,"[101, 143]","[482, 524]","[[101, 143], [482, 524]]",
614,train,25杭州,284,E:\桌面\v-Net\dataset\26合并\25杭州\284_1.5110.jpg,1.511,0.54,411.0226745605469,640,480,inferred_missing_left,-0.3792888164520264,0.6,259,320.0,0.0,397.2551574707031,198.62757873535156,397.2551574707031,411.0226745605469,1,,,"[[357, 436]]",
615,train,25杭州,287,E:\桌面\v-Net\dataset\26合并\25杭州\287_1.5110.jpg,1.511,0.54,411.0226745605469,640,480,inferred_missing_left,-0.37706522941589354,0.6,259,320.0,0.0,398.6782531738281,199.33912658691406,398.6782531738281,411.0226745605469,1,,,"[[355, 441]]",
616,train,25杭州,288,E:\桌面\v-Net\dataset\26合并\25杭州\288_1.5110.jpg,1.511,0.54,411.0226745605469,640,480,inferred_missing_left,-0.3746944904327393,0.6,259,320.0,0.0,400.1955261230469,200.09776306152344,400.1955261230469,411.0226745605469,1,,,"[[356, 443]]",
617,train,25杭州,290,E:\桌面\v-Net\dataset\26合并\25杭州\290_1.5110.jpg,1.511,0.54,411.0226745605469,640,480,inferred_missing_left,-0.3773826599121094,0.6,259,320.0,0.0,398.47509765625,199.237548828125,398.47509765625,411.0226745605469,1,,,"[[357, 440]]",
618,train,25杭州,291,E:\桌面\v-Net\dataset\26合并\25杭州\291_1.5110.jpg,1.511,0.54,411.0226745605469,640,480,inferred_missing_left,-0.37764639854431153,0.6,259,320.0,0.0,398.3063049316406,199.1531524658203,398.3063049316406,411.0226745605469,1,,,"[[357, 439]]",
619,train,25杭州,293,E:\桌面\v-Net\dataset\26合并\25杭州\293_1.5110.jpg,1.511,0.54,411.0226745605469,640,480,inferred_missing_left,-0.374922513961792,0.6,259,320.0,0.0,400.0495910644531,200.02479553222656,400.0495910644531,411.0226745605469,1,,,"[[365, 436]]",
620,train,25杭州,294,E:\桌面\v-Net\dataset\26合并\25杭州\294_0.0000.jpg,0.0,0.54,411.0226745605469,640,480,ok,-0.02424299716949463,1.0,259,320.0,121.75956726074219,502.72491455078125,312.2422409057617,380.96534729003906,,2,"[100, 143]","[482, 524]","[[100, 143], [482, 524]]",
621,train,25杭州,295,E:\桌面\v-Net\dataset\26合并\25杭州\295_1.5110.jpg,1.511,0.54,411.0226745605469,640,480,inferred_missing_left,-0.3618310928344727,0.6,259,320.0,0.0,408.4281005859375,204.21405029296875,408.4281005859375,411.0226745605469,1,,,"[[375, 443]]",
622,train,25杭州,297,E:\桌面\v-Net\dataset\26合并\25杭州\297_1.5110.jpg,1.511,0.54,411.0226745605469,640,480,ok,-0.3241677194833755,1.0,259,320.0,11.274724960327148,421.2579345703125,216.26632976531982,409.98320960998535,,2,"[0, 25]","[391, 452]","[[0, 25], [391, 452]]",
623,train,25杭州,298,E:\桌面\v-Net\dataset\26合并\25杭州\298_1.5110.jpg,1.511,0.54,411.0226745605469,640,480,ok,-0.30124757885932923,1.0,259,320.0,19.245708465576172,427.9558410644531,223.60077476501465,408.71013259887695,,2,"[0, 37]","[398, 459]","[[0, 37], [398, 459]]",
624,train,25杭州,302,E:\桌面\v-Net\dataset\26合并\25杭州\302_1.5110.jpg,1.511,0.54,411.0226745605469,640,480,ok,-0.10021349191665649,1.0,259,320.0,96.65373992919922,479.2096252441406,287.9316825866699,382.5558853149414,,3,"[77, 116]","[454, 506]","[[77, 116], [454, 506], [527, 627]]",
625,train,25杭州,303,E:\桌面\v-Net\dataset\26合并\25杭州\303_0.0000.jpg,0.0,0.54,411.0226745605469,640,480,ok,0.02596714496612549,1.0,259,320.0,121.25099182128906,535.3679809570312,328.30948638916016,414.1169891357422,,2,"[102, 140]","[474, 609]","[[102, 140], [474, 609]]",
626,train,25杭州,305,E:\桌面\v-Net\dataset\26合并\25杭州\305_0.0000.jpg,0.0,0.54,411.0226745605469,640,480,ok,-0.0256510853767395,1.0,259,320.0,121.68706512451172,501.896240234375,311.79165267944336,380.2091751098633,,2,"[99, 143]","[481, 524]","[[99, 143], [481, 524]]",
627,train,25杭州,306,E:\桌面\v-Net\dataset\26合并\25杭州\306_0.0000.jpg,0.0,0.54,411.0226745605469,640,480,ok,0.008893263339996339,1.0,259,320.0,124.0447769165039,521.6469116210938,322.8458442687988,397.60213470458984,,2,"[104, 143]","[478, 577]","[[104, 143], [478, 577]]",
628,train,25杭州,307,E:\桌面\v-Net\dataset\26合并\25杭州\307_0.0000.jpg,0.0,0.54,411.0226745605469,640,480,ok,0.0014678597450256347,1.0,259,320.0,123.15262603759766,517.7868041992188,320.4697151184082,394.6341781616211,,2,"[103, 142]","[477, 569]","[[103, 142], [477, 569]]",
629,train,25杭州,309,E:\桌面\v-Net\dataset\26合并\25杭州\309_0.0000.jpg,0.0,0.54,411.0226745605469,640,480,ok,-0.018403184413909913,1.0,259,320.0,119.34931182861328,508.8726501464844,314.1109809875488,389.5233383178711,,2,"[99, 139]","[475, 548]","[[99, 139], [475, 548]]",
630,train,25杭州,311,E:\桌面\v-Net\dataset\26合并\25杭州\311_0.0000.jpg,0.0,0.54,411.0226745605469,640,480,ok,-0.03986316919326782,1.0,259,320.0,114.80525970458984,499.68231201171875,307.2437858581543,384.8770523071289,,2,"[94, 134]","[470, 532]","[[94, 134], [470, 532]]",
631,train,25杭州,312,E:\桌面\v-Net\dataset\26合并\25杭州\312_0.0000.jpg,0.0,0.54,411.0226745605469,640,480,ok,-0.048760640621185306,1.0,259,320.0,112.84851837158203,495.9446716308594,304.3965950012207,383.09615325927734,,2,"[92, 132]","[469, 525]","[[92, 132], [469, 525]]",
632,train,25杭州,314,E:\桌面\v-Net\dataset\26合并\25杭州\314_0.0000.jpg,0.0,0.54,411.0226745605469,640,480,ok,-0.05925096273422241,1.0,259,320.0,110.09037017822266,491.989013671875,301.0396919250488,381.89864349365234,,2,"[89, 131]","[468, 518]","[[89, 131], [468, 518]]",
633,train,25杭州,315,E:\桌面\v-Net\dataset\26合并\25杭州\315_0.0000.jpg,0.0,0.54,411.0226745605469,640,480,ok,-0.06359436511993408,1.0,259,320.0,109.84660339355469,489.4530029296875,299.6498031616211,379.6063995361328,,2,"[88, 132]","[465, 515]","[[88, 132], [465, 515]]",
634,train,25杭州,316,E:\桌面\v-Net\dataset\26合并\25杭州\316_0.0000.jpg,0.0,0.54,411.0226745605469,640,480,ok,-0.026158595085144044,1.0,259,320.0,121.35707092285156,501.90142822265625,311.6292495727539,380.5443572998047,,2,"[99, 143]","[481, 524]","[[99, 143], [481, 524]]",
635,train,25杭州,317,E:\桌面\v-Net\dataset\26合并\25杭州\317_0.0000.jpg,0.0,0.54,411.0226745605469,640,480,ok,0.015886640548706053,1.0,259,320.0,137.78195190429688,512.385498046875,325.08372497558594,374.6035461425781,,2,"[115, 160]","[494, 531]","[[115, 160], [494, 531]]",
636,train,25杭州,318,E:\桌面\v-Net\dataset\26合并\25杭州\318_-1.5000.jpg,-1.5,0.54,411.0226745605469,640,480,inferred_missing_right,0.4597178936004639,0.6,259,320.0,295.2194519042969,639.0,467.10972595214844,343.7805480957031,411.0226745605469,1,,,"[[250, 341]]",
637,train,25杭州,319,E:\桌面\v-Net\dataset\26合并\25杭州\319_-1.5000.jpg,-1.5,0.54,411.0226745605469,640,480,inferred_missing_right,0.46731414794921877,0.6,259,320.0,300.0810546875,639.0,469.54052734375,338.9189453125,411.0226745605469,1,,,"[[255, 346]]",
638,train,25杭州,322,E:\桌面\v-Net\dataset\26合并\25杭州\322_-1.5000.jpg,-1.5,0.54,411.0226745605469,640,480,inferred_missing_right,0.47217464447021484,0.6,259,320.0,303.1917724609375,639.0,471.09588623046875,335.8082275390625,411.0226745605469,1,,,"[[258, 349]]",
639,train,25杭州,323,E:\桌面\v-Net\dataset\26合并\25杭州\323_-1.5000.jpg,-1.5,0.54,411.0226745605469,640,480,inferred_missing_right,0.4769343376159668,0.6,259,320.0,306.23797607421875,639.0,472.6189880371094,332.76202392578125,411.0226745605469,1,,,"[[261, 353]]",
640,train,25杭州,324,E:\桌面\v-Net\dataset\26合并\25杭州\324_-1.5800.jpg,-1.58,0.54,411.0226745605469,640,480,inferred_missing_right,0.47960567474365234,0.6,259,320.0,307.9476318359375,639.0,473.47381591796875,331.0523681640625,411.0226745605469,1,,,"[[262, 355]]",
641,train,25杭州,325,E:\桌面\v-Net\dataset\26合并\25杭州\325_-1.5800.jpg,-1.58,0.54,411.0226745605469,640,480,inferred_missing_right,0.4820703983306885,0.6,259,320.0,309.5250549316406,639.0,474.2625274658203,329.4749450683594,411.0226745605469,1,,,"[[264, 357]]",
642,train,25杭州,326,E:\桌面\v-Net\dataset\26合并\25杭州\326_-1.5800.jpg,-1.58,0.54,411.0226745605469,640,480,inferred_missing_right,0.48772120475769043,0.6,259,320.0,313.1415710449219,639.0,476.07078552246094,325.8584289550781,411.0226745605469,1,,,"[[267, 360]]",
643,train,25杭州,328,E:\桌面\v-Net\dataset\26合并\25杭州\328_0.0000.jpg,0.0,0.54,411.0226745605469,640,480,ok,0.1340116024017334,1.0,259,320.0,205.88449096679688,519.8829345703125,362.8837127685547,313.9984436035156,,3,"[173, 239]","[506, 534]","[[0, 120], [173, 239], [506, 534]]",
644,train,25杭州,330,E:\桌面\v-Net\dataset\26合并\25杭州\330_-1.5800.jpg,-1.58,0.54,411.0226745605469,640,480,inferred_missing_left,-0.4903270244598389,0.6,259,320.0,0.0,326.1907043457031,163.09535217285156,326.1907043457031,411.0226745605469,1,,,"[[280, 375]]",
645,train,25杭州,332,E:\桌面\v-Net\dataset\26合并\25杭州\332_-1.5800.jpg,-1.58,0.54,411.0226745605469,640,480,inferred_missing_left,-0.48685579299926757,0.6,259,320.0,0.0,328.41229248046875,164.20614624023438,328.41229248046875,411.0226745605469,1,,,"[[282, 377]]",
646,train,25杭州,334,E:\桌面\v-Net\dataset\26合并\25杭州\334_-1.5800.jpg,-1.58,0.54,411.0226745605469,640,480,inferred_missing_left,-0.4839317798614502,0.6,259,320.0,0.0,330.2836608886719,165.14183044433594,330.2836608886719,411.0226745605469,1,,,"[[284, 378]]",
647,train,25杭州,335,E:\桌面\v-Net\dataset\26合并\25杭州\335_-1.5800.jpg,-1.58,0.54,411.0226745605469,640,480,inferred_missing_left,-0.48861231803894045,0.6,259,320.0,0.0,327.2881164550781,163.64405822753906,327.2881164550781,411.0226745605469,1,,,"[[283, 373]]",
648,train,25杭州,336,E:\桌面\v-Net\dataset\26合并\25杭州\336_-1.5800.jpg,-1.58,0.54,411.0226745605469,640,480,inferred_missing_left,-0.48958683013916016,0.6,259,320.0,0.0,326.6644287109375,163.33221435546875,326.6644287109375,411.0226745605469,1,,,"[[282, 372]]",
649,train,25杭州,342,E:\桌面\v-Net\dataset\26合并\25杭州\342_-1.5800.jpg,-1.58,0.54,411.0226745605469,640,480,inferred_missing_right,0.4921256542205811,0.6,259,320.0,315.9604187011719,639.0,477.48020935058594,323.0395812988281,411.0226745605469,1,,,"[[274, 359]]",
650,train,25杭州,343,E:\桌面\v-Net\dataset\26合并\25杭州\343_-1.5800.jpg,-1.58,0.54,411.0226745605469,640,480,inferred_missing_right,0.48653321266174315,0.6,259,320.0,312.3812561035156,639.0,475.6906280517578,326.6187438964844,411.0226745605469,1,,,"[[271, 355]]",
651,train,25杭州,345,E:\桌面\v-Net\dataset\26合并\25杭州\345_-1.5800.jpg,-1.58,0.54,411.0226745605469,640,480,inferred_missing_right,0.4723398685455322,0.6,259,320.0,303.2975158691406,639.0,471.1487579345703,335.7024841308594,411.0226745605469,1,,,"[[263, 344]]",
652,train,25杭州,346,E:\桌面\v-Net\dataset\26合并\25杭州\346_-1.5800.jpg,-1.58,0.54,411.0226745605469,640,480,inferred_missing_right,0.47002882957458497,0.6,259,320.0,301.8184509277344,639.0,470.4092254638672,337.1815490722656,411.0226745605469,1,,,"[[262, 342]]",
653,train,25杭州,347,E:\桌面\v-Net\dataset\26合并\25杭州\347_-1.5800.jpg,-1.58,0.54,411.0226745605469,640,480,inferred_missing_right,0.4607664108276367,0.6,259,320.0,295.8905029296875,639.0,467.44525146484375,343.1094970703125,411.0226745605469,1,,,"[[257, 335]]",
654,train,25杭州,348,E:\桌面\v-Net\dataset\26合并\25杭州\348_-1.5800.jpg,-1.58,0.54,411.0226745605469,640,480,inferred_missing_right,0.45639948844909667,0.6,259,320.0,293.0956726074219,639.0,466.04783630371094,345.9043273925781,411.0226745605469,1,,,"[[255, 332]]",
655,train,25杭州,349,E:\桌面\v-Net\dataset\26合并\25杭州\349_-1.5800.jpg,-1.58,0.54,411.0226745605469,640,480,insufficient_yellow_edges,,0.0,259,320.0,,,,,,2,,,"[[0, 96], [248, 327]]",
656,train,25杭州,350,E:\桌面\v-Net\dataset\26合并\25杭州\350_0.0000.jpg,0.0,0.54,411.0226745605469,640,480,ok,0.1518557548522949,1.0,259,320.0,231.856689453125,505.33099365234375,368.5938415527344,273.47430419921875,,3,"[198, 266]","[489, 522]","[[56, 161], [198, 266], [489, 522]]",
657,train,25杭州,351,E:\桌面\v-Net\dataset\26合并\25杭州\351_-1.5800.jpg,-1.58,0.54,411.0226745605469,640,480,insufficient_yellow_edges,,0.0,259,320.0,,,,,,2,,,"[[0, 153], [248, 326]]",
658,train,25杭州,352,E:\桌面\v-Net\dataset\26合并\25杭州\352_-1.5800.jpg,-1.58,0.54,411.0226745605469,640,480,insufficient_yellow_edges,,0.0,259,320.0,,,,,,2,,,"[[16, 207], [242, 319]]",
659,train,25杭州,353,E:\桌面\v-Net\dataset\26合并\25杭州\353_-1.5800.jpg,-1.58,0.54,411.0226745605469,640,480,inferred_missing_right,0.26199002265930177,0.6,259,320.0,198.32546997070312,609.34814453125,403.83680725097656,411.0226745605469,411.0226745605469,1,,,"[[63, 318]]",
660,train,25杭州,354,E:\桌面\v-Net\dataset\26合并\25杭州\354_-1.5800.jpg,-1.58,0.54,411.0226745605469,640,480,inferred_missing_right,0.35081934928894043,0.6,259,320.0,226.7508544921875,637.7735290527344,432.26219177246094,411.0226745605469,411.0226745605469,1,,,"[[123, 312]]",
661,train,25杭州,357,E:\桌面\v-Net\dataset\26合并\25杭州\357_-1.5800.jpg,-1.58,0.54,411.0226745605469,640,480,inferred_missing_right,0.38166978359222414,0.6,259,320.0,245.26866149902344,639.0,442.1343307495117,393.73133850097656,411.0226745605469,1,,,"[[181, 304]]",
662,train,25杭州,358,E:\桌面\v-Net\dataset\26合并\25杭州\358_-1.5800.jpg,-1.58,0.54,411.0226745605469,640,480,ok,0.36642916202545167,1.0,259,320.0,248.4813995361328,626.0332641601562,437.25733184814453,377.55186462402344,,2,"[195, 297]","[611, 639]","[[195, 297], [611, 639]]",
663,train,25杭州,359,E:\桌面\v-Net\dataset\26合并\25杭州\359_-1.5800.jpg,-1.58,0.54,411.0226745605469,640,480,ok,0.35947065353393554,1.0,259,320.0,250.89007568359375,619.171142578125,435.0306091308594,368.28106689453125,,2,"[203, 296]","[598, 639]","[[203, 296], [598, 639]]",
664,train,25杭州,360,E:\桌面\v-Net\dataset\26合并\25杭州\360_-1.5800.jpg,-1.58,0.54,411.0226745605469,640,480,ok,0.3269521951675415,1.0,259,320.0,252.9948272705078,596.2545776367188,424.6247024536133,343.25975036621094,,2,"[212, 294]","[572, 621]","[[212, 294], [572, 621]]",
665,train,25杭州,361,E:\桌面\v-Net\dataset\26合并\25杭州\361_0.0000.jpg,0.0,0.54,411.0226745605469,640,480,ok,0.189351224899292,1.0,259,320.0,250.55038452148438,510.6343994140625,380.59239196777344,260.0840148925781,,3,"[214, 286]","[491, 531]","[[93, 184], [214, 286], [491, 531]]",
666,train,25杭州,362,E:\桌面\v-Net\dataset\26合并\25杭州\362_-1.5800.jpg,-1.58,0.54,411.0226745605469,640,480,ok,0.30213193893432616,1.0,259,320.0,250.56719970703125,582.7972412109375,416.6822204589844,332.23004150390625,,2,"[211, 290]","[558, 608]","[[211, 290], [558, 608]]",
667,train,25杭州,363,E:\桌面\v-Net\dataset\26合并\25杭州\363_-1.5800.jpg,-1.58,0.54,411.0226745605469,640,480,ok,0.13494479656219482,1.0,259,320.0,247.2079620361328,479.1567077636719,363.18233489990234,231.94874572753906,,3,"[210, 284]","[471, 487]","[[210, 284], [471, 487], [532, 581]]",
668,train,25杭州,365,E:\桌面\v-Net\dataset\26合并\25杭州\365_-1.5800.jpg,-1.58,0.54,411.0226745605469,640,480,ok,0.1637549877166748,1.0,259,320.0,317.0793762207031,427.72381591796875,372.40159606933594,110.64443969726562,,4,"[280, 356]","[404, 451]","[[200, 243], [280, 356], [404, 451], [494, 541]]",
669,train,25杭州,368,E:\桌面\v-Net\dataset\26合并\25杭州\368_-1.5800.jpg,-1.58,0.54,411.0226745605469,640,480,ok,0.025059223175048828,1.0,259,320.0,281.5730895996094,374.4648132324219,328.0189514160156,92.8917236328125,,4,"[255, 303]","[351, 399]","[[183, 227], [255, 303], [351, 399], [593, 626]]",
670,train,25杭州,370,E:\桌面\v-Net\dataset\26合并\25杭州\370_-1.5800.jpg,-1.58,0.54,411.0226745605469,640,480,ok,0.18017187118530273,1.0,259,320.0,191.4586181640625,563.8513793945312,377.6549987792969,372.39276123046875,,2,"[176, 207]","[553, 575]","[[176, 207], [553, 575]]",
671,train,25杭州,373,E:\桌面\v-Net\dataset\26合并\25杭州\373_0.0000.jpg,0.0,0.54,411.0226745605469,640,480,ok,0.029067492485046385,1.0,259,320.0,138.85386657714844,519.7493286132812,329.30159759521484,380.8954620361328,,2,"[122, 155]","[504, 534]","[[122, 155], [504, 534]]",
672,train,25杭州,374,E:\桌面\v-Net\dataset\26合并\25杭州\374_0.0000.jpg,0.0,0.54,411.0226745605469,640,480,ok,0.015147924423217773,1.0,259,320.0,144.56790161132812,505.12677001953125,324.8473358154297,360.5588684082031,,2,"[131, 158]","[490, 520]","[[131, 158], [490, 520]]",
673,train,25杭州,375,E:\桌面\v-Net\dataset\26合并\25杭州\375_0.0000.jpg,0.0,0.54,411.0226745605469,640,480,ok,0.008907556533813477,1.0,259,320.0,135.3199462890625,510.3808898925781,322.8504180908203,375.0609436035156,,2,"[115, 156]","[493, 529]","[[115, 156], [493, 529]]",
674,train,25杭州,376,E:\桌面\v-Net\dataset\26合并\25杭州\376_0.0000.jpg,0.0,0.54,411.0226745605469,640,480,ok,0.004854130744934082,1.0,259,320.0,128.6369171142578,514.4697265625,321.5533218383789,385.8328094482422,,2,"[110, 147]","[501, 530]","[[110, 147], [501, 530]]",
675,train,25杭州,377,E:\桌面\v-Net\dataset\26合并\25杭州\377_0.0000.jpg,0.0,0.54,411.0226745605469,640,480,ok,-0.012589013576507569,1.0,259,320.0,125.5342788696289,506.40875244140625,315.9715156555176,380.87447357177734,,2,"[110, 141]","[492, 518]","[[110, 141], [492, 518]]",
676,train,25杭州,379,E:\桌面\v-Net\dataset\26合并\25杭州\379_0.0000.jpg,0.0,0.54,411.0226745605469,640,480,ok,0.026993060111999513,1.0,259,320.0,142.77207946777344,514.5034790039062,328.63777923583984,371.7313995361328,,2,"[126, 160]","[496, 533]","[[126, 160], [496, 533]]",
677,train,25杭州,380,E:\桌面\v-Net\dataset\26合并\25杭州\380_0.0000.jpg,0.0,0.54,411.0226745605469,640,480,ok,0.02617013454437256,1.0,259,320.0,134.51560974121094,522.2332763671875,328.3744430541992,387.71766662597656,,3,"[113, 154]","[506, 540]","[[0, 7], [113, 154], [506, 540]]",
678,train,25杭州,381,E:\桌面\v-Net\dataset\26合并\25杭州\381_0.0000.jpg,0.0,0.54,411.0226745605469,640,480,ok,0.02364504337310791,1.0,259,320.0,131.03334045410156,524.0994873046875,327.56641387939453,393.06614685058594,,3,"[112, 148]","[510, 541]","[[0, 22], [112, 148], [510, 541]]",
679,train,25杭州,383,E:\桌面\v-Net\dataset\26合并\25杭州\383_-1.6000.jpg,-1.6,0.54,411.0226745605469,640,480,ok,0.23915500640869142,1.0,259,320.0,278.46771240234375,514.5914916992188,396.52960205078125,236.123779296875,,3,"[241, 317]","[501, 531]","[[128, 207], [241, 317], [501, 531]]",
680,train,25杭州,385,E:\桌面\v-Net\dataset\26合并\25杭州\385_0.0000.jpg,0.0,0.54,411.0226745605469,640,480,ok,-0.043943166732788086,1.0,259,320.0,215.73684692382812,396.1395263671875,305.9381866455078,180.40267944335938,,4,"[206, 226]","[375, 416]","[[0, 165], [206, 226], [375, 416], [460, 639]]",
681,train,25杭州,386,E:\桌面\v-Net\dataset\26合并\25杭州\386_0.0000.jpg,0.0,0.54,411.0226745605469,640,480,ok,0.10648570060729981,1.0,259,320.0,311.18145751953125,396.9693908691406,354.07542419433594,85.78793334960938,,5,"[290, 331]","[376, 418]","[[14, 165], [200, 245], [290, 331], [376, 418], [462, 639]]",
682,train,25杭州,388,E:\桌面\v-Net\dataset\26合并\25杭州\388_0.0000.jpg,0.0,0.54,411.0226745605469,640,480,ok,0.10883746147155762,1.0,259,320.0,309.0750732421875,400.5809020996094,354.82798767089844,91.50582885742188,,5,"[286, 332]","[378, 424]","[[120, 167], [190, 239], [286, 332], [378, 424], [473, 547]]",
683,train,25杭州,389,E:\桌面\v-Net\dataset\26合并\25杭州\389_0.0000.jpg,0.0,0.54,411.0226745605469,640,480,ok,0.05304608345031738,1.0,259,320.0,146.29086303710938,527.6586303710938,336.97474670410156,381.3677673339844,,2,"[123, 169]","[508, 549]","[[123, 169], [508, 549]]",
684,train,25杭州,390,E:\桌面\v-Net\dataset\26合并\25杭州\390_0.0000.jpg,0.0,0.54,411.0226745605469,640,480,ok,0.05364506244659424,1.0,259,320.0,147.39710998535156,526.9357299804688,337.16641998291016,379.5386199951172,,2,"[124, 170]","[507, 548]","[[124, 170], [507, 548]]",
685,train,25杭州,391,E:\桌面\v-Net\dataset\26合并\25杭州\391_0.0000.jpg,0.0,0.54,411.0226745605469,640,480,ok,0.05690114498138428,1.0,259,320.0,146.8070526123047,529.6096801757812,338.20836639404297,382.80262756347656,,2,"[124, 169]","[510, 550]","[[124, 169], [510, 550]]",
686,train,25杭州,393,E:\桌面\v-Net\dataset\26合并\25杭州\393_0.0000.jpg,0.0,0.54,411.0226745605469,640,480,ok,0.0732602596282959,1.0,259,320.0,148.80825805664062,538.0783081054688,343.4432830810547,389.2700500488281,,2,"[127, 171]","[525, 552]","[[127, 171], [525, 552]]",
687,train,25杭州,396,E:\桌面\v-Net\dataset\26合并\25杭州\396_-1.6000.jpg,-1.6,0.54,411.0226745605469,640,480,ok,0.17448201179504394,1.0,259,320.0,288.4751892089844,463.19329833984375,375.83424377441406,174.71810913085938,,3,"[248, 329]","[443, 483]","[[138, 200], [248, 329], [443, 483]]",
688,train,25杭州,397,E:\桌面\v-Net\dataset\26合并\25杭州\397_-1.6000.jpg,-1.6,0.54,411.0226745605469,640,480,ok,0.14187355041503907,1.0,259,320.0,288.5959777832031,442.2030944824219,365.3995361328125,153.60711669921875,,3,"[249, 329]","[422, 463]","[[127, 183], [249, 329], [422, 463]]",
689,train,25杭州,400,E:\桌面\v-Net\dataset\26合并\25杭州\400_-1.6000.jpg,-1.6,0.54,411.0226745605469,640,480,ok,0.07485790252685547,1.0,259,320.0,284.1827697753906,403.7262878417969,343.95452880859375,119.54351806640625,,3,"[246, 323]","[385, 422]","[[97, 148], [246, 323], [385, 422]]",
690,train,25杭州,401,E:\桌面\v-Net\dataset\26合并\25杭州\401_-1.6000.jpg,-1.6,0.54,411.0226745605469,640,480,ok,0.048952913284301756,1.0,259,320.0,281.70855712890625,389.6213073730469,335.66493225097656,107.91275024414062,,3,"[244, 321]","[372, 406]","[[85, 134], [244, 321], [372, 406]]",
691,train,25杭州,402,E:\桌面\v-Net\dataset\26合并\25杭州\402_-1.6000.jpg,-1.6,0.54,411.0226745605469,640,480,insufficient_yellow_edges,,0.0,259,320.0,,,,,,2,,,"[[55, 103], [239, 353]]",
692,train,25杭州,403,E:\桌面\v-Net\dataset\26合并\25杭州\403_-1.6000.jpg,-1.6,0.54,411.0226745605469,640,480,insufficient_yellow_edges,,0.0,259,320.0,,,,,,2,,,"[[38, 84], [240, 339]]",
693,train,25杭州,404,E:\桌面\v-Net\dataset\26合并\25杭州\404_-1.6000.jpg,-1.6,0.54,411.0226745605469,640,480,insufficient_yellow_edges,,0.0,259,320.0,,,,,,2,,,"[[0, 41], [232, 311]]",
694,train,25杭州,405,E:\桌面\v-Net\dataset\26合并\25杭州\405_-1.6000.jpg,-1.6,0.54,411.0226745605469,640,480,insufficient_yellow_edges,,0.0,259,320.0,,,,,,2,,,"[[0, 13], [230, 285]]",
695,train,25杭州,406,E:\桌面\v-Net\dataset\26合并\25杭州\406_-1.6000.jpg,-1.6,0.54,411.0226745605469,640,480,ok,0.4256925582885742,1.0,259,320.0,284.00494384765625,628.4382934570312,456.22161865234375,344.433349609375,,3,"[265, 306]","[614, 639]","[[183, 238], [265, 306], [614, 639]]",
696,train,25杭州,407,E:\桌面\v-Net\dataset\26合并\25杭州\407_-1.6000.jpg,-1.6,0.54,411.0226745605469,640,480,ok,0.39040489196777345,1.0,259,320.0,269.0758056640625,620.7833251953125,444.9295654296875,351.70751953125,,3,"[248, 290]","[599, 639]","[[157, 211], [248, 290], [599, 639]]",
697,train,25杭州,408,E:\桌面\v-Net\dataset\26合并\25杭州\408_-1.6000.jpg,-1.6,0.54,411.0226745605469,640,480,ok,0.39025130271911623,1.0,259,320.0,294.4028625488281,595.3579711914062,444.8804168701172,300.9551086425781,,4,"[287, 302]","[571, 618]","[[94, 152], [225, 258], [287, 302], [571, 618]]",
698,train,25杭州,412,E:\桌面\v-Net\dataset\26合并\25杭州\412_-1.6000.jpg,-1.6,0.54,411.0226745605469,640,480,ok,0.22300901412963867,1.0,259,320.0,239.251953125,543.4738159179688,391.3628845214844,304.22186279296875,,3,"[217, 259]","[519, 567]","[[0, 7], [217, 259], [519, 567]]",
699,train,25杭州,413,E:\桌面\v-Net\dataset\26合并\25杭州\413_-1.6000.jpg,-1.6,0.54,411.0226745605469,640,480,ok,0.1066932201385498,1.0,259,320.0,264.20318603515625,444.0804748535156,354.14183044433594,179.87728881835938,,3,"[246, 284]","[439, 449]","[[246, 284], [439, 449], [493, 542]]",
700,train,25杭州,414,E:\桌面\v-Net\dataset\26合并\25杭州\414_-1.6000.jpg,-1.6,0.54,411.0226745605469,640,480,ok,0.003149747848510742,1.0,259,320.0,232.53375244140625,409.4820861816406,321.00791931152344,176.94833374023438,,3,"[209, 255]","[386, 429]","[[209, 255], [386, 429], [468, 512]]",
701,train,25杭州,415,E:\桌面\v-Net\dataset\26合并\25杭州\415_-1.6000.jpg,-1.6,0.54,411.0226745605469,640,480,ok,-0.016799283027648926,1.0,259,320.0,249.14894104003906,380.0995178222656,314.62422943115234,130.95057678222656,,4,"[236, 262]","[357, 403]","[[198, 212], [236, 262], [357, 403], [448, 459]]",
702,train,25杭州,416,E:\桌面\v-Net\dataset\26合并\25杭州\416_-1.6000.jpg,-1.6,0.54,411.0226745605469,640,480,narrow_lane_width,,0.0,259,320.0,295.80950927734375,366.42486572265625,,70.6153564453125,,4,,,"[[218, 255], [287, 304], [343, 389], [630, 639]]",
703,train,25杭州,417,E:\桌面\v-Net\dataset\26合并\25杭州\417_-1.6000.jpg,-1.6,0.54,411.0226745605469,640,480,ok,-0.12060840129852295,1.0,259,320.0,226.6285858154297,336.1820373535156,281.40531158447266,109.55345153808594,,3,"[177, 281]","[318, 358]","[[177, 281], [318, 358], [605, 639]]",
704,train,25杭州,418,E:\桌面\v-Net\dataset\26合并\25杭州\418_-1.6000.jpg,-1.6,0.54,411.0226745605469,640,480,ok,0.2628542184829712,1.0,259,320.0,201.04737854003906,607.1793212890625,404.1133499145508,406.13194274902344,,2,"[124, 263]","[590, 626]","[[124, 263], [590, 626]]",
705,train,25杭州,420,E:\桌面\v-Net\dataset\26合并\25杭州\420_0.0000.jpg,0.0,0.54,411.0226745605469,640,480,ok,0.02621002197265625,1.0,259,320.0,150.52352905273438,506.2508850097656,328.38720703125,355.72735595703125,,3,"[125, 176]","[490, 523]","[[125, 176], [490, 523], [549, 589]]",
706,train,25杭州,423,E:\桌面\v-Net\dataset\26合并\25杭州\423_0.0000.jpg,0.0,0.54,411.0226745605469,640,480,ok,0.04523460865020752,1.0,259,320.0,144.05958557128906,524.8905639648438,334.4750747680664,380.8309783935547,,2,"[118, 169]","[507, 544]","[[118, 169], [507, 544]]",
707,train,25杭州,424,E:\桌面\v-Net\dataset\26合并\25杭州\424_0.0000.jpg,0.0,0.54,411.0226745605469,640,480,ok,-0.011474549770355225,1.0,259,320.0,126.22245025634766,506.433837890625,316.3281440734863,380.21138763427734,,2,"[102, 150]","[487, 526]","[[102, 150], [487, 526]]",
708,train,25杭州,425,E:\桌面\v-Net\dataset\26合并\25杭州\425_0.0000.jpg,0.0,0.54,411.0226745605469,640,480,ok,-0.01543644666671753,1.0,259,320.0,125.17487335205078,504.94580078125,315.0603370666504,379.7709274291992,,2,"[101, 149]","[486, 525]","[[101, 149], [486, 525]]",
709,train,25杭州,427,E:\桌面\v-Net\dataset\26合并\25杭州\427_0.0000.jpg,0.0,0.54,411.0226745605469,640,480,ok,-0.00490567684173584,1.0,259,320.0,128.22145080566406,508.638916015625,318.43018341064453,380.41746520996094,,2,"[104, 152]","[492, 526]","[[104, 152], [492, 526]]",
710,train,25杭州,428,E:\桌面\v-Net\dataset\26合并\25杭州\428_0.0000.jpg,0.0,0.54,411.0226745605469,640,480,ok,0.006269240379333496,1.0,259,320.0,128.3270721435547,515.6852416992188,322.0061569213867,387.35816955566406,,2,"[104, 152]","[500, 532]","[[104, 152], [500, 532]]",
711,train,25杭州,429,E:\桌面\v-Net\dataset\26合并\25杭州\429_0.0000.jpg,0.0,0.54,411.0226745605469,640,480,ok,0.016875457763671876,1.0,259,320.0,131.4857177734375,519.3145751953125,325.400146484375,387.828857421875,,2,"[107, 155]","[502, 538]","[[107, 155], [502, 538]]",
712,train,25杭州,430,E:\桌面\v-Net\dataset\26合并\25杭州\430_0.0000.jpg,0.0,0.54,411.0226745605469,640,480,ok,0.04342222213745117,1.0,259,320.0,134.12982177734375,533.660400390625,333.8951110839844,399.53057861328125,,2,"[109, 159]","[512, 557]","[[109, 159], [512, 557]]",
713,train,25杭州,432,E:\桌面\v-Net\dataset\26合并\25杭州\432_0.0000.jpg,0.0,0.54,411.0226745605469,640,480,ok,0.06379296779632568,1.0,259,320.0,137.56980895996094,543.2576904296875,340.4137496948242,405.68788146972656,,2,"[112, 163]","[518, 571]","[[112, 163], [518, 571]]",
714,train,25杭州,433,E:\桌面\v-Net\dataset\26合并\25杭州\433_0.0000.jpg,0.0,0.54,411.0226745605469,640,480,ok,0.11943385601043702,1.0,259,320.0,144.2095184326172,572.2281494140625,358.21883392333984,428.0186309814453,,2,"[118, 171]","[536, 618]","[[118, 171], [536, 618]]",
715,train,25杭州,434,E:\桌面\v-Net\dataset\26合并\25杭州\434_0.0000.jpg,0.0,0.54,411.0226745605469,640,480,ok,0.155837345123291,1.0,259,320.0,148.23895263671875,591.4969482421875,369.8679504394531,443.25799560546875,,2,"[121, 175]","[548, 639]","[[121, 175], [548, 639]]",
716,train,25杭州,436,E:\桌面\v-Net\dataset\26合并\25杭州\436_0.0000.jpg,0.0,0.54,411.0226745605469,640,480,ok,0.22360057830810548,1.0,259,320.0,160.6043701171875,622.5,391.55218505859375,461.8956298828125,,2,"[131, 190]","[601, 639]","[[131, 190], [601, 639]]",
717,train,25杭州,437,E:\桌面\v-Net\dataset\26合并\25杭州\437_0.0000.jpg,0.0,0.54,411.0226745605469,640,480,inferred_missing_right,0.17702856063842773,0.6,259,320.0,171.13780212402344,582.1604766845703,376.6491394042969,411.0226745605469,411.0226745605469,1,,,"[[141, 201]]",
718,train,25杭州,438,E:\桌面\v-Net\dataset\26合并\25杭州\438_0.0000.jpg,0.0,0.54,411.0226745605469,640,480,inferred_missing_right,0.19660549163818358,0.6,259,320.0,177.4024200439453,588.4250946044922,382.91375732421875,411.0226745605469,411.0226745605469,1,,,"[[147, 208]]",
719,train,25杭州,439,E:\桌面\v-Net\dataset\26合并\25杭州\439_0.0000.jpg,0.0,0.54,411.0226745605469,640,480,inferred_missing_right,0.22861981391906738,0.6,259,320.0,187.64700317382812,598.669677734375,393.15834045410156,411.0226745605469,411.0226745605469,1,,,"[[156, 220]]",
720,train,25杭州,440,E:\桌面\v-Net\dataset\26合并\25杭州\440_0.0000.jpg,0.0,0.54,411.0226745605469,640,480,inferred_missing_right,0.2541083812713623,0.6,259,320.0,195.8033447265625,606.8260192871094,401.31468200683594,411.0226745605469,411.0226745605469,1,,,"[[163, 229]]",
721,train,25杭州,441,E:\桌面\v-Net\dataset\26合并\25杭州\441_0.0000.jpg,0.0,0.54,411.0226745605469,640,480,inferred_missing_right,0.29319005012512206,0.6,259,320.0,208.30947875976562,619.3321533203125,413.82081604003906,411.0226745605469,411.0226745605469,1,,,"[[175, 242]]",
722,train,25杭州,442,E:\桌面\v-Net\dataset\26合并\25杭州\442_0.0000.jpg,0.0,0.54,411.0226745605469,640,480,ok,0.058518409729003906,1.0,259,320.0,161.46697998046875,515.9848022460938,338.72589111328125,354.517822265625,,3,"[134, 189]","[500, 533]","[[134, 189], [500, 533], [569, 612]]",
723,train,25杭州,443,E:\桌面\v-Net\dataset\26合并\25杭州\443_0.0000.jpg,0.0,0.54,411.0226745605469,640,480,inferred_missing_right,0.3199188232421875,0.6,259,320.0,216.86268615722656,627.8853607177734,422.3740234375,411.0226745605469,411.0226745605469,1,,,"[[183, 251]]",
724,train,25杭州,444,E:\桌面\v-Net\dataset\26合并\25杭州\444_0.0000.jpg,0.0,0.54,411.0226745605469,640,480,inferred_missing_right,0.36065025329589845,0.6,259,320.0,231.816162109375,639.0,435.4080810546875,407.183837890625,411.0226745605469,1,,,"[[197, 267]]",
725,train,25杭州,445,E:\桌面\v-Net\dataset\26合并\25杭州\445_-1.5000.jpg,-1.5,0.54,411.0226745605469,640,480,inferred_missing_right,0.37376277446746825,0.6,259,320.0,240.2081756591797,639.0,439.60408782958984,398.7918243408203,411.0226745605469,1,,,"[[205, 276]]",
726,train,25杭州,446,E:\桌面\v-Net\dataset\26合并\25杭州\446_-1.5000.jpg,-1.5,0.54,411.0226745605469,640,480,inferred_missing_right,0.381484317779541,0.6,259,320.0,245.14996337890625,639.0,442.0749816894531,393.85003662109375,411.0226745605469,1,,,"[[206, 286]]",
727,train,25杭州,447,E:\桌面\v-Net\dataset\26合并\25杭州\447_-1.5000.jpg,-1.5,0.54,411.0226745605469,640,480,inferred_missing_right,0.3870258808135986,0.6,259,320.0,248.69656372070312,639.0,443.84828186035156,390.3034362792969,411.0226745605469,1,,,"[[211, 287]]",
728,train,25杭州,449,E:\桌面\v-Net\dataset\26合并\25杭州\449_-1.5000.jpg,-1.5,0.54,411.0226745605469,640,480,inferred_missing_right,0.38271431922912597,0.6,259,320.0,245.93716430664062,639.0,442.4685821533203,393.0628356933594,411.0226745605469,1,,,"[[207, 285]]",
729,train,25杭州,450,E:\桌面\v-Net\dataset\26合并\25杭州\450_-1.5000.jpg,-1.5,0.54,411.0226745605469,640,480,inferred_missing_right,0.38202710151672364,0.6,259,320.0,245.49734497070312,639.0,442.24867248535156,393.5026550292969,411.0226745605469,1,,,"[[206, 286]]",
730,train,25杭州,451,E:\桌面\v-Net\dataset\26合并\25杭州\451_-1.5000.jpg,-1.5,0.54,411.0226745605469,640,480,inferred_missing_right,0.38188753128051756,0.6,259,320.0,245.40802001953125,639.0,442.2040100097656,393.59197998046875,411.0226745605469,1,,,"[[205, 286]]",
731,train,25杭州,452,E:\桌面\v-Net\dataset\26合并\25杭州\452_-1.5000.jpg,-1.5,0.54,411.0226745605469,640,480,inferred_missing_right,0.3852017879486084,0.6,259,320.0,247.52914428710938,639.0,443.2645721435547,391.4708557128906,411.0226745605469,1,,,"[[209, 286]]",
732,train,25杭州,453,E:\桌面\v-Net\dataset\26合并\25杭州\453_0.0000.jpg,0.0,0.54,411.0226745605469,640,480,ok,0.05204863548278808,1.0,259,320.0,170.75344848632812,502.55767822265625,336.6555633544922,331.8042297363281,,4,"[142, 199]","[490, 514]","[[0, 15], [142, 199], [490, 514], [602, 614]]",
733,train,25杭州,454,E:\桌面\v-Net\dataset\26合并\25杭州\454_-1.5000.jpg,-1.5,0.54,411.0226745605469,640,480,inferred_missing_right,0.38302788734436033,0.6,259,320.0,246.13784790039062,639.0,442.5689239501953,392.8621520996094,411.0226745605469,1,,,"[[207, 287]]",
734,train,25杭州,456,E:\桌面\v-Net\dataset\26合并\25杭州\456_-1.5000.jpg,-1.5,0.54,411.0226745605469,640,480,inferred_missing_right,0.3754783868789673,0.6,259,320.0,241.30616760253906,639.0,440.15308380126953,397.69383239746094,411.0226745605469,1,,,"[[203, 281]]",
735,train,25杭州,457,E:\桌面\v-Net\dataset\26合并\25杭州\457_-1.5000.jpg,-1.5,0.54,411.0226745605469,640,480,inferred_missing_right,0.37643861770629883,0.6,259,320.0,241.92071533203125,639.0,440.4603576660156,397.07928466796875,411.0226745605469,1,,,"[[203, 281]]",
736,train,25杭州,458,E:\桌面\v-Net\dataset\26合并\25杭州\458_-1.5000.jpg,-1.5,0.54,411.0226745605469,640,480,inferred_missing_right,0.37610697746276855,0.6,259,320.0,241.70846557617188,639.0,440.35423278808594,397.2915344238281,411.0226745605469,1,,,"[[203, 281]]",
737,train,25杭州,459,E:\桌面\v-Net\dataset\26合并\25杭州\459_-1.5000.jpg,-1.5,0.54,411.0226745605469,640,480,inferred_missing_right,0.37208166122436526,0.6,259,320.0,239.13226318359375,639.0,439.0661315917969,399.86773681640625,411.0226745605469,1,,,"[[200, 280]]",
738,train,25杭州,460,E:\桌面\v-Net\dataset\26合并\25杭州\460_-1.5000.jpg,-1.5,0.54,411.0226745605469,640,480,inferred_missing_right,0.3724343776702881,0.6,259,320.0,239.35800170898438,639.0,439.1790008544922,399.6419982910156,411.0226745605469,1,,,"[[199, 281]]",
739,train,25杭州,461,E:\桌面\v-Net\dataset\26合并\25杭州\461_-1.5000.jpg,-1.5,0.54,411.0226745605469,640,480,inferred_missing_right,0.37154254913330076,0.6,259,320.0,238.7872314453125,639.0,438.89361572265625,400.2127685546875,411.0226745605469,1,,,"[[197, 282]]",
740,train,25杭州,462,E:\桌面\v-Net\dataset\26合并\25杭州\462_-1.5000.jpg,-1.5,0.54,411.0226745605469,640,480,inferred_missing_right,0.36908884048461915,0.6,259,320.0,237.21685791015625,639.0,438.1084289550781,401.78314208984375,411.0226745605469,1,,,"[[195, 280]]",
741,train,25杭州,463,E:\桌面\v-Net\dataset\26合并\25杭州\463_-1.5000.jpg,-1.5,0.54,411.0226745605469,640,480,inferred_missing_right,0.3707278728485107,0.6,259,320.0,238.26583862304688,639.0,438.63291931152344,400.7341613769531,411.0226745605469,1,,,"[[196, 281]]",
742,train,25杭州,464,E:\桌面\v-Net\dataset\26合并\25杭州\464_0.0000.jpg,0.0,0.54,411.0226745605469,640,480,ok,0.07214477062225341,1.0,259,320.0,180.27281188964844,505.89984130859375,343.0863265991211,325.6270294189453,,3,"[150, 211]","[488, 523]","[[0, 59], [150, 211], [488, 523]]",
743,train,25杭州,465,E:\桌面\v-Net\dataset\26合并\25杭州\465_-1.5000.jpg,-1.5,0.54,411.0226745605469,640,480,inferred_missing_right,0.3742058753967285,0.6,259,320.0,240.49176025390625,639.0,439.7458801269531,398.50823974609375,411.0226745605469,1,,,"[[198, 284]]",
744,train,25杭州,467,E:\桌面\v-Net\dataset\26合并\25杭州\467_-1.5000.jpg,-1.5,0.54,411.0226745605469,640,480,inferred_missing_right,0.378180193901062,0.6,259,320.0,243.0353240966797,639.0,441.01766204833984,395.9646759033203,411.0226745605469,1,,,"[[201, 285]]",
745,train,25杭州,468,E:\桌面\v-Net\dataset\26合并\25杭州\468_-1.5000.jpg,-1.5,0.54,411.0226745605469,640,480,inferred_missing_right,0.38031835556030275,0.6,259,320.0,244.40374755859375,639.0,441.7018737792969,394.59625244140625,411.0226745605469,1,,,"[[203, 286]]",
746,train,25杭州,471,E:\桌面\v-Net\dataset\26合并\25杭州\471_-1.5000.jpg,-1.5,0.54,411.0226745605469,640,480,inferred_missing_right,0.3912757635116577,0.6,259,320.0,251.41648864746094,639.0,445.20824432373047,387.58351135253906,411.0226745605469,1,,,"[[211, 293]]",
747,train,25杭州,472,E:\桌面\v-Net\dataset\26合并\25杭州\472_-1.5000.jpg,-1.5,0.54,411.0226745605469,640,480,inferred_missing_right,0.39308953285217285,0.6,259,320.0,252.57730102539062,639.0,445.7886505126953,386.4226989746094,411.0226745605469,1,,,"[[211, 295]]",
748,train,25杭州,473,E:\桌面\v-Net\dataset\26合并\25杭州\473_-1.5000.jpg,-1.5,0.54,411.0226745605469,640,480,insufficient_yellow_edges,,0.0,259,320.0,,,,,,2,,,"[[70, 78], [213, 300]]",
749,train,25杭州,475,E:\桌面\v-Net\dataset\26合并\25杭州\475_0.0000.jpg,0.0,0.54,411.0226745605469,640,480,ok,0.08853793144226074,1.0,259,320.0,186.45889282226562,510.20538330078125,348.33213806152344,323.7464904785156,,3,"[156, 217]","[492, 529]","[[0, 73], [156, 217], [492, 529]]",
750,train,25杭州,477,E:\桌面\v-Net\dataset\26合并\25杭州\477_-1.5000.jpg,-1.5,0.54,411.0226745605469,640,480,insufficient_yellow_edges,,0.0,259,320.0,,,,,,2,,,"[[66, 75], [224, 313]]",
751,train,25杭州,478,E:\桌面\v-Net\dataset\26合并\25杭州\478_-1.5000.jpg,-1.5,0.54,411.0226745605469,640,480,inferred_missing_right,0.41793050765991213,0.6,259,320.0,268.47552490234375,639.0,453.7377624511719,370.52447509765625,411.0226745605469,1,,,"[[225, 312]]",
752,train,25杭州,480,E:\桌面\v-Net\dataset\26合并\25杭州\480_-1.5000.jpg,-1.5,0.54,411.0226745605469,640,480,insufficient_yellow_edges,,0.0,259,320.0,,,,,,2,,,"[[11, 24], [229, 317]]",
753,train,25杭州,482,E:\桌面\v-Net\dataset\26合并\25杭州\482_-1.5000.jpg,-1.5,0.54,411.0226745605469,640,480,inferred_missing_right,0.43044099807739256,0.6,259,320.0,276.48223876953125,639.0,457.7411193847656,362.51776123046875,411.0226745605469,1,,,"[[228, 325]]",
754,train,25杭州,483,E:\桌面\v-Net\dataset\26合并\25杭州\483_-1.5000.jpg,-1.5,0.54,411.0226745605469,640,480,inferred_missing_right,0.43930702209472655,0.6,259,320.0,282.156494140625,639.0,460.5782470703125,356.843505859375,411.0226745605469,1,,,"[[237, 328]]",
755,train,25杭州,484,E:\桌面\v-Net\dataset\26合并\25杭州\484_-1.5000.jpg,-1.5,0.54,411.0226745605469,640,480,inferred_missing_right,0.44252657890319824,0.6,259,320.0,284.2170104980469,639.0,461.60850524902344,354.7829895019531,411.0226745605469,1,,,"[[240, 330]]",
756,train,25杭州,486,E:\桌面\v-Net\dataset\26合并\25杭州\486_0.0000.jpg,0.0,0.54,411.0226745605469,640,480,ok,0.11843841075897217,1.0,259,320.0,199.0857391357422,516.71484375,357.9002914428711,317.6291046142578,,3,"[168, 231]","[501, 533]","[[0, 101], [168, 231], [501, 533]]",
757,train,25杭州,488,E:\桌面\v-Net\dataset\26合并\25杭州\488_-1.5000.jpg,-1.5,0.54,411.0226745605469,640,480,inferred_missing_left,-0.4453369140625,0.6,259,320.0,0.0,354.984375,177.4921875,354.984375,411.0226745605469,1,,,"[[309, 404]]",
758,train,25杭州,489,E:\桌面\v-Net\dataset\26合并\25杭州\489_-1.5000.jpg,-1.5,0.54,411.0226745605469,640,480,inferred_missing_left,-0.4401077747344971,0.6,259,320.0,0.0,358.3310241699219,179.16551208496094,358.3310241699219,411.0226745605469,1,,,"[[309, 409]]",
759,train,25杭州,492,E:\桌面\v-Net\dataset\26合并\25杭州\492_-1.5800.jpg,-1.58,0.54,411.0226745605469,640,480,inferred_missing_left,-0.4343198299407959,0.6,259,320.0,0.0,362.0353088378906,181.0176544189453,362.0353088378906,411.0226745605469,1,,,"[[313, 413]]",
760,train,25杭州,493,E:\桌面\v-Net\dataset\26合并\25杭州\493_-1.5800.jpg,-1.58,0.54,411.0226745605469,640,480,inferred_missing_left,-0.4351076602935791,0.6,259,320.0,0.0,361.5310974121094,180.7655487060547,361.5310974121094,411.0226745605469,1,,,"[[312, 412]]",
761,train,25杭州,494,E:\桌面\v-Net\dataset\26合并\25杭州\494_-1.5800.jpg,-1.58,0.54,411.0226745605469,640,480,inferred_missing_left,-0.42979936599731444,0.6,259,320.0,0.0,364.92840576171875,182.46420288085938,364.92840576171875,411.0226745605469,1,,,"[[319, 412]]",
762,train,25杭州,495,E:\桌面\v-Net\dataset\26合并\25杭州\495_-1.5800.jpg,-1.58,0.54,411.0226745605469,640,480,inferred_missing_left,-0.4253781795501709,0.6,259,320.0,0.0,367.7579650878906,183.8789825439453,367.7579650878906,411.0226745605469,1,,,"[[322, 415]]",
763,train,25杭州,500,E:\桌面\v-Net\dataset\26合并\25杭州\500_-1.5800.jpg,-1.58,0.54,411.0226745605469,640,480,inferred_missing_left,-0.4188388347625732,0.6,259,320.0,0.0,371.9431457519531,185.97157287597656,371.9431457519531,411.0226745605469,1,,,"[[326, 420]]",
764,train,25杭州,501,E:\桌面\v-Net\dataset\26合并\25杭州\501_-1.5800.jpg,-1.58,0.54,411.0226745605469,640,480,inferred_missing_left,-0.41639275550842286,0.6,259,320.0,0.0,373.5086364746094,186.7543182373047,373.5086364746094,411.0226745605469,1,,,"[[328, 421]]",
765,train,25杭州,502,E:\桌面\v-Net\dataset\26合并\25杭州\502_-1.5800.jpg,-1.58,0.54,411.0226745605469,640,480,inferred_missing_left,-0.41869564056396485,0.6,259,320.0,0.0,372.0347900390625,186.01739501953125,372.0347900390625,411.0226745605469,1,,,"[[327, 419]]",
766,train,25杭州,503,E:\桌面\v-Net\dataset\26合并\25杭州\503_-1.5800.jpg,-1.58,0.54,411.0226745605469,640,480,inferred_missing_left,-0.4282991886138916,0.6,259,320.0,0.0,365.8885192871094,182.9442596435547,365.8885192871094,411.0226745605469,1,,,"[[322, 410]]",
767,train,25杭州,504,E:\桌面\v-Net\dataset\26合并\25杭州\504_-1.5800.jpg,-1.58,0.54,411.0226745605469,640,480,inferred_missing_left,-0.42557330131530763,0.6,259,320.0,0.0,367.6330871582031,183.81654357910156,367.6330871582031,411.0226745605469,1,,,"[[324, 412]]",
768,train,25杭州,505,E:\桌面\v-Net\dataset\26合并\25杭州\505_-1.5800.jpg,-1.58,0.54,411.0226745605469,640,480,inferred_missing_left,-0.43187456130981444,0.6,259,320.0,0.0,363.60028076171875,181.80014038085938,363.60028076171875,411.0226745605469,1,,,"[[322, 408]]",
769,train,25杭州,506,E:\桌面\v-Net\dataset\26合并\25杭州\506_-1.5800.jpg,-1.58,0.54,411.0226745605469,640,480,inferred_missing_left,-0.43794732093811034,0.6,259,320.0,0.0,359.7137145996094,179.8568572998047,359.7137145996094,411.0226745605469,1,,,"[[318, 403]]",
770,train,25杭州,507,E:\桌面\v-Net\dataset\26合并\25杭州\507_-1.5800.jpg,-1.58,0.54,411.0226745605469,640,480,inferred_missing_left,-0.44742584228515625,0.6,259,320.0,0.0,353.6474609375,176.82373046875,353.6474609375,411.0226745605469,1,,,"[[312, 397]]",
771,train,25杭州,509,E:\桌面\v-Net\dataset\26合并\25杭州\509_0.0000.jpg,0.0,0.54,411.0226745605469,640,480,ok,0.06734275817871094,1.0,259,320.0,203.45394897460938,479.6454162597656,341.5496826171875,276.19146728515625,,3,"[169, 238]","[466, 493]","[[28, 132], [169, 238], [466, 493]]",
772,train,25杭州,510,E:\桌面\v-Net\dataset\26合并\25杭州\510_-1.5800.jpg,-1.58,0.54,411.0226745605469,640,480,inferred_missing_left,-0.4653438091278076,0.6,259,320.0,0.0,342.1799621582031,171.08998107910156,342.1799621582031,411.0226745605469,1,,,"[[303, 382]]",
773,train,25杭州,511,E:\桌面\v-Net\dataset\26合并\25杭州\511_-1.5800.jpg,-1.58,0.54,411.0226745605469,640,480,inferred_missing_left,-0.4732600212097168,0.6,259,320.0,0.0,337.11358642578125,168.55679321289062,337.11358642578125,411.0226745605469,1,,,"[[299, 376]]",
774,train,25杭州,512,E:\桌面\v-Net\dataset\26合并\25杭州\512_-1.5800.jpg,-1.58,0.54,411.0226745605469,640,480,inferred_missing_left,-0.48738460540771483,0.6,259,320.0,0.0,328.0738525390625,164.03692626953125,328.0738525390625,411.0226745605469,1,,,"[[290, 367]]",
775,train,25杭州,513,E:\桌面\v-Net\dataset\26合并\25杭州\513_-1.5800.jpg,-1.58,0.54,411.0226745605469,640,480,inferred_missing_left,-0.49475698471069335,0.6,259,320.0,0.0,323.35552978515625,161.67776489257812,323.35552978515625,411.0226745605469,1,,,"[[286, 362]]",
776,train,25杭州,514,E:\桌面\v-Net\dataset\26合并\25杭州\514_-1.5800.jpg,-1.58,0.54,411.0226745605469,640,480,inferred_missing_right,0.4919929504394531,0.6,259,320.0,315.87548828125,639.0,477.437744140625,323.12451171875,411.0226745605469,1,,,"[[279, 353]]",
777,train,25杭州,515,E:\桌面\v-Net\dataset\26合并\25杭州\515_-1.5800.jpg,-1.58,0.54,411.0226745605469,640,480,inferred_missing_right,0.4812058448791504,0.6,259,320.0,308.97174072265625,639.0,473.9858703613281,330.02825927734375,411.0226745605469,1,,,"[[273, 345]]",
778,train,25杭州,516,E:\桌面\v-Net\dataset\26合并\25杭州\516_-1.5800.jpg,-1.58,0.54,411.0226745605469,640,480,inferred_missing_right,0.464251708984375,0.6,259,320.0,298.12109375,639.0,468.560546875,340.87890625,411.0226745605469,1,,,"[[263, 333]]",
779,train,25杭州,517,E:\桌面\v-Net\dataset\26合并\25杭州\517_-1.5800.jpg,-1.58,0.54,411.0226745605469,640,480,insufficient_yellow_edges,,0.0,259,320.0,,,,,,2,,,"[[0, 24], [260, 331]]",
780,train,25杭州,518,E:\桌面\v-Net\dataset\26合并\25杭州\518_-1.5800.jpg,-1.58,0.54,411.0226745605469,640,480,insufficient_yellow_edges,,0.0,259,320.0,,,,,,2,,,"[[0, 137], [251, 321]]",
781,train,25杭州,520,E:\桌面\v-Net\dataset\26合并\25杭州\520_0.0000.jpg,0.0,0.54,411.0226745605469,640,480,ok,0.08353450298309326,1.0,259,320.0,210.6946258544922,482.7674560546875,346.73104095458984,272.0728302001953,,3,"[176, 246]","[467, 499]","[[42, 141], [176, 246], [467, 499]]",
782,train,25杭州,522,E:\桌面\v-Net\dataset\26合并\25杭州\522_-1.5800.jpg,-1.58,0.54,411.0226745605469,640,480,insufficient_yellow_edges,,0.0,259,320.0,,,,,,2,,,"[[65, 214], [225, 297]]",
783,train,25杭州,523,E:\桌面\v-Net\dataset\26合并\25杭州\523_-1.5800.jpg,-1.58,0.54,411.0226745605469,640,480,inferred_missing_right,0.30572757720947263,0.6,259,320.0,212.3214874267578,623.3441619873047,417.83282470703125,411.0226745605469,411.0226745605469,1,,,"[[115, 291]]",
784,train,25杭州,524,E:\桌面\v-Net\dataset\26合并\25杭州\524_-1.5800.jpg,-1.58,0.54,411.0226745605469,640,480,inferred_missing_right,0.3250292778015137,0.6,259,320.0,218.49803161621094,629.5207061767578,424.0093688964844,411.0226745605469,411.0226745605469,1,,,"[[133, 289]]",
785,train,25杭州,525,E:\桌面\v-Net\dataset\26合并\25杭州\525_-1.5800.jpg,-1.58,0.54,411.0226745605469,640,480,inferred_missing_right,0.3244634628295898,0.6,259,320.0,218.3169708251953,629.3396453857422,423.82830810546875,411.0226745605469,411.0226745605469,1,,,"[[151, 278]]",
786,train,25杭州,526,E:\桌面\v-Net\dataset\26合并\25杭州\526_-1.5800.jpg,-1.58,0.54,411.0226745605469,640,480,inferred_missing_right,0.32218360900878906,0.6,259,320.0,217.58741760253906,628.6100921630859,423.0987548828125,411.0226745605469,411.0226745605469,1,,,"[[155, 273]]",
787,train,25杭州,527,E:\桌面\v-Net\dataset\26合并\25杭州\527_-1.5800.jpg,-1.58,0.54,411.0226745605469,640,480,inferred_missing_right,0.3283084869384766,0.6,259,320.0,219.54737854003906,630.5700531005859,425.0587158203125,411.0226745605469,411.0226745605469,1,,,"[[170, 265]]",
788,train,25杭州,529,E:\桌面\v-Net\dataset\26合并\25杭州\529_-1.5800.jpg,-1.58,0.54,411.0226745605469,640,480,ok,0.21053049564361573,1.0,259,320.0,213.6785430908203,561.0609741210938,387.36975860595703,347.38243103027344,,3,"[176, 250]","[556, 566]","[[176, 250], [556, 566], [614, 639]]",
789,train,25杭州,530,E:\桌面\v-Net\dataset\26合并\25杭州\530_-1.5800.jpg,-1.58,0.54,411.0226745605469,640,480,ok,0.18337514400482177,1.0,259,320.0,212.18492126464844,545.1751708984375,378.68004608154297,332.99024963378906,,3,"[176, 249]","[535, 555]","[[176, 249], [535, 555], [600, 639]]",
790,train,25杭州,531,E:\桌面\v-Net\dataset\26合并\25杭州\531_0.0000.jpg,0.0,0.54,411.0226745605469,640,480,ok,0.11903986930847169,1.0,259,320.0,228.62655639648438,487.5589599609375,358.09275817871094,258.9324035644531,,3,"[192, 265]","[468, 508]","[[74, 163], [192, 265], [468, 508]]",
791,train,25杭州,532,E:\桌面\v-Net\dataset\26合并\25杭州\532_-1.5800.jpg,-1.58,0.54,411.0226745605469,640,480,ok,0.12216835021972657,1.0,259,320.0,206.57070922851562,511.6170349121094,359.0938720703125,305.04632568359375,,3,"[171, 241]","[488, 531]","[[171, 241], [488, 531], [575, 639]]",
792,train,25杭州,535,E:\桌面\v-Net\dataset\26合并\25杭州\535_-1.5800.jpg,-1.58,0.54,411.0226745605469,640,480,ok,-0.017992067337036132,1.0,259,320.0,258.90484619140625,369.5802307128906,314.24253845214844,110.67538452148438,,6,"[223, 298]","[347, 390]","[[154, 185], [223, 298], [347, 390], [432, 478], [525, 548], [570, 605]]",
793,train,25杭州,536,E:\桌面\v-Net\dataset\26合并\25杭州\536_-1.5800.jpg,-1.58,0.54,411.0226745605469,640,480,ok,-0.12948198318481446,1.0,259,320.0,215.352783203125,341.77874755859375,278.5657653808594,126.42596435546875,,4,"[157, 272]","[318, 365]","[[157, 272], [318, 365], [406, 454], [544, 579]]",
794,train,25杭州,537,E:\桌面\v-Net\dataset\26合并\25杭州\537_-1.5800.jpg,-1.58,0.54,411.0226745605469,640,480,ok,-0.1290811538696289,1.0,259,320.0,230.669189453125,326.7188720703125,278.69403076171875,96.0496826171875,,5,"[198, 257]","[302, 350]","[[136, 179], [198, 257], [302, 350], [394, 440], [531, 565]]",
795,train,25杭州,539,E:\桌面\v-Net\dataset\26合并\25杭州\539_-1.5800.jpg,-1.58,0.54,411.0226745605469,640,480,ok,0.015935373306274415,1.0,259,320.0,139.89813232421875,510.3005065917969,325.0993194580078,370.4023742675781,,2,"[123, 157]","[493, 529]","[[123, 157], [493, 529]]",
796,train,25杭州,542,E:\桌面\v-Net\dataset\26合并\25杭州\542_0.0000.jpg,0.0,0.54,411.0226745605469,640,480,ok,0.13706188201904296,1.0,259,320.0,238.58837890625,489.1312255859375,363.85980224609375,250.5428466796875,,3,"[202, 276]","[472, 508]","[[85, 172], [202, 276], [472, 508]]",
797,train,25杭州,543,E:\桌面\v-Net\dataset\26合并\25杭州\543_0.0000.jpg,0.0,0.54,411.0226745605469,640,480,ok,-0.08975849151611329,1.0,259,320.0,109.74380493164062,472.8107604980469,291.27728271484375,363.06695556640625,,2,"[94, 126]","[458, 488]","[[94, 126], [458, 488]]",
798,train,25杭州,544,E:\桌面\v-Net\dataset\26合并\25杭州\544_0.0000.jpg,0.0,0.54,411.0226745605469,640,480,ok,-0.09075568914413452,1.0,259,320.0,106.5577163696289,475.358642578125,290.95817947387695,368.8009262084961,,2,"[86, 127]","[459, 492]","[[86, 127], [459, 492]]",
799,train,25杭州,545,E:\桌面\v-Net\dataset\26合并\25杭州\545_0.0000.jpg,0.0,0.54,411.0226745605469,640,480,ok,-0.09843269586563111,1.0,259,320.0,95.56291961669922,481.4401550292969,288.50153732299805,385.87723541259766,,2,"[75, 115]","[466, 498]","[[75, 115], [466, 498]]",
800,train,25杭州,546,E:\桌面\v-Net\dataset\26合并\25杭州\546_0.0000.jpg,0.0,0.54,411.0226745605469,640,480,ok,-0.09970927238464355,1.0,259,320.0,94.03973388671875,482.1463317871094,288.09303283691406,388.1065979003906,,2,"[78, 110]","[469, 497]","[[78, 110], [469, 497]]",
801,train,25杭州,547,E:\桌面\v-Net\dataset\26合并\25杭州\547_0.0000.jpg,0.0,0.54,411.0226745605469,640,480,ok,-0.07686799764633179,1.0,259,320.0,114.70587921142578,476.0986022949219,295.4022407531738,361.3927230834961,,2,"[102, 127]","[462, 490]","[[102, 127], [462, 490]]",
802,train,25杭州,550,E:\桌面\v-Net\dataset\26合并\25杭州\550_0.0000.jpg,0.0,0.54,411.0226745605469,640,480,ok,-0.08521798849105836,1.0,259,320.0,98.64542388916016,486.8150634765625,292.7302436828613,388.16963958740234,,2,"[80, 116]","[472, 502]","[[80, 116], [472, 502]]",
803,train,25杭州,551,E:\桌面\v-Net\dataset\26合并\25杭州\551_0.0000.jpg,0.0,0.54,411.0226745605469,640,480,ok,-0.22564308047294618,1.0,259,320.0,16.416278839111328,479.1721496582031,247.79421424865723,462.7558708190918,,2,"[0, 38]","[465, 492]","[[0, 38], [465, 492]]",
804,train,25杭州,552,E:\桌面\v-Net\dataset\26合并\25杭州\552_0.0000.jpg,0.0,0.54,411.0226745605469,640,480,ok,-0.0722652792930603,1.0,259,320.0,112.49579620361328,481.2544250488281,296.8751106262207,368.75862884521484,,3,"[99, 127]","[466, 497]","[[0, 66], [99, 127], [466, 497]]",
805,train,25杭州,553,E:\桌面\v-Net\dataset\26合并\25杭州\553_-1.6000.jpg,-1.6,0.54,411.0226745605469,640,480,ok,0.17029161453247071,1.0,259,320.0,259.7267761230469,489.2598571777344,374.4933166503906,229.5330810546875,,3,"[221, 299]","[477, 505]","[[109, 188], [221, 299], [477, 505]]",
806,train,25杭州,555,E:\桌面\v-Net\dataset\26合并\25杭州\555_0.0000.jpg,0.0,0.54,411.0226745605469,640,480,ok,-0.007083463668823242,1.0,259,320.0,274.6773376464844,360.78924560546875,317.73329162597656,86.11190795898438,,5,"[255, 295]","[340, 381]","[[0, 129], [167, 209], [255, 295], [340, 381], [424, 639]]",
807,train,25杭州,556,E:\桌面\v-Net\dataset\26合并\25杭州\556_0.0000.jpg,0.0,0.54,411.0226745605469,640,480,ok,-0.006424617767333984,1.0,259,320.0,273.6002502441406,362.2879943847656,317.9441223144531,88.687744140625,,5,"[252, 295]","[341, 384]","[[36, 131], [158, 206], [252, 295], [341, 384], [429, 639]]",
808,train,25杭州,557,E:\桌面\v-Net\dataset\26合并\25杭州\557_0.0000.jpg,0.0,0.54,411.0226745605469,640,480,ok,-0.009819221496582032,1.0,259,320.0,271.15704345703125,362.55865478515625,316.85784912109375,91.401611328125,,5,"[248, 293]","[341, 385]","[[79, 131], [151, 203], [248, 293], [341, 385], [430, 622]]",
809,train,25杭州,558,E:\桌面\v-Net\dataset\26合并\25杭州\558_0.0000.jpg,0.0,0.54,411.0226745605469,640,480,ok,0.18415513038635253,1.0,259,320.0,269.6048889160156,488.25439453125,378.9296417236328,218.64950561523438,,3,"[250, 289]","[469, 509]","[[83, 131], [250, 289], [469, 509]]",
810,train,25杭州,559,E:\桌面\v-Net\dataset\26合并\25杭州\559_0.0000.jpg,0.0,0.54,411.0226745605469,640,480,ok,-0.06984351873397827,1.0,259,320.0,107.10572052001953,488.1944274902344,297.65007400512695,381.08870697021484,,2,"[83, 131]","[469, 509]","[[83, 131], [469, 509]]",
811,train,25杭州,560,E:\桌面\v-Net\dataset\26合并\25杭州\560_0.0000.jpg,0.0,0.54,411.0226745605469,640,480,ok,-0.06983805894851684,1.0,259,320.0,106.2784652709961,489.0251770019531,297.6518211364746,382.74671173095703,,2,"[82, 130]","[470, 509]","[[82, 130], [470, 509]]",
812,train,25杭州,563,E:\桌面\v-Net\dataset\26合并\25杭州\563_-1.6000.jpg,-1.6,0.54,411.0226745605469,640,480,ok,0.1192431926727295,1.0,259,320.0,266.854248046875,449.4613952636719,358.15782165527344,182.60714721679688,,3,"[227, 308]","[432, 467]","[[117, 183], [227, 308], [432, 467]]",
813,train,25杭州,564,E:\桌面\v-Net\dataset\26合并\25杭州\564_-1.6000.jpg,-1.6,0.54,411.0226745605469,640,480,ok,0.10109949111938477,1.0,259,320.0,266.0793151855469,438.6243591308594,352.3518371582031,172.5450439453125,,3,"[225, 307]","[419, 458]","[[115, 176], [225, 307], [419, 458]]",
814,train,25杭州,567,E:\桌面\v-Net\dataset\26合并\25杭州\567_-1.6000.jpg,-1.6,0.54,411.0226745605469,640,480,ok,0.048620080947875975,1.0,259,320.0,267.4493408203125,403.6675109863281,335.5584259033203,136.21817016601562,,3,"[228, 308]","[384, 424]","[[93, 149], [228, 308], [384, 424]]",
815,train,25杭州,569,E:\桌面\v-Net\dataset\26合并\25杭州\569_-1.6000.jpg,-1.6,0.54,411.0226745605469,640,480,ok,-0.05600991249084473,1.0,259,320.0,262.8754577636719,341.2781982421875,302.0768280029297,78.40274047851562,,4,"[223, 303]","[326, 357]","[[58, 109], [223, 303], [326, 357], [365, 376]]",
816,train,25杭州,570,E:\桌面\v-Net\dataset\26合并\25杭州\570_-1.6000.jpg,-1.6,0.54,411.0226745605469,640,480,insufficient_yellow_edges,,0.0,259,320.0,,,,,,2,,,"[[27, 75], [223, 328]]",
817,train,25杭州,571,E:\桌面\v-Net\dataset\26合并\25杭州\571_-1.6000.jpg,-1.6,0.54,411.0226745605469,640,480,insufficient_yellow_edges,,0.0,259,320.0,,,,,,2,,,"[[7, 55], [222, 314]]",
818,train,25杭州,573,E:\桌面\v-Net\dataset\26合并\25杭州\573_-1.6000.jpg,-1.6,0.54,411.0226745605469,640,480,ok,0.4328456401824951,1.0,259,320.0,284.0821838378906,632.9390258789062,458.51060485839844,348.8568420410156,,3,"[274, 295]","[625, 639]","[[204, 257], [274, 295], [625, 639]]",
819,train,25杭州,574,E:\桌面\v-Net\dataset\26合并\25杭州\574_-1.6000.jpg,-1.6,0.54,411.0226745605469,640,480,ok,0.3697066307067871,1.0,259,320.0,258.8173828125,617.7948608398438,438.3061218261719,358.97747802734375,,3,"[238, 281]","[595, 639]","[[148, 201], [238, 281], [595, 639]]",
820,train,25杭州,575,E:\桌面\v-Net\dataset\26合并\25杭州\575_-1.6000.jpg,-1.6,0.54,411.0226745605469,640,480,ok,0.3201511144638062,1.0,259,320.0,241.72727966308594,603.16943359375,422.44835662841797,361.44215393066406,,3,"[218, 263]","[580, 626]","[[121, 171], [218, 263], [580, 626]]",
821,train,25杭州,577,E:\桌面\v-Net\dataset\26合并\25杭州\577_0.0000.jpg,0.0,0.54,411.0226745605469,640,480,ok,-0.04087783098220825,1.0,259,320.0,127.9267807006836,485.9114074707031,306.91909408569336,357.98462677001953,,3,"[102, 154]","[476, 494]","[[102, 154], [476, 494], [520, 546]]",
822,train,25杭州,578,E:\桌面\v-Net\dataset\26合并\25杭州\578_-1.6000.jpg,-1.6,0.54,411.0226745605469,640,480,ok,0.2774495124816895,1.0,259,320.0,256.797607421875,560.7700805664062,408.7838439941406,303.97247314453125,,3,"[236, 278]","[537, 583]","[[13, 72], [236, 278], [537, 583]]",
823,train,25杭州,579,E:\桌面\v-Net\dataset\26合并\25杭州\579_-1.6000.jpg,-1.6,0.54,411.0226745605469,640,480,ok,0.2748612403869629,1.0,259,320.0,282.0,533.9111938476562,407.9555969238281,251.91119384765625,,3,"[278, 286]","[510, 558]","[[206, 244], [278, 286], [510, 558]]",
824,train,25杭州,580,E:\桌面\v-Net\dataset\26合并\25杭州\580_-1.6000.jpg,-1.6,0.54,411.0226745605469,640,480,ok,0.06545178890228272,1.0,259,320.0,252.01878356933594,429.870361328125,340.94457244873047,177.85157775878906,,3,"[231, 275]","[419, 440]","[[231, 275], [419, 440], [482, 529]]",
825,train,25杭州,582,E:\桌面\v-Net\dataset\26合并\25杭州\582_-1.6000.jpg,-1.6,0.54,411.0226745605469,640,480,ok,-0.014224576950073241,1.0,259,320.0,252.0,378.8962707519531,315.44813537597656,126.89627075195312,,4,"[247, 257]","[356, 401]","[[190, 221], [247, 257], [356, 401], [445, 459]]",
826,train,25杭州,583,E:\桌面\v-Net\dataset\26合并\25杭州\583_-1.6000.jpg,-1.6,0.54,411.0226745605469,640,480,narrow_lane_width,,0.0,259,320.0,272.5098571777344,349.1539306640625,,76.64407348632812,,4,,,"[[198, 245], [251, 291], [326, 373], [617, 639]]",
827,train,25杭州,586,E:\桌面\v-Net\dataset\26合并\25杭州\586_-1.6000.jpg,-1.6,0.54,411.0226745605469,640,480,ok,0.11186323165893555,1.0,259,320.0,135.16107177734375,576.431396484375,355.7962341308594,441.27032470703125,,2,"[52, 214]","[559, 595]","[[52, 214], [559, 595]]",
828,train,25杭州,587,E:\桌面\v-Net\dataset\26合并\25杭州\587_-1.6000.jpg,-1.6,0.54,411.0226745605469,640,480,ok,0.10532457828521728,1.0,259,320.0,159.76222229003906,547.6455078125,353.70386505126953,387.88328552246094,,3,"[133, 186]","[530, 566]","[[12, 29], [133, 186], [530, 566]]",
829,train,25杭州,588,E:\桌面\v-Net\dataset\26合并\25杭州\588_0.0000.jpg,0.0,0.54,411.0226745605469,640,480,ok,-0.03243207931518555,1.0,259,320.0,133.2652587890625,485.97821044921875,309.6217346191406,352.71295166015625,,3,"[107, 159]","[470, 502]","[[107, 159], [470, 502], [527, 568]]",
830,train,25杭州,589,E:\桌面\v-Net\dataset\26合并\25杭州\589_-1.6000.jpg,-1.6,0.54,411.0226745605469,640,480,ok,0.06560816764831542,1.0,259,320.0,148.16635131835938,533.8228759765625,340.99461364746094,385.6565246582031,,2,"[121, 174]","[516, 553]","[[121, 174], [516, 553]]",
831,train,25杭州,590,E:\桌面\v-Net\dataset\26合并\25杭州\590_-1.6000.jpg,-1.6,0.54,411.0226745605469,640,480,ok,-0.018957352638244628,1.0,259,320.0,122.55659484863281,505.3106994628906,313.9336471557617,382.7541046142578,,2,"[96, 147]","[487, 525]","[[96, 147], [487, 525]]",
832,train,25杭州,592,E:\桌面\v-Net\dataset\26合并\25杭州\592_0.0000.jpg,0.0,0.54,411.0226745605469,640,480,ok,-0.11354774236679077,1.0,259,320.0,94.12027740478516,473.20916748046875,283.66472244262695,379.0888900756836,,2,"[69, 118]","[454, 493]","[[69, 118], [454, 493]]",
833,train,25杭州,594,E:\桌面\v-Net\dataset\26合并\25杭州\594_0.0000.jpg,0.0,0.54,411.0226745605469,640,480,ok,-0.11473921537399293,1.0,259,320.0,92.91996002197266,473.6469421386719,283.28345108032227,380.7269821166992,,2,"[69, 117]","[458, 491]","[[69, 117], [458, 491]]",
834,train,25杭州,596,E:\桌面\v-Net\dataset\26合并\25杭州\596_0.0000.jpg,0.0,0.54,411.0226745605469,640,480,ok,-0.09269239902496337,1.0,259,320.0,96.36201477050781,484.3148498535156,290.3384323120117,387.9528350830078,,2,"[71, 121]","[467, 503]","[[71, 121], [467, 503]]",
835,train,25杭州,598,E:\桌面\v-Net\dataset\26合并\25杭州\598_0.0000.jpg,0.0,0.54,411.0226745605469,640,480,ok,-0.04937562942504883,1.0,259,320.0,101.75607299804688,506.6435241699219,304.1997985839844,404.887451171875,,2,"[75, 128]","[481, 535]","[[75, 128], [481, 535]]",
836,train,25杭州,599,E:\桌面\v-Net\dataset\26合并\25杭州\599_0.0000.jpg,0.0,0.54,411.0226745605469,640,480,ok,-0.012944436073303223,1.0,259,320.0,137.84898376464844,493.8665771484375,315.85778045654297,356.01759338378906,,3,"[110, 166]","[476, 513]","[[110, 166], [476, 513], [538, 581]]",
837,train,25杭州,601,E:\桌面\v-Net\dataset\26合并\25杭州\601_0.0000.jpg,0.0,0.54,411.0226745605469,640,480,ok,0.05559980869293213,1.0,259,320.0,112.26210021972656,563.32177734375,337.7919387817383,451.05967712402344,,2,"[84, 140]","[510, 639]","[[84, 140], [510, 639]]",
838,train,25杭州,602,E:\桌面\v-Net\dataset\26合并\25杭州\602_0.0000.jpg,0.0,0.54,411.0226745605469,640,480,ok,0.08593899011611938,1.0,259,320.0,115.7859878540039,579.2149658203125,347.5004768371582,463.4289779663086,,2,"[86, 146]","[523, 639]","[[86, 146], [523, 639]]",
839,train,25杭州,603,E:\桌面\v-Net\dataset\26合并\25杭州\603_0.0000.jpg,0.0,0.54,411.0226745605469,640,480,ok,0.1338988423347473,1.0,259,320.0,123.00281524658203,602.6924438476562,362.84762954711914,479.6896286010742,,2,"[93, 153]","[559, 639]","[[93, 153], [559, 639]]",
840,train,25杭州,605,E:\桌面\v-Net\dataset\26合并\25杭州\605_0.0000.jpg,0.0,0.54,411.0226745605469,640,480,inferred_missing_right,0.0742429256439209,0.6,259,320.0,138.24639892578125,549.2690734863281,343.7577362060547,411.0226745605469,411.0226745605469,1,,,"[[106, 171]]",
841,train,25杭州,606,E:\桌面\v-Net\dataset\26合并\25杭州\606_0.0000.jpg,0.0,0.54,411.0226745605469,640,480,inferred_missing_right,0.09546933174133301,0.6,259,320.0,145.03884887695312,556.0615234375,350.55018615722656,411.0226745605469,411.0226745605469,1,,,"[[112, 179]]",
842,train,25杭州,607,E:\桌面\v-Net\dataset\26合并\25杭州\607_0.0000.jpg,0.0,0.54,411.0226745605469,640,480,inferred_missing_right,0.13286452293395995,0.6,259,320.0,157.00531005859375,568.0279846191406,362.5166473388672,411.0226745605469,411.0226745605469,1,,,"[[122, 191]]",
843,train,25杭州,608,E:\桌面\v-Net\dataset\26合并\25杭州\608_0.0000.jpg,0.0,0.54,411.0226745605469,640,480,inferred_missing_right,0.1567859172821045,0.6,259,320.0,164.66015625,575.6828308105469,370.17149353027344,411.0226745605469,411.0226745605469,1,,,"[[131, 198]]",
844,train,25杭州,610,E:\桌面\v-Net\dataset\26合并\25杭州\610_0.0000.jpg,0.0,0.54,411.0226745605469,640,480,ok,0.004442667961120606,1.0,259,320.0,146.00856018066406,496.8347473144531,321.4216537475586,350.82618713378906,,4,"[118, 174]","[483, 511]","[[118, 174], [483, 511], [559, 594], [617, 639]]",
845,train,25杭州,611,E:\桌面\v-Net\dataset\26合并\25杭州\611_0.0000.jpg,0.0,0.54,411.0226745605469,640,480,inferred_missing_right,0.22155122756958007,0.6,259,320.0,185.3850555419922,596.4077301025391,390.8963928222656,411.0226745605469,411.0226745605469,1,,,"[[150, 222]]",
846,train,25杭州,612,E:\桌面\v-Net\dataset\26合并\25杭州\612_0.0000.jpg,0.0,0.54,411.0226745605469,640,480,inferred_missing_right,0.268918514251709,0.6,259,320.0,200.54258728027344,611.5652618408203,406.0539245605469,411.0226745605469,411.0226745605469,1,,,"[[161, 240]]",
847,train,25杭州,613,E:\桌面\v-Net\dataset\26合并\25杭州\613_-1.5000.jpg,-1.5,0.54,411.0226745605469,640,480,inferred_missing_right,0.3343204021453857,0.6,259,320.0,221.47119140625,632.4938659667969,426.98252868652344,411.0226745605469,411.0226745605469,1,,,"[[182, 262]]",
848,train,25杭州,614,E:\桌面\v-Net\dataset\26合并\25杭州\614_-1.5000.jpg,-1.5,0.54,411.0226745605469,640,480,inferred_missing_right,0.34019932746887205,0.6,259,320.0,223.35244750976562,634.3751220703125,428.86378479003906,411.0226745605469,411.0226745605469,1,,,"[[184, 264]]",
849,train,25杭州,615,E:\桌面\v-Net\dataset\26合并\25杭州\615_-1.5000.jpg,-1.5,0.54,411.0226745605469,640,480,inferred_missing_right,0.3348057746887207,0.6,259,320.0,221.6265106201172,632.6491851806641,427.1378479003906,411.0226745605469,411.0226745605469,1,,,"[[182, 263]]",
850,train,25杭州,616,E:\桌面\v-Net\dataset\26合并\25杭州\616_-1.5000.jpg,-1.5,0.54,411.0226745605469,640,480,inferred_missing_right,0.35051517486572265,0.6,259,320.0,226.6535186767578,637.6761932373047,432.16485595703125,411.0226745605469,411.0226745605469,1,,,"[[186, 268]]",
851,train,25杭州,617,E:\桌面\v-Net\dataset\26合并\25杭州\617_-1.5000.jpg,-1.5,0.54,411.0226745605469,640,480,inferred_missing_right,0.3509372234344482,0.6,259,320.0,226.78857421875,637.8112487792969,432.29991149902344,411.0226745605469,411.0226745605469,1,,,"[[185, 269]]",
852,train,25杭州,618,E:\桌面\v-Net\dataset\26合并\25杭州\618_-1.5000.jpg,-1.5,0.54,411.0226745605469,640,480,inferred_missing_right,0.35807273387908933,0.6,259,320.0,230.1665496826172,639.0,434.5832748413086,408.8334503173828,411.0226745605469,1,,,"[[189, 272]]",
853,train,25杭州,619,E:\桌面\v-Net\dataset\26合并\25杭州\619_-1.5000.jpg,-1.5,0.54,411.0226745605469,640,480,inferred_missing_right,0.36560275554656985,0.6,259,320.0,234.9857635498047,639.0,436.99288177490234,404.0142364501953,411.0226745605469,1,,,"[[194, 277]]",
854,train,25杭州,621,E:\桌面\v-Net\dataset\26合并\25杭州\621_0.0000.jpg,0.0,0.54,411.0226745605469,640,480,ok,-0.008159971237182618,1.0,259,320.0,151.39190673828125,483.3857116699219,317.38880920410156,331.9938049316406,,4,"[122, 181]","[471, 494]","[[122, 181], [471, 494], [574, 595], [624, 639]]",
855,train,25杭州,622,E:\桌面\v-Net\dataset\26合并\25杭州\622_-1.5000.jpg,-1.5,0.54,411.0226745605469,640,480,inferred_missing_right,0.36580145359039307,0.6,259,320.0,235.11293029785156,639.0,437.0564651489258,403.88706970214844,411.0226745605469,1,,,"[[194, 277]]",
856,train,25杭州,624,E:\桌面\v-Net\dataset\26合并\25杭州\624_-1.5000.jpg,-1.5,0.54,411.0226745605469,640,480,inferred_missing_right,0.3715479850769043,0.6,259,320.0,238.79071044921875,639.0,438.8953552246094,400.20928955078125,411.0226745605469,1,,,"[[197, 283]]",
857,train,25杭州,630,E:\桌面\v-Net\dataset\26合并\25杭州\630_-1.5000.jpg,-1.5,0.54,411.0226745605469,640,480,inferred_missing_right,0.39368443489074706,0.6,259,320.0,252.95803833007812,639.0,445.97901916503906,386.0419616699219,411.0226745605469,1,,,"[[206, 301]]",
858,train,25杭州,631,E:\桌面\v-Net\dataset\26合并\25杭州\631_-1.5000.jpg,-1.5,0.54,411.0226745605469,640,480,inferred_missing_right,0.3954261302947998,0.6,259,320.0,254.07272338867188,639.0,446.53636169433594,384.9272766113281,411.0226745605469,1,,,"[[207, 301]]",
859,train,25杭州,632,E:\桌面\v-Net\dataset\26合并\25杭州\632_0.0000.jpg,0.0,0.54,411.0226745605469,640,480,ok,0.00802924633026123,1.0,259,320.0,160.5359649658203,484.6027526855469,322.5693588256836,324.06678771972656,,3,"[130, 191]","[468, 501]","[[0, 45], [130, 191], [468, 501]]",
860,train,25杭州,635,E:\桌面\v-Net\dataset\26合并\25杭州\635_-1.5000.jpg,-1.5,0.54,411.0226745605469,640,480,insufficient_yellow_edges,,0.0,259,320.0,,,,,,2,,,"[[0, 9], [229, 320]]",
861,train,25杭州,636,E:\桌面\v-Net\dataset\26合并\25杭州\636_-1.5000.jpg,-1.5,0.54,411.0226745605469,640,480,insufficient_yellow_edges,,0.0,259,320.0,,,,,,2,,,"[[0, 15], [233, 324]]",
862,train,25杭州,637,E:\桌面\v-Net\dataset\26合并\25杭州\637_-1.5000.jpg,-1.5,0.54,411.0226745605469,640,480,inferred_missing_right,0.44102797508239744,0.6,259,320.0,283.2579040527344,639.0,461.1289520263672,355.7420959472656,411.0226745605469,1,,,"[[237, 331]]",
863,train,25杭州,638,E:\桌面\v-Net\dataset\26合并\25杭州\638_-1.5000.jpg,-1.5,0.54,411.0226745605469,640,480,inferred_missing_right,0.44753360748291016,0.6,259,320.0,287.4215087890625,639.0,463.21075439453125,351.5784912109375,411.0226745605469,1,,,"[[242, 334]]",
864,train,25杭州,639,E:\桌面\v-Net\dataset\26合并\25杭州\639_-1.5000.jpg,-1.5,0.54,411.0226745605469,640,480,inferred_missing_right,0.460694408416748,0.6,259,320.0,295.84442138671875,639.0,467.4222106933594,343.15557861328125,411.0226745605469,1,,,"[[250, 344]]",
865,train,25杭州,640,E:\桌面\v-Net\dataset\26合并\25杭州\640_-1.5000.jpg,-1.5,0.54,411.0226745605469,640,480,inferred_missing_right,0.46561522483825685,0.6,259,320.0,298.9937438964844,639.0,468.9968719482422,340.0062561035156,411.0226745605469,1,,,"[[251, 349]]",
866,train,25杭州,643,E:\桌面\v-Net\dataset\26合并\25杭州\643_0.0000.jpg,0.0,0.54,411.0226745605469,640,480,ok,0.023699212074279784,1.0,259,320.0,167.3207244873047,487.8467712402344,327.58374786376953,320.5260467529297,,3,"[136, 198]","[470, 506]","[[0, 65], [136, 198], [470, 506]]",
867,train,25杭州,644,E:\桌面\v-Net\dataset\26合并\25杭州\644_-1.5000.jpg,-1.5,0.54,411.0226745605469,640,480,insufficient_yellow_edges,,0.0,259,320.0,,,,,,2,,,"[[44, 59], [266, 363]]",
868,train,25杭州,646,E:\桌面\v-Net\dataset\26合并\25杭州\646_-1.5000.jpg,-1.5,0.54,411.0226745605469,640,480,ok,-0.47710852324962616,1.0,259,320.0,11.534883499145508,323.11566162109375,167.32527256011963,311.58077812194824,,2,"[0, 26]","[271, 377]","[[0, 26], [271, 377]]",
869,train,25杭州,647,E:\桌面\v-Net\dataset\26合并\25杭州\647_-1.5000.jpg,-1.5,0.54,411.0226745605469,640,480,ok,-0.470699580013752,1.0,259,320.0,11.51948070526123,327.2327880859375,169.37613439559937,315.71330738067627,,2,"[8, 15]","[276, 379]","[[8, 15], [276, 379]]",
870,train,25杭州,648,E:\桌面\v-Net\dataset\26合并\25杭州\648_-1.5000.jpg,-1.5,0.54,411.0226745605469,640,480,inferred_missing_left,-0.47803473472595215,0.6,259,320.0,0.0,334.0577697753906,167.0288848876953,334.0577697753906,411.0226745605469,1,,,"[[286, 385]]",
871,train,25杭州,649,E:\桌面\v-Net\dataset\26合并\25杭州\649_-1.5000.jpg,-1.5,0.54,411.0226745605469,640,480,inferred_missing_left,-0.47055997848510744,0.6,259,320.0,0.0,338.84161376953125,169.42080688476562,338.84161376953125,411.0226745605469,1,,,"[[289, 390]]",
872,train,25杭州,651,E:\桌面\v-Net\dataset\26合并\25杭州\651_-1.5000.jpg,-1.5,0.54,411.0226745605469,640,480,inferred_missing_left,-0.462264347076416,0.6,259,320.0,0.0,344.15081787109375,172.07540893554688,344.15081787109375,411.0226745605469,1,,,"[[298, 391]]",
873,train,25杭州,652,E:\桌面\v-Net\dataset\26合并\25杭州\652_-1.5000.jpg,-1.5,0.54,411.0226745605469,640,480,inferred_missing_left,-0.4518859386444092,0.6,259,320.0,0.0,350.7929992675781,175.39649963378906,350.7929992675781,411.0226745605469,1,,,"[[304, 400]]",
874,train,25杭州,654,E:\桌面\v-Net\dataset\26合并\25杭州\654_0.0000.jpg,0.0,0.54,411.0226745605469,640,480,ok,0.05164656639099121,1.0,259,320.0,179.03268432617188,494.0211181640625,336.5269012451172,314.9884338378906,,3,"[147, 212]","[478, 510]","[[0, 91], [147, 212], [478, 510]]",
875,train,25杭州,655,E:\桌面\v-Net\dataset\26合并\25杭州\655_0.0000.jpg,0.0,0.54,411.0226745605469,640,480,ok,-0.003066706657409668,1.0,259,320.0,131.5583038330078,506.47900390625,319.0186538696289,374.9207000732422,,2,"[107, 155]","[486, 528]","[[107, 155], [486, 528]]",
876,train,25杭州,656,E:\桌面\v-Net\dataset\26合并\25杭州\656_-1.5000.jpg,-1.5,0.54,411.0226745605469,640,480,inferred_missing_right,0.48749794960021975,0.6,259,320.0,312.9986877441406,639.0,475.9993438720703,326.0013122558594,411.0226745605469,1,,,"[[266, 362]]",
877,train,25杭州,657,E:\桌面\v-Net\dataset\26合并\25杭州\657_-1.5000.jpg,-1.5,0.54,411.0226745605469,640,480,inferred_missing_right,0.4900046348571777,0.6,259,320.0,314.60296630859375,639.0,476.8014831542969,324.39703369140625,411.0226745605469,1,,,"[[269, 361]]",
878,train,25杭州,658,E:\桌面\v-Net\dataset\26合并\25杭州\658_-1.5000.jpg,-1.5,0.54,411.0226745605469,640,480,inferred_missing_right,0.4967490196228027,0.6,259,320.0,318.91937255859375,639.0,478.9596862792969,320.08062744140625,411.0226745605469,1,,,"[[274, 365]]",
879,train,25杭州,659,E:\桌面\v-Net\dataset\26合并\25杭州\659_-1.5000.jpg,-1.5,0.54,411.0226745605469,640,480,inferred_missing_left,-0.49768710136413574,0.6,259,320.0,0.0,321.4802551269531,160.74012756347656,321.4802551269531,411.0226745605469,1,,,"[[276, 369]]",
880,train,25杭州,660,E:\桌面\v-Net\dataset\26合并\25杭州\660_-1.5000.jpg,-1.5,0.54,411.0226745605469,640,480,inferred_missing_left,-0.49637303352355955,0.6,259,320.0,0.0,322.3212585449219,161.16062927246094,322.3212585449219,411.0226745605469,1,,,"[[276, 371]]",
881,train,25杭州,661,E:\桌面\v-Net\dataset\26合并\25杭州\661_-1.5000.jpg,-1.5,0.54,411.0226745605469,640,480,inferred_missing_left,-0.4952384948730469,0.6,259,320.0,0.0,323.04736328125,161.523681640625,323.04736328125,411.0226745605469,1,,,"[[278, 371]]",
882,train,25杭州,663,E:\桌面\v-Net\dataset\26合并\25杭州\663_-1.5000.jpg,-1.5,0.54,411.0226745605469,640,480,inferred_missing_left,-0.4769920349121094,0.6,259,320.0,0.0,334.72509765625,167.362548828125,334.72509765625,411.0226745605469,1,,,"[[287, 383]]",
883,train,25杭州,664,E:\桌面\v-Net\dataset\26合并\25杭州\664_-1.5000.jpg,-1.5,0.54,411.0226745605469,640,480,inferred_missing_left,-0.4629673957824707,0.6,259,320.0,0.0,343.70086669921875,171.85043334960938,343.70086669921875,411.0226745605469,1,,,"[[296, 394]]",
884,train,25杭州,666,E:\桌面\v-Net\dataset\26合并\25杭州\666_0.0000.jpg,0.0,0.54,411.0226745605469,640,480,ok,0.09626719951629639,1.0,259,320.0,192.4308319091797,509.18017578125,350.80550384521484,316.7493438720703,,3,"[162, 224]","[493, 526]","[[0, 99], [162, 224], [493, 526]]",
885,train,25杭州,667,E:\桌面\v-Net\dataset\26合并\25杭州\667_-1.5600.jpg,-1.56,0.54,411.0226745605469,640,480,inferred_missing_left,-0.44871816635131834,0.6,259,320.0,0.0,352.82037353515625,176.41018676757812,352.82037353515625,411.0226745605469,1,,,"[[304, 404]]",
886,train,25杭州,668,E:\桌面\v-Net\dataset\26合并\25杭州\668_-1.5600.jpg,-1.56,0.54,411.0226745605469,640,480,inferred_missing_left,-0.4431105136871338,0.6,259,320.0,0.0,356.4092712402344,178.2046356201172,356.4092712402344,411.0226745605469,1,,,"[[308, 407]]",
887,train,25杭州,673,E:\桌面\v-Net\dataset\26合并\25杭州\673_-1.5600.jpg,-1.56,0.54,411.0226745605469,640,480,inferred_missing_left,-0.4314255714416504,0.6,259,320.0,0.0,363.88763427734375,181.94381713867188,363.88763427734375,411.0226745605469,1,,,"[[317, 411]]",
888,train,25杭州,674,E:\桌面\v-Net\dataset\26合并\25杭州\674_-1.5600.jpg,-1.56,0.54,411.0226745605469,640,480,inferred_missing_left,-0.4304067611694336,0.6,259,320.0,0.0,364.5396728515625,182.26983642578125,364.5396728515625,411.0226745605469,1,,,"[[319, 413]]",
889,train,25杭州,678,E:\桌面\v-Net\dataset\26合并\25杭州\678_-1.5600.jpg,-1.56,0.54,411.0226745605469,640,480,inferred_missing_left,-0.4377391815185547,0.6,259,320.0,0.0,359.846923828125,179.9234619140625,359.846923828125,411.0226745605469,1,,,"[[316, 406]]",
890,train,25杭州,680,E:\桌面\v-Net\dataset\26合并\25杭州\680_-1.5600.jpg,-1.56,0.54,411.0226745605469,640,480,inferred_missing_left,-0.4445894718170166,0.6,259,320.0,0.0,355.4627380371094,177.7313690185547,355.4627380371094,411.0226745605469,1,,,"[[313, 400]]",
891,train,25杭州,681,E:\桌面\v-Net\dataset\26合并\25杭州\681_-1.5600.jpg,-1.56,0.54,411.0226745605469,640,480,inferred_missing_left,-0.45418009757995603,0.6,259,320.0,0.0,349.3247375488281,174.66236877441406,349.3247375488281,411.0226745605469,1,,,"[[308, 392]]",
892,train,25杭州,682,E:\桌面\v-Net\dataset\26合并\25杭州\682_-1.5600.jpg,-1.56,0.54,411.0226745605469,640,480,inferred_missing_left,-0.4579350471496582,0.6,259,320.0,0.0,346.92156982421875,173.46078491210938,346.92156982421875,411.0226745605469,1,,,"[[306, 389]]",
893,train,25杭州,683,E:\桌面\v-Net\dataset\26合并\25杭州\683_-1.5600.jpg,-1.56,0.54,411.0226745605469,640,480,inferred_missing_left,-0.46894135475158694,0.6,259,320.0,0.0,339.8775329589844,169.9387664794922,339.8775329589844,411.0226745605469,1,,,"[[301, 377]]",
894,train,25杭州,684,E:\桌面\v-Net\dataset\26合并\25杭州\684_-1.5600.jpg,-1.56,0.54,411.0226745605469,640,480,inferred_missing_left,-0.4730038642883301,0.6,259,320.0,0.0,337.27752685546875,168.63876342773438,337.27752685546875,411.0226745605469,1,,,"[[299, 378]]",
895,train,25杭州,686,E:\桌面\v-Net\dataset\26合并\25杭州\686_-1.5600.jpg,-1.56,0.54,411.0226745605469,640,480,inferred_missing_left,-0.4855212688446045,0.6,259,320.0,0.0,329.2663879394531,164.63319396972656,329.2663879394531,411.0226745605469,1,,,"[[286, 372]]",
896,train,25杭州,687,E:\桌面\v-Net\dataset\26合并\25杭州\687_-1.5600.jpg,-1.56,0.54,411.0226745605469,640,480,ok,-0.3760916471481323,1.0,259,320.0,76.20222473144531,323.09912109375,199.65067291259766,246.8968963623047,,2,"[0, 167]","[284, 362]","[[0, 167], [284, 362]]",
897,train,25杭州,688,E:\桌面\v-Net\dataset\26合并\25杭州\688_0.0000.jpg,0.0,0.54,411.0226745605469,640,480,ok,0.11217470169067383,1.0,259,320.0,215.34735107421875,496.4444580078125,355.8959045410156,281.09710693359375,,3,"[182, 249]","[484, 508]","[[31, 138], [182, 249], [484, 508]]",
898,train,25杭州,690,E:\桌面\v-Net\dataset\26合并\25杭州\690_-1.5600.jpg,-1.56,0.54,411.0226745605469,640,480,insufficient_yellow_edges,,0.0,259,320.0,,,,,,2,,,"[[72, 259], [270, 353]]",
899,train,25杭州,691,E:\桌面\v-Net\dataset\26合并\25杭州\691_-1.5600.jpg,-1.56,0.54,411.0226745605469,640,480,inferred_missing_right,0.36576788425445556,0.6,259,320.0,235.09144592285156,639.0,437.0457229614258,403.90855407714844,411.0226745605469,1,,,"[[108, 349]]",
900,train,25杭州,693,E:\桌面\v-Net\dataset\26合并\25杭州\693_-1.5600.jpg,-1.56,0.54,411.0226745605469,640,480,inferred_missing_right,0.4093920230865479,0.6,259,320.0,263.0108947753906,639.0,451.0054473876953,375.9891052246094,411.0226745605469,1,,,"[[172, 339]]",
901,train,25杭州,695,E:\桌面\v-Net\dataset\26合并\25杭州\695_-1.5600.jpg,-1.56,0.54,411.0226745605469,640,480,inferred_missing_right,0.4253185749053955,0.6,259,320.0,273.2038879394531,639.0,456.10194396972656,365.7961120605469,411.0226745605469,1,,,"[[209, 331]]",
902,train,25杭州,696,E:\桌面\v-Net\dataset\26合并\25杭州\696_-1.5600.jpg,-1.56,0.54,411.0226745605469,640,480,ok,0.4229264736175537,1.0,259,320.0,275.1224670410156,635.5504760742188,455.3364715576172,360.4280090332031,,2,"[225, 321]","[631, 639]","[[225, 321], [631, 639]]",
903,train,25杭州,698,E:\桌面\v-Net\dataset\26合并\25杭州\698_-1.5600.jpg,-1.56,0.54,411.0226745605469,640,480,ok,0.3889139652252197,1.0,259,320.0,273.3052062988281,615.5997314453125,444.4524688720703,342.2945251464844,,2,"[234, 313]","[591, 639]","[[234, 313], [591, 639]]",
904,train,25杭州,699,E:\桌面\v-Net\dataset\26合并\25杭州\699_0.0000.jpg,0.0,0.54,411.0226745605469,640,480,ok,0.12750499248504638,1.0,259,320.0,223.01051330566406,498.5926818847656,360.80159759521484,275.58216857910156,,3,"[189, 259]","[484, 512]","[[44, 151], [189, 259], [484, 512]]",
905,train,25杭州,701,E:\桌面\v-Net\dataset\26合并\25杭州\701_-1.5600.jpg,-1.56,0.54,411.0226745605469,640,480,ok,0.3177343845367432,1.0,259,320.0,265.7157897949219,577.6342163085938,421.6750030517578,311.9184265136719,,2,"[229, 301]","[552, 603]","[[229, 301], [552, 603]]",
906,train,25杭州,702,E:\桌面\v-Net\dataset\26合并\25杭州\702_-1.5600.jpg,-1.56,0.54,411.0226745605469,640,480,ok,0.17294082641601563,1.0,259,320.0,264.4673767089844,486.2147521972656,375.341064453125,221.74737548828125,,3,"[231, 298]","[477, 495]","[[231, 298], [477, 495], [540, 589]]",
907,train,25杭州,703,E:\桌面\v-Net\dataset\26合并\25杭州\703_-1.5600.jpg,-1.56,0.54,411.0226745605469,640,480,ok,-0.08596398830413818,1.0,259,320.0,247.6160430908203,337.36700439453125,292.4915237426758,89.75096130371094,,4,"[223, 270]","[306, 375]","[[223, 270], [306, 375], [427, 473], [516, 566]]",
908,train,25杭州,707,E:\桌面\v-Net\dataset\26合并\25杭州\707_-1.5600.jpg,-1.56,0.54,411.0226745605469,640,480,ok,0.03938164710998535,1.0,259,320.0,292.6174011230469,372.58685302734375,332.6021270751953,79.96945190429688,,4,"[285, 300]","[351, 396]","[[182, 219], [285, 300], [351, 396], [588, 622]]",
909,train,25杭州,708,E:\桌面\v-Net\dataset\26合并\25杭州\708_-1.5600.jpg,-1.56,0.54,411.0226745605469,640,480,ok,0.26516308784484866,1.0,259,320.0,220.61599731445312,589.08837890625,404.85218811035156,368.4723815917969,,3,"[213, 228]","[573, 607]","[[174, 195], [213, 228], [573, 607]]",
910,train,25杭州,709,E:\桌面\v-Net\dataset\26合并\25杭州\709_-1.5600.jpg,-1.56,0.54,411.0226745605469,640,480,ok,0.16598896980285643,1.0,259,320.0,184.75253295898438,561.4804077148438,373.11647033691406,376.7278747558594,,2,"[164, 205]","[548, 579]","[[164, 205], [548, 579]]",
911,train,25杭州,710,E:\桌面\v-Net\dataset\26合并\25杭州\710_0.0000.jpg,0.0,0.54,411.0226745605469,640,480,ok,0.16617770195007325,1.0,259,320.0,241.498046875,504.8556823730469,373.17686462402344,263.3576354980469,,3,"[206, 277]","[485, 525]","[[81, 175], [206, 277], [485, 525]]",
912,train,25杭州,711,E:\桌面\v-Net\dataset\26合并\25杭州\711_-1.5600.jpg,-1.56,0.54,411.0226745605469,640,480,ok,0.06439554691314697,1.0,259,320.0,147.43006896972656,533.7830810546875,340.60657501220703,386.35301208496094,,2,"[129, 165]","[523, 547]","[[129, 165], [523, 547]]",
913,train,25杭州,714,E:\桌面\v-Net\dataset\26合并\25杭州\714_0.0000.jpg,0.0,0.54,411.0226745605469,640,480,ok,-0.12760163545608522,1.0,259,320.0,91.0892562866211,467.2456970214844,279.16747665405273,376.1564407348633,,2,"[72, 108]","[450, 485]","[[72, 108], [450, 485]]",
914,train,25杭州,715,E:\桌面\v-Net\dataset\26合并\25杭州\715_0.0000.jpg,0.0,0.54,411.0226745605469,640,480,ok,-0.13325423002243042,1.0,259,320.0,85.61621856689453,469.10107421875,277.35864639282227,383.48485565185547,,2,"[70, 100]","[452, 487]","[[70, 100], [452, 487]]",
915,train,25杭州,716,E:\桌面\v-Net\dataset\26合并\25杭州\716_0.0000.jpg,0.0,0.54,411.0226745605469,640,480,ok,-0.10376158952713013,1.0,259,320.0,100.33422088623047,473.25836181640625,286.79629135131836,372.9241409301758,,2,"[86, 115]","[458, 489]","[[86, 115], [458, 489]]",
916,train,25杭州,717,E:\桌面\v-Net\dataset\26合并\25杭州\717_0.0000.jpg,0.0,0.54,411.0226745605469,640,480,ok,-0.11265158653259277,1.0,259,320.0,96.39871215820312,471.5042724609375,283.9514923095703,375.1055603027344,,2,"[79, 114]","[460, 486]","[[79, 114], [460, 486]]",
917,train,25杭州,718,E:\桌面\v-Net\dataset\26合并\25杭州\718_0.0000.jpg,0.0,0.54,411.0226745605469,640,480,ok,-0.14821357727050782,1.0,259,320.0,84.39639282226562,460.7469177246094,272.5716552734375,376.35052490234375,,2,"[64, 104]","[446, 476]","[[64, 104], [446, 476]]",
918,train,25杭州,719,E:\桌面\v-Net\dataset\26合并\25杭州\719_0.0000.jpg,0.0,0.54,411.0226745605469,640,480,ok,-0.15238864421844484,1.0,259,320.0,80.37379455566406,462.09747314453125,271.23563385009766,381.7236785888672,,2,"[63, 97]","[445, 480]","[[63, 97], [445, 480]]",
919,train,25杭州,720,E:\桌面\v-Net\dataset\26合并\25杭州\720_0.0000.jpg,0.0,0.54,411.0226745605469,640,480,ok,-0.12786940336227418,1.0,259,320.0,91.01074981689453,467.15283203125,279.08179092407227,376.14208221435547,,3,"[79, 103]","[451, 484]","[[0, 33], [79, 103], [451, 484]]",
920,train,25杭州,721,E:\桌面\v-Net\dataset\26合并\25杭州\721_0.0000.jpg,0.0,0.54,411.0226745605469,640,480,ok,0.1845959186553955,1.0,259,320.0,251.63873291015625,506.5026550292969,379.07069396972656,254.86392211914062,,3,"[215, 288]","[487, 525]","[[98, 186], [215, 288], [487, 525]]",
921,train,25杭州,722,E:\桌面\v-Net\dataset\26合并\25杭州\722_0.0000.jpg,0.0,0.54,411.0226745605469,640,480,ok,-0.13332971334457397,1.0,259,320.0,85.71024322509766,468.958740234375,277.3344917297363,383.24849700927734,,3,"[69, 103]","[454, 484]","[[0, 54], [69, 103], [454, 484]]",
922,train,25杭州,723,E:\桌面\v-Net\dataset\26合并\25杭州\723_0.0000.jpg,0.0,0.54,411.0226745605469,640,480,ok,-0.19879841804504395,1.0,259,320.0,58.518402099609375,454.2506103515625,256.38450622558594,395.7322082519531,,2,"[0, 104]","[440, 469]","[[0, 104], [440, 469]]",
923,train,25杭州,724,E:\桌面\v-Net\dataset\26合并\25杭州\724_0.0000.jpg,0.0,0.54,411.0226745605469,640,480,ok,-0.03856217861175537,1.0,259,320.0,158.7296600341797,456.5905456542969,307.6601028442383,297.8608856201172,,3,"[139, 181]","[440, 473]","[[0, 100], [139, 181], [440, 473]]",
924,train,25杭州,725,E:\桌面\v-Net\dataset\26合并\25杭州\725_0.0000.jpg,0.0,0.54,411.0226745605469,640,480,ok,-0.10145668983459473,1.0,259,320.0,244.3851318359375,330.6825866699219,287.5338592529297,86.29745483398438,,5,"[223, 266]","[310, 352]","[[36, 100], [127, 177], [223, 266], [310, 352], [395, 639]]",
925,train,25杭州,726,E:\桌面\v-Net\dataset\26合并\25杭州\726_0.0000.jpg,0.0,0.54,411.0226745605469,640,480,ok,-0.10891737937927246,1.0,259,320.0,239.13375854492188,331.15911865234375,285.1464385986328,92.02536010742188,,5,"[216, 262]","[309, 353]","[[51, 97], [121, 168], [216, 262], [309, 353], [398, 639]]",
926,train,25杭州,727,E:\桌面\v-Net\dataset\26合并\25杭州\727_0.0000.jpg,0.0,0.54,411.0226745605469,640,480,ok,-0.3714210271835327,1.0,259,320.0,72.79054260253906,329.5,201.14527130126953,256.70945739746094,,3,"[49, 96]","[310, 349]","[[49, 96], [310, 349], [400, 639]]",
927,train,25杭州,728,E:\桌面\v-Net\dataset\26合并\25杭州\728_0.0000.jpg,0.0,0.54,411.0226745605469,640,480,ok,-0.18502388000488282,1.0,259,320.0,69.72103881835938,451.8636779785156,260.7923583984375,382.14263916015625,,2,"[46, 93]","[432, 473]","[[46, 93], [432, 473]]",
928,train,25杭州,729,E:\桌面\v-Net\dataset\26合并\25杭州\729_0.0000.jpg,0.0,0.54,411.0226745605469,640,480,ok,-0.18863043785095215,1.0,259,320.0,68.99139404296875,450.2851257324219,259.6382598876953,381.2937316894531,,2,"[42, 93]","[430, 471]","[[42, 93], [430, 471]]",
929,train,25杭州,732,E:\桌面\v-Net\dataset\26合并\25杭州\732_-1.6000.jpg,-1.6,0.54,411.0226745605469,640,480,ok,0.2176903247833252,1.0,259,320.0,271.2547912597656,508.0670166015625,389.66090393066406,236.81222534179688,,3,"[234, 310]","[492, 525]","[[117, 201], [234, 310], [492, 525]]",
930,train,25杭州,733,E:\桌面\v-Net\dataset\26合并\25杭州\733_0.0000.jpg,0.0,0.54,411.0226745605469,640,480,ok,-0.19746682047843933,1.0,259,320.0,61.95756912231445,451.6636657714844,256.8106174468994,389.7060966491699,,2,"[38, 85]","[438, 466]","[[38, 85], [438, 466]]",
931,train,25杭州,734,E:\桌面\v-Net\dataset\26合并\25杭州\734_-1.6000.jpg,-1.6,0.54,411.0226745605469,640,480,ok,0.1848393440246582,1.0,259,320.0,274.1821594238281,484.1150207519531,379.1485900878906,209.932861328125,,3,"[236, 313]","[468, 498]","[[126, 201], [236, 313], [468, 498]]",
932,train,25杭州,735,E:\桌面\v-Net\dataset\26合并\25杭州\735_-1.6000.jpg,-1.6,0.54,411.0226745605469,640,480,ok,0.15570716857910155,1.0,259,320.0,277.6756591796875,461.9769287109375,369.8262939453125,184.30126953125,,3,"[239, 318]","[446, 478]","[[129, 195], [239, 318], [446, 478]]",
933,train,25杭州,737,E:\桌面\v-Net\dataset\26合并\25杭州\737_0.0000.jpg,0.0,0.54,411.0226745605469,640,480,ok,0.016992688179016113,1.0,259,320.0,135.34510803222656,515.5302124023438,325.43766021728516,380.1851043701172,,2,"[111, 159]","[495, 542]","[[111, 159], [495, 542]]",
934,train,25杭州,738,E:\桌面\v-Net\dataset\26合并\25杭州\738_-1.6000.jpg,-1.6,0.54,411.0226745605469,640,480,ok,0.10161643028259278,1.0,259,320.0,276.94683837890625,428.0876770019531,352.5172576904297,151.14083862304688,,3,"[238, 317]","[409, 447]","[[116, 172], [238, 317], [409, 447]]",
935,train,25杭州,739,E:\桌面\v-Net\dataset\26合并\25杭州\739_-1.6000.jpg,-1.6,0.54,411.0226745605469,640,480,ok,0.08018898963928223,1.0,259,320.0,273.55828857421875,417.7626647949219,345.6604766845703,144.20437622070312,,3,"[235, 313]","[399, 438]","[[106, 159], [235, 313], [399, 438]]",
936,train,25杭州,741,E:\桌面\v-Net\dataset\26合并\25杭州\741_-1.6000.jpg,-1.6,0.54,411.0226745605469,640,480,ok,0.003386402130126953,1.0,259,320.0,266.8458557128906,375.3214416503906,321.0836486816406,108.4755859375,,3,"[230, 305]","[360, 389]","[[70, 119], [230, 305], [360, 389]]",
937,train,25杭州,743,E:\桌面\v-Net\dataset\26合并\25杭州\743_-1.6000.jpg,-1.6,0.54,411.0226745605469,640,480,insufficient_yellow_edges,,0.0,259,320.0,,,,,,2,,,"[[23, 71], [227, 327]]",
938,train,25杭州,744,E:\桌面\v-Net\dataset\26合并\25杭州\744_-1.6000.jpg,-1.6,0.54,411.0226745605469,640,480,insufficient_yellow_edges,,0.0,259,320.0,,,,,,2,,,"[[0, 22], [220, 293]]",
939,train,25杭州,746,E:\桌面\v-Net\dataset\26合并\25杭州\746_-1.6000.jpg,-1.6,0.54,411.0226745605469,640,480,ok,0.3906494140625,1.0,259,320.0,269.007568359375,621.008056640625,445.0078125,352.00048828125,,3,"[249, 291]","[600, 639]","[[165, 219], [249, 291], [600, 639]]",
940,train,25杭州,747,E:\桌面\v-Net\dataset\26合并\25杭州\747_-1.6000.jpg,-1.6,0.54,411.0226745605469,640,480,ok,0.3423904895782471,1.0,259,320.0,252.65829467773438,606.4716186523438,429.56495666503906,353.8133239746094,,3,"[231, 275]","[583, 627]","[[139, 191], [231, 275], [583, 627]]",
941,train,25杭州,748,E:\桌面\v-Net\dataset\26合并\25杭州\748_0.0000.jpg,0.0,0.54,411.0226745605469,640,480,ok,0.07252533435821533,1.0,259,320.0,139.5255889892578,546.890625,343.2081069946289,407.3650360107422,,2,"[114, 165]","[533, 560]","[[114, 165], [533, 560]]",
942,train,25杭州,750,E:\桌面\v-Net\dataset\26合并\25杭州\750_-1.6000.jpg,-1.6,0.54,411.0226745605469,640,480,ok,0.298368501663208,1.0,259,320.0,267.1798400878906,563.7760009765625,415.47792053222656,296.5961608886719,,3,"[249, 289]","[541, 586]","[[36, 96], [249, 289], [541, 586]]",
943,train,25杭州,751,E:\桌面\v-Net\dataset\26合并\25杭州\751_-1.6000.jpg,-1.6,0.54,411.0226745605469,640,480,ok,0.20777449607849122,1.0,259,320.0,234.96902465820312,538.0066528320312,386.4878387451172,303.0376281738281,,3,"[211, 258]","[514, 561]","[[0, 20], [211, 258], [514, 561]]",
944,train,25杭州,753,E:\桌面\v-Net\dataset\26合并\25杭州\753_-1.6000.jpg,-1.6,0.54,411.0226745605469,640,480,ok,-0.0033837318420410155,1.0,259,320.0,230.25872802734375,407.57568359375,318.9172058105469,177.31695556640625,,3,"[208, 253]","[389, 424]","[[208, 253], [389, 424], [462, 511]]",
945,train,25杭州,755,E:\桌面\v-Net\dataset\26合并\25杭州\755_-1.6000.jpg,-1.6,0.54,411.0226745605469,640,480,narrow_lane_width,,0.0,259,320.0,292.5,361.1377868652344,,68.63778686523438,,4,,,"[[215, 249], [288, 297], [338, 384], [625, 639]]",
946,train,25杭州,756,E:\桌面\v-Net\dataset\26合并\25杭州\756_-1.6000.jpg,-1.6,0.54,411.0226745605469,640,480,ok,-0.08962652683258057,1.0,259,320.0,236.9480743408203,345.6909484863281,291.3195114135742,108.74287414550781,,3,"[195, 289]","[323, 370]","[[195, 289], [323, 370], [611, 639]]",
947,train,25杭州,758,E:\桌面\v-Net\dataset\26合并\25杭州\758_-1.6000.jpg,-1.6,0.54,411.0226745605469,640,480,ok,0.16967971324920655,1.0,259,320.0,162.4246063232422,586.17041015625,374.2975082397461,423.7458038330078,,2,"[75, 239]","[568, 605]","[[75, 239], [568, 605]]",
948,train,25杭州,759,E:\桌面\v-Net\dataset\26合并\25杭州\759_0.0000.jpg,0.0,0.54,411.0226745605469,640,480,ok,-0.0015527009963989258,1.0,259,320.0,143.06773376464844,495.93853759765625,319.50313568115234,352.8708038330078,,3,"[117, 169]","[482, 509]","[[117, 169], [482, 509], [535, 572]]",
949,train,25杭州,760,E:\桌面\v-Net\dataset\26合并\25杭州\760_-1.6000.jpg,-1.6,0.54,411.0226745605469,640,480,ok,0.14029288291931152,1.0,259,320.0,169.90243530273438,559.885009765625,364.8937225341797,389.9825744628906,,3,"[143, 196]","[542, 579]","[[20, 108], [143, 196], [542, 579]]",
950,train,25杭州,763,E:\桌面\v-Net\dataset\26合并\25杭州\763_0.0000.jpg,0.0,0.54,411.0226745605469,640,480,ok,-0.020675015449523926,1.0,259,320.0,123.73994445800781,503.0280456542969,313.38399505615234,379.28810119628906,,2,"[98, 149]","[484, 523]","[[98, 149], [484, 523]]",
951,train,25杭州,764,E:\桌面\v-Net\dataset\26合并\25杭州\764_0.0000.jpg,0.0,0.54,411.0226745605469,640,480,ok,-0.07801843881607055,1.0,259,320.0,105.43343353271484,484.634765625,295.0340995788574,379.20133209228516,,2,"[81, 129]","[466, 504]","[[81, 129], [466, 504]]",
952,train,25杭州,766,E:\桌面\v-Net\dataset\26合并\25杭州\766_0.0000.jpg,0.0,0.54,411.0226745605469,640,480,ok,-0.08008450269699097,1.0,259,320.0,104.70914459228516,484.0367736816406,294.3729591369629,379.32762908935547,,2,"[81, 128]","[467, 501]","[[81, 128], [467, 501]]",
953,train,25杭州,768,E:\桌面\v-Net\dataset\26合并\25杭州\768_0.0000.jpg,0.0,0.54,411.0226745605469,640,480,ok,-0.06334526538848877,1.0,259,320.0,106.43254089355469,493.0264892578125,299.7295150756836,386.5939483642578,,2,"[82, 130]","[477, 509]","[[82, 130], [477, 509]]",
954,train,25杭州,769,E:\桌面\v-Net\dataset\26合并\25杭州\769_0.0000.jpg,0.0,0.54,411.0226745605469,640,480,ok,-0.05355205535888672,1.0,259,320.0,107.78616333007812,497.9405212402344,302.86334228515625,390.15435791015625,,2,"[83, 132]","[480, 517]","[[83, 132], [480, 517]]",
955,train,25杭州,770,E:\桌面\v-Net\dataset\26合并\25杭州\770_0.0000.jpg,0.0,0.54,411.0226745605469,640,480,ok,0.016403865814208985,1.0,259,320.0,147.98709106445312,502.5113830566406,325.2492370605469,354.5242919921875,,3,"[121, 174]","[486, 520]","[[121, 174], [486, 520], [546, 590]]",
956,train,25杭州,771,E:\桌面\v-Net\dataset\26合并\25杭州\771_0.0000.jpg,0.0,0.54,411.0226745605469,640,480,ok,-0.025520849227905273,1.0,259,320.0,111.68392944335938,511.98272705078125,311.8333282470703,400.2987976074219,,2,"[86, 137]","[490, 537]","[[86, 137], [490, 537]]",
957,train,25杭州,772,E:\桌面\v-Net\dataset\26合并\25杭州\772_0.0000.jpg,0.0,0.54,411.0226745605469,640,480,ok,-0.0019448161125183105,1.0,259,320.0,115.86078643798828,522.89453125,319.37765884399414,407.0337448120117,,2,"[90, 142]","[496, 553]","[[90, 142], [496, 553]]",
958,train,25杭州,773,E:\桌面\v-Net\dataset\26合并\25杭州\773_0.0000.jpg,0.0,0.54,411.0226745605469,640,480,ok,0.055841588973999025,1.0,259,320.0,122.45144653320312,553.2871704101562,337.8693084716797,430.8357238769531,,2,"[95, 150]","[514, 603]","[[95, 150], [514, 603]]",
959,train,25杭州,774,E:\桌面\v-Net\dataset\26合并\25杭州\774_0.0000.jpg,0.0,0.54,411.0226745605469,640,480,ok,0.09944007396697999,1.0,259,320.0,126.07121276855469,577.5704345703125,351.8208236694336,451.4992218017578,,2,"[98, 154]","[527, 639]","[[98, 154], [527, 639]]",
960,train,25杭州,776,E:\桌面\v-Net\dataset\26合并\25杭州\776_0.0000.jpg,0.0,0.54,411.0226745605469,640,480,ok,0.17452235221862794,1.0,259,320.0,138.68075561523438,613.0135498046875,375.84715270996094,474.3327941894531,,2,"[109, 168]","[579, 639]","[[109, 168], [579, 639]]",
961,train,25杭州,777,E:\桌面\v-Net\dataset\26合并\25杭州\777_0.0000.jpg,0.0,0.54,411.0226745605469,640,480,inferred_missing_right,0.10210165977478028,0.6,259,320.0,147.16119384765625,558.1838684082031,352.6725311279297,411.0226745605469,411.0226745605469,1,,,"[[117, 177]]",
962,train,25杭州,778,E:\桌面\v-Net\dataset\26合并\25杭州\778_0.0000.jpg,0.0,0.54,411.0226745605469,640,480,inferred_missing_right,0.11927847862243653,0.6,259,320.0,152.65777587890625,563.6804504394531,358.1691131591797,411.0226745605469,411.0226745605469,1,,,"[[121, 185]]",
963,train,25杭州,779,E:\桌面\v-Net\dataset\26合并\25杭州\779_0.0000.jpg,0.0,0.54,411.0226745605469,640,480,inferred_missing_right,0.16030712127685548,0.6,259,320.0,165.7869415283203,576.8096160888672,371.29827880859375,411.0226745605469,411.0226745605469,1,,,"[[132, 200]]",
964,train,25杭州,780,E:\桌面\v-Net\dataset\26合并\25杭州\780_0.0000.jpg,0.0,0.54,411.0226745605469,640,480,inferred_missing_right,0.18253355026245116,0.6,259,320.0,172.89939880371094,583.9220733642578,378.4107360839844,411.0226745605469,411.0226745605469,1,,,"[[138, 207]]",
965,train,25杭州,781,E:\桌面\v-Net\dataset\26合并\25杭州\781_0.0000.jpg,0.0,0.54,411.0226745605469,640,480,ok,0.028336215019226074,1.0,259,320.0,150.8141632080078,507.3210144042969,329.06758880615234,356.50685119628906,,4,"[124, 178]","[489, 526]","[[124, 178], [489, 526], [552, 597], [629, 637]]",
966,train,25杭州,782,E:\桌面\v-Net\dataset\26合并\25杭州\782_0.0000.jpg,0.0,0.54,411.0226745605469,640,480,inferred_missing_right,0.2210542678833008,0.6,259,320.0,185.2260284423828,596.2487030029297,390.73736572265625,411.0226745605469,411.0226745605469,1,,,"[[151, 220]]",
967,train,25杭州,784,E:\桌面\v-Net\dataset\26合并\25杭州\784_0.0000.jpg,0.0,0.54,411.0226745605469,640,480,inferred_missing_right,0.29711432456970216,0.6,259,320.0,209.56524658203125,620.5879211425781,415.0765838623047,411.0226745605469,411.0226745605469,1,,,"[[172, 248]]",
968,train,25杭州,785,E:\桌面\v-Net\dataset\26合并\25杭州\785_-1.5000.jpg,-1.5,0.54,411.0226745605469,640,480,inferred_missing_right,0.3538230895996094,0.6,259,320.0,227.71205139160156,638.7347259521484,433.223388671875,411.0226745605469,411.0226745605469,1,,,"[[189, 267]]",
969,train,25杭州,786,E:\桌面\v-Net\dataset\26合并\25杭州\786_-1.5000.jpg,-1.5,0.54,411.0226745605469,640,480,inferred_missing_right,0.3563854694366455,0.6,259,320.0,229.08670043945312,639.0,434.04335021972656,409.9132995605469,411.0226745605469,1,,,"[[190, 269]]",
970,train,25杭州,787,E:\桌面\v-Net\dataset\26合并\25杭州\787_-1.5000.jpg,-1.5,0.54,411.0226745605469,640,480,inferred_missing_right,0.35796825885772704,0.6,259,320.0,230.0996856689453,639.0,434.54984283447266,408.9003143310547,411.0226745605469,1,,,"[[192, 268]]",
971,train,25杭州,788,E:\桌面\v-Net\dataset\26合并\25杭州\788_-1.5000.jpg,-1.5,0.54,411.0226745605469,640,480,inferred_missing_right,0.35996782779693604,0.6,259,320.0,231.37940979003906,639.0,435.18970489501953,407.62059020996094,411.0226745605469,1,,,"[[189, 274]]",
972,train,25杭州,789,E:\桌面\v-Net\dataset\26合并\25杭州\789_-1.5000.jpg,-1.5,0.54,411.0226745605469,640,480,inferred_missing_right,0.36248323917388914,0.6,259,320.0,232.98927307128906,639.0,435.99463653564453,406.01072692871094,411.0226745605469,1,,,"[[192, 274]]",
973,train,25杭州,790,E:\桌面\v-Net\dataset\26合并\25杭州\790_-1.5000.jpg,-1.5,0.54,411.0226745605469,640,480,inferred_missing_right,0.3630157709121704,0.6,259,320.0,233.33009338378906,639.0,436.16504669189453,405.66990661621094,411.0226745605469,1,,,"[[193, 274]]",
974,train,25杭州,791,E:\桌面\v-Net\dataset\26合并\25杭州\791_-1.5000.jpg,-1.5,0.54,411.0226745605469,640,480,inferred_missing_right,0.366553521156311,0.6,259,320.0,235.59425354003906,639.0,437.29712677001953,403.40574645996094,411.0226745605469,1,,,"[[195, 276]]",
975,train,25杭州,792,E:\桌面\v-Net\dataset\26合并\25杭州\792_0.0000.jpg,0.0,0.54,411.0226745605469,640,480,ok,0.04873459339141846,1.0,259,320.0,159.60679626464844,511.5833435058594,335.5950698852539,351.97654724121094,,4,"[132, 187]","[498, 526]","[[132, 187], [498, 526], [576, 610], [632, 639]]",
976,train,25杭州,793,E:\桌面\v-Net\dataset\26合并\25杭州\793_-1.5000.jpg,-1.5,0.54,411.0226745605469,640,480,inferred_missing_right,0.36752731800079347,0.6,259,320.0,236.2174835205078,639.0,437.6087417602539,402.7825164794922,411.0226745605469,1,,,"[[196, 277]]",
977,train,25杭州,794,E:\桌面\v-Net\dataset\26合并\25杭州\794_-1.5000.jpg,-1.5,0.54,411.0226745605469,640,480,inferred_missing_right,0.365654730796814,0.6,259,320.0,235.01902770996094,639.0,437.00951385498047,403.98097229003906,411.0226745605469,1,,,"[[195, 276]]",
978,train,25杭州,795,E:\桌面\v-Net\dataset\26合并\25杭州\795_-1.5000.jpg,-1.5,0.54,411.0226745605469,640,480,inferred_missing_right,0.36543731689453124,0.6,259,320.0,234.8798828125,639.0,436.93994140625,404.1201171875,411.0226745605469,1,,,"[[194, 276]]",
979,train,25杭州,796,E:\桌面\v-Net\dataset\26合并\25杭州\796_-1.5000.jpg,-1.5,0.54,411.0226745605469,640,480,inferred_missing_right,0.367475700378418,0.6,259,320.0,236.1844482421875,639.0,437.59222412109375,402.8155517578125,411.0226745605469,1,,,"[[196, 277]]",
980,train,25杭州,797,E:\桌面\v-Net\dataset\26合并\25杭州\797_-1.5000.jpg,-1.5,0.54,411.0226745605469,640,480,inferred_missing_right,0.3690125226974487,0.6,259,320.0,237.1680145263672,639.0,438.0840072631836,401.8319854736328,411.0226745605469,1,,,"[[197, 278]]",
981,train,25杭州,798,E:\桌面\v-Net\dataset\26合并\25杭州\798_-1.5000.jpg,-1.5,0.54,411.0226745605469,640,480,inferred_missing_right,0.3693030595779419,0.6,259,320.0,237.3539581298828,639.0,438.1769790649414,401.6460418701172,411.0226745605469,1,,,"[[197, 280]]",
982,train,25杭州,799,E:\桌面\v-Net\dataset\26合并\25杭州\799_-1.5000.jpg,-1.5,0.54,411.0226745605469,640,480,inferred_missing_right,0.36587536334991455,0.6,259,320.0,235.1602325439453,639.0,437.08011627197266,403.8397674560547,411.0226745605469,1,,,"[[192, 279]]",
983,train,25杭州,800,E:\桌面\v-Net\dataset\26合并\25杭州\800_-1.5000.jpg,-1.5,0.54,411.0226745605469,640,480,inferred_missing_right,0.36338937282562256,0.6,259,320.0,233.56919860839844,639.0,436.2845993041992,405.43080139160156,411.0226745605469,1,,,"[[190, 278]]",
984,train,25杭州,801,E:\桌面\v-Net\dataset\26合并\25杭州\801_-1.5000.jpg,-1.5,0.54,411.0226745605469,640,480,inferred_missing_right,0.3643577814102173,0.6,259,320.0,234.18898010253906,639.0,436.59449005126953,404.81101989746094,411.0226745605469,1,,,"[[190, 279]]",
985,train,25杭州,802,E:\桌面\v-Net\dataset\26合并\25杭州\802_-1.5000.jpg,-1.5,0.54,411.0226745605469,640,480,inferred_missing_right,0.37098968029022217,0.6,259,320.0,238.4333953857422,639.0,438.7166976928711,400.5666046142578,411.0226745605469,1,,,"[[194, 283]]",
986,train,25杭州,803,E:\桌面\v-Net\dataset\26合并\25杭州\803_0.0000.jpg,0.0,0.54,411.0226745605469,640,480,ok,0.040490365028381346,1.0,259,320.0,162.32957458496094,503.5842590332031,332.95691680908203,341.2546844482422,,3,"[134, 190]","[500, 507]","[[134, 190], [500, 507], [586, 611]]",
987,train,25杭州,804,E:\桌面\v-Net\dataset\26合并\25杭州\804_-1.5000.jpg,-1.5,0.54,411.0226745605469,640,480,inferred_missing_right,0.3728817939758301,0.6,259,320.0,239.64434814453125,639.0,439.3221740722656,399.35565185546875,411.0226745605469,1,,,"[[196, 284]]",
988,train,25杭州,805,E:\桌面\v-Net\dataset\26合并\25杭州\805_-1.5000.jpg,-1.5,0.54,411.0226745605469,640,480,inferred_missing_right,0.3751737356185913,0.6,259,320.0,241.11119079589844,639.0,440.0555953979492,397.88880920410156,411.0226745605469,1,,,"[[197, 286]]",
989,train,25杭州,806,E:\桌面\v-Net\dataset\26合并\25杭州\806_-1.5000.jpg,-1.5,0.54,411.0226745605469,640,480,inferred_missing_right,0.38167238235473633,0.6,259,320.0,245.27032470703125,639.0,442.1351623535156,393.72967529296875,411.0226745605469,1,,,"[[202, 289]]",
990,train,25杭州,807,E:\桌面\v-Net\dataset\26合并\25杭州\807_-1.5000.jpg,-1.5,0.54,411.0226745605469,640,480,inferred_missing_right,0.38425004482269287,0.6,259,320.0,246.92002868652344,639.0,442.9600143432617,392.07997131347656,411.0226745605469,1,,,"[[204, 290]]",
991,train,25杭州,809,E:\桌面\v-Net\dataset\26合并\25杭州\809_-1.5000.jpg,-1.5,0.54,411.0226745605469,640,480,insufficient_yellow_edges,,0.0,259,320.0,,,,,,3,,,"[[60, 74], [87, 118], [211, 297]]",
992,train,25杭州,810,E:\桌面\v-Net\dataset\26合并\25杭州\810_-1.5000.jpg,-1.5,0.54,411.0226745605469,640,480,insufficient_yellow_edges,,0.0,259,320.0,,,,,,3,,,"[[91, 107], [115, 126], [215, 301]]",
993,train,25杭州,812,E:\桌面\v-Net\dataset\26合并\25杭州\812_-1.5000.jpg,-1.5,0.54,411.0226745605469,640,480,insufficient_yellow_edges,,0.0,259,320.0,,,,,,4,,,"[[24, 68], [85, 100], [114, 139], [222, 310]]",
994,train,25杭州,813,E:\桌面\v-Net\dataset\26合并\25杭州\813_-1.5000.jpg,-1.5,0.54,411.0226745605469,640,480,insufficient_yellow_edges,,0.0,259,320.0,,,,,,3,,,"[[8, 43], [64, 128], [225, 316]]",
995,train,25杭州,814,E:\桌面\v-Net\dataset\26合并\25杭州\814_0.0000.jpg,0.0,0.54,411.0226745605469,640,480,ok,0.05142037868499756,1.0,259,320.0,173.79579162597656,499.1132507324219,336.4545211791992,325.3174591064453,,3,"[144, 205]","[482, 516]","[[0, 51], [144, 205], [482, 516]]",
996,train,25杭州,815,E:\桌面\v-Net\dataset\26合并\25杭州\815_-1.5000.jpg,-1.5,0.54,411.0226745605469,640,480,insufficient_yellow_edges,,0.0,259,320.0,,,,,,2,,,"[[11, 108], [225, 319]]",
997,train,25杭州,816,E:\桌面\v-Net\dataset\26合并\25杭州\816_-1.5000.jpg,-1.5,0.54,411.0226745605469,640,480,insufficient_yellow_edges,,0.0,259,320.0,,,,,,2,,,"[[0, 88], [231, 323]]",
998,train,25杭州,819,E:\桌面\v-Net\dataset\26合并\25杭州\819_-1.5000.jpg,-1.5,0.54,411.0226745605469,640,480,insufficient_yellow_edges,,0.0,259,320.0,,,,,,2,,,"[[0, 32], [243, 335]]",
999,train,25杭州,820,E:\桌面\v-Net\dataset\26合并\25杭州\820_-1.5000.jpg,-1.5,0.54,411.0226745605469,640,480,insufficient_yellow_edges,,0.0,259,320.0,,,,,,2,,,"[[0, 16], [242, 338]]",
1000,train,25杭州,821,E:\桌面\v-Net\dataset\26合并\25杭州\821_-1.5000.jpg,-1.5,0.54,411.0226745605469,640,480,inferred_missing_right,0.46136136054992677,0.6,259,320.0,296.2712707519531,639.0,467.63563537597656,342.7287292480469,411.0226745605469,1,,,"[[250, 344]]",
1001,train,25杭州,824,E:\桌面\v-Net\dataset\26合并\25杭州\824_-1.5000.jpg,-1.5,0.54,411.0226745605469,640,480,inferred_missing_right,0.4765176296234131,0.6,259,320.0,305.9712829589844,639.0,472.4856414794922,333.0287170410156,411.0226745605469,1,,,"[[259, 354]]",
1002,train,25杭州,826,E:\桌面\v-Net\dataset\26合并\25杭州\826_0.0000.jpg,0.0,0.54,411.0226745605469,640,480,ok,-0.009036374092102051,1.0,259,320.0,129.9781036376953,504.2386169433594,317.10836029052734,374.26051330566406,,2,"[106, 153]","[483, 526]","[[106, 153], [483, 526]]",
1003,train,25杭州,827,E:\桌面\v-Net\dataset\26合并\25杭州\827_-1.5000.jpg,-1.5,0.54,411.0226745605469,640,480,inferred_missing_right,0.3877577781677246,0.6,259,320.0,249.16497802734375,639.0,444.0824890136719,389.83502197265625,411.0226745605469,1,,,"[[206, 293]]",
1004,train,25杭州,828,E:\桌面\v-Net\dataset\26合并\25杭州\828_-1.5000.jpg,-1.5,0.54,411.0226745605469,640,480,inferred_missing_right,0.39626915454864503,0.6,259,320.0,254.6122589111328,639.0,446.8061294555664,384.3877410888672,411.0226745605469,1,,,"[[212, 298]]",
1005,train,25杭州,830,E:\桌面\v-Net\dataset\26合并\25杭州\830_-1.5000.jpg,-1.5,0.54,411.0226745605469,640,480,inferred_missing_right,0.3972168445587158,0.6,259,320.0,255.21878051757812,639.0,447.10939025878906,383.7812194824219,411.0226745605469,1,,,"[[213, 298]]",
1006,train,25杭州,838,E:\桌面\v-Net\dataset\26合并\25杭州\838_-1.5600.jpg,-1.56,0.54,411.0226745605469,640,480,inferred_missing_right,0.42895946502685545,0.6,259,320.0,275.5340576171875,639.0,457.26702880859375,363.4659423828125,411.0226745605469,1,,,"[[231, 320]]",
1007,train,25杭州,839,E:\桌面\v-Net\dataset\26合并\25杭州\839_-1.5600.jpg,-1.56,0.54,411.0226745605469,640,480,inferred_missing_right,0.43718771934509276,0.6,259,320.0,280.8001403808594,639.0,459.9000701904297,358.1998596191406,411.0226745605469,1,,,"[[236, 327]]",
1008,train,25杭州,840,E:\桌面\v-Net\dataset\26合并\25杭州\840_-1.5600.jpg,-1.56,0.54,411.0226745605469,640,480,inferred_missing_right,0.4410521984100342,0.6,259,320.0,283.2734069824219,639.0,461.13670349121094,355.7265930175781,411.0226745605469,1,,,"[[239, 328]]",
1009,train,25杭州,842,E:\桌面\v-Net\dataset\26合并\25杭州\842_-1.5600.jpg,-1.56,0.54,411.0226745605469,640,480,inferred_missing_right,0.4598251819610596,0.6,259,320.0,295.2881164550781,639.0,467.14405822753906,343.7118835449219,411.0226745605469,1,,,"[[249, 343]]",
1010,train,25杭州,843,E:\桌面\v-Net\dataset\26合并\25杭州\843_-1.5600.jpg,-1.56,0.54,411.0226745605469,640,480,inferred_missing_right,0.4629856586456299,0.6,259,320.0,297.3108215332031,639.0,468.15541076660156,341.6891784667969,411.0226745605469,1,,,"[[249, 346]]",
1011,train,25杭州,844,E:\桌面\v-Net\dataset\26合并\25杭州\844_-1.5600.jpg,-1.56,0.54,411.0226745605469,640,480,inferred_missing_right,0.4652709484100342,0.6,259,320.0,298.7734069824219,639.0,468.88670349121094,340.2265930175781,411.0226745605469,1,,,"[[251, 347]]",
1012,train,25杭州,846,E:\桌面\v-Net\dataset\26合并\25杭州\846_-1.5600.jpg,-1.56,0.54,411.0226745605469,640,480,inferred_missing_right,0.46656646728515627,0.6,259,320.0,299.6025390625,639.0,469.30126953125,339.3974609375,411.0226745605469,1,,,"[[255, 345]]",
1013,train,25杭州,847,E:\桌面\v-Net\dataset\26合并\25杭州\847_-1.5600.jpg,-1.56,0.54,411.0226745605469,640,480,inferred_missing_right,0.4712056636810303,0.6,259,320.0,302.5716247558594,639.0,470.7858123779297,336.4283752441406,411.0226745605469,1,,,"[[258, 350]]",
1014,train,25杭州,848,E:\桌面\v-Net\dataset\26合并\25杭州\848_0.0000.jpg,0.0,0.54,411.0226745605469,640,480,ok,0.09438002109527588,1.0,259,320.0,193.17872619628906,507.2244873046875,350.2016067504883,314.04576110839844,,3,"[161, 226]","[492, 523]","[[0, 109], [161, 226], [492, 523]]",
1015,train,25杭州,849,E:\桌面\v-Net\dataset\26合并\25杭州\849_-1.5600.jpg,-1.56,0.54,411.0226745605469,640,480,inferred_missing_right,0.46924633979797364,0.6,259,320.0,301.3176574707031,639.0,470.15882873535156,337.6823425292969,411.0226745605469,1,,,"[[256, 349]]",
1016,train,25杭州,850,E:\桌面\v-Net\dataset\26合并\25杭州\850_-1.5600.jpg,-1.56,0.54,411.0226745605469,640,480,inferred_missing_right,0.47007455825805666,0.6,259,320.0,301.84771728515625,639.0,470.4238586425781,337.15228271484375,411.0226745605469,1,,,"[[258, 348]]",
1017,train,25杭州,852,E:\桌面\v-Net\dataset\26合并\25杭州\852_-1.5600.jpg,-1.56,0.54,411.0226745605469,640,480,inferred_missing_right,0.4653336524963379,0.6,259,320.0,298.81353759765625,639.0,468.9067687988281,340.18646240234375,411.0226745605469,1,,,"[[255, 344]]",
1018,train,25杭州,853,E:\桌面\v-Net\dataset\26合并\25杭州\853_-1.5600.jpg,-1.56,0.54,411.0226745605469,640,480,inferred_missing_right,0.46524605751037595,0.6,259,320.0,298.7574768066406,639.0,468.8787384033203,340.2425231933594,411.0226745605469,1,,,"[[255, 344]]",
1019,train,25杭州,854,E:\桌面\v-Net\dataset\26合并\25杭州\854_-1.5600.jpg,-1.56,0.54,411.0226745605469,640,480,inferred_missing_right,0.4612797737121582,0.6,259,320.0,296.21905517578125,639.0,467.6095275878906,342.78094482421875,411.0226745605469,1,,,"[[254, 339]]",
1020,train,25杭州,855,E:\桌面\v-Net\dataset\26合并\25杭州\855_-1.5600.jpg,-1.56,0.54,411.0226745605469,640,480,inferred_missing_right,0.45835247039794924,0.6,259,320.0,294.3455810546875,639.0,466.67279052734375,344.6544189453125,411.0226745605469,1,,,"[[253, 334]]",
1021,train,25杭州,856,E:\桌面\v-Net\dataset\26合并\25杭州\856_-1.5600.jpg,-1.56,0.54,411.0226745605469,640,480,inferred_missing_right,0.45223426818847656,0.6,259,320.0,290.429931640625,639.0,464.7149658203125,348.570068359375,411.0226745605469,1,,,"[[251, 335]]",
1022,train,25杭州,857,E:\桌面\v-Net\dataset\26合并\25杭州\857_-1.5600.jpg,-1.56,0.54,411.0226745605469,640,480,inferred_missing_right,0.4561012744903564,0.6,259,320.0,292.9048156738281,639.0,465.95240783691406,346.0951843261719,411.0226745605469,1,,,"[[250, 340]]",
1023,train,25杭州,859,E:\桌面\v-Net\dataset\26合并\25杭州\859_0.0000.jpg,0.0,0.54,411.0226745605469,640,480,ok,0.09639759063720703,1.0,259,320.0,209.26187133789062,492.4325866699219,350.84722900390625,283.17071533203125,,3,"[176, 243]","[482, 502]","[[21, 132], [176, 243], [482, 502]]",
1024,train,25杭州,860,E:\桌面\v-Net\dataset\26合并\25杭州\860_-1.5600.jpg,-1.56,0.54,411.0226745605469,640,480,insufficient_yellow_edges,,0.0,259,320.0,,,,,,2,,,"[[0, 117], [248, 332]]",
1025,train,25杭州,861,E:\桌面\v-Net\dataset\26合并\25杭州\861_-1.5600.jpg,-1.56,0.54,411.0226745605469,640,480,insufficient_yellow_edges,,0.0,259,320.0,,,,,,2,,,"[[0, 203], [246, 330]]",
1026,train,25杭州,863,E:\桌面\v-Net\dataset\26合并\25杭州\863_-1.5600.jpg,-1.56,0.54,411.0226745605469,640,480,inferred_missing_right,0.3500871181488037,0.6,259,320.0,226.51654052734375,637.5392150878906,432.0278778076172,411.0226745605469,411.0226745605469,1,,,"[[106, 328]]",
1027,train,25杭州,864,E:\桌面\v-Net\dataset\26合并\25杭州\864_-1.5600.jpg,-1.56,0.54,411.0226745605469,640,480,inferred_missing_right,0.376003360748291,0.6,259,320.0,241.64215087890625,639.0,440.3210754394531,397.35784912109375,411.0226745605469,1,,,"[[137, 330]]",
1028,train,25杭州,865,E:\桌面\v-Net\dataset\26合并\25杭州\865_-1.5600.jpg,-1.56,0.54,411.0226745605469,640,480,inferred_missing_right,0.39873194694519043,0.6,259,320.0,256.1884460449219,639.0,447.59422302246094,382.8115539550781,411.0226745605469,1,,,"[[176, 329]]",
1029,train,25杭州,866,E:\桌面\v-Net\dataset\26合并\25杭州\866_-1.5600.jpg,-1.56,0.54,411.0226745605469,640,480,inferred_missing_right,0.40514073371887205,0.6,259,320.0,260.2900695800781,639.0,449.64503479003906,378.7099304199219,411.0226745605469,1,,,"[[188, 326]]",
1030,train,25杭州,867,E:\桌面\v-Net\dataset\26合并\25杭州\867_-1.5600.jpg,-1.56,0.54,411.0226745605469,640,480,ok,0.35094442367553713,1.0,259,320.0,271.07110595703125,593.5333251953125,432.3022155761719,322.46221923828125,,2,"[214, 324]","[589, 598]","[[214, 324], [589, 598]]",
1031,train,25杭州,868,E:\桌面\v-Net\dataset\26合并\25杭州\868_-1.5600.jpg,-1.56,0.54,411.0226745605469,640,480,ok,0.3321203708648682,1.0,259,320.0,272.9751892089844,579.5818481445312,426.2785186767578,306.6066589355469,,2,"[220, 323]","[573, 586]","[[220, 323], [573, 586]]",
1032,train,25杭州,870,E:\桌面\v-Net\dataset\26合并\25杭州\870_0.0000.jpg,0.0,0.54,411.0226745605469,640,480,ok,0.1106520414352417,1.0,259,320.0,217.53700256347656,493.2803039550781,355.40865325927734,275.74330139160156,,3,"[183, 252]","[479, 507]","[[38, 147], [183, 252], [479, 507]]",
1033,train,25杭州,874,E:\桌面\v-Net\dataset\26合并\25杭州\874_-1.5600.jpg,-1.56,0.54,411.0226745605469,640,480,ok,-0.04506077766418457,1.0,259,320.0,257.0435485839844,354.1175537109375,305.58055114746094,97.07400512695312,,3,"[236, 276]","[309, 396]","[[236, 276], [309, 396], [441, 490]]",
1034,train,25杭州,875,E:\桌面\v-Net\dataset\26合并\25杭州\875_-1.5600.jpg,-1.56,0.54,411.0226745605469,640,480,ok,-0.09533390998840333,1.0,259,320.0,246.34237670898438,332.6439208984375,289.49314880371094,86.30154418945312,,3,"[232, 261]","[277, 381]","[[232, 261], [277, 381], [428, 478]]",
1035,train,25杭州,876,E:\桌面\v-Net\dataset\26合并\25杭州\876_-1.5600.jpg,-1.56,0.54,411.0226745605469,640,480,ok,0.12815794944763184,1.0,259,320.0,295.584228515625,426.4368591308594,361.0105438232422,130.85263061523438,,2,"[241, 355]","[406, 451]","[[241, 355], [406, 451]]",
1036,train,25杭州,879,E:\桌面\v-Net\dataset\26合并\25杭州\879_-1.5600.jpg,-1.56,0.54,411.0226745605469,640,480,ok,0.2899308443069458,1.0,259,320.0,222.5266876220703,603.029052734375,412.77787017822266,380.5023651123047,,2,"[203, 242]","[585, 621]","[[203, 242], [585, 621]]",
1037,train,25杭州,884,E:\桌面\v-Net\dataset\26合并\25杭州\884_-1.5600.jpg,-1.56,0.54,411.0226745605469,640,480,ok,0.07362244129180909,1.0,259,320.0,155.11036682128906,532.0079956054688,343.5591812133789,376.8976287841797,,2,"[133, 176]","[514, 551]","[[133, 176], [514, 551]]",
1038,train,25杭州,885,E:\桌面\v-Net\dataset\26合并\25杭州\885_-1.5600.jpg,-1.56,0.54,411.0226745605469,640,480,ok,-0.019078516960144044,1.0,259,320.0,120.04826354980469,507.7414855957031,313.8948745727539,387.69322204589844,,2,"[102, 137]","[491, 526]","[[102, 137], [491, 526]]",
1039,train,25杭州,886,E:\桌面\v-Net\dataset\26合并\25杭州\886_0.0000.jpg,0.0,0.54,411.0226745605469,640,480,ok,-0.033756911754608154,1.0,259,320.0,123.41532135009766,494.9802551269531,309.1977882385254,371.56493377685547,,2,"[111, 138]","[479, 511]","[[111, 138], [479, 511]]",
1040,train,25杭州,887,E:\桌面\v-Net\dataset\26合并\25杭州\887_0.0000.jpg,0.0,0.54,411.0226745605469,640,480,ok,-0.12080143690109253,1.0,259,320.0,98.6662368774414,464.0208435058594,281.3435401916504,365.35460662841797,,2,"[78, 118]","[451, 476]","[[78, 118], [451, 476]]",
1041,train,25杭州,888,E:\桌面\v-Net\dataset\26合并\25杭州\888_0.0000.jpg,0.0,0.54,411.0226745605469,640,480,ok,-0.13755282163619995,1.0,259,320.0,89.31317901611328,462.65301513671875,275.983097076416,373.33983612060547,,2,"[69, 109]","[449, 476]","[[69, 109], [449, 476]]",
1042,train,25杭州,891,E:\桌面\v-Net\dataset\26合并\25杭州\891_0.0000.jpg,0.0,0.54,411.0226745605469,640,480,ok,-0.17730845212936402,1.0,259,320.0,55.53467559814453,470.9879150390625,263.2612953186035,415.45323944091797,,2,"[0, 106]","[457, 486]","[[0, 106], [457, 486]]",
1043,train,25杭州,892,E:\桌面\v-Net\dataset\26合并\25杭州\892_0.0000.jpg,0.0,0.54,411.0226745605469,640,480,ok,0.1647871971130371,1.0,259,320.0,244.36392211914062,501.0998840332031,372.7319030761719,256.7359619140625,,3,"[208, 280]","[482, 520]","[[87, 179], [208, 280], [482, 520]]",
1044,train,25杭州,893,E:\桌面\v-Net\dataset\26合并\25杭州\893_0.0000.jpg,0.0,0.54,411.0226745605469,640,480,ok,-0.1943221628665924,1.0,259,320.0,59.09066390991211,456.54315185546875,257.81690788269043,397.45248794555664,,2,"[0, 106]","[443, 469]","[[0, 106], [443, 469]]",
1045,train,25杭州,897,E:\桌面\v-Net\dataset\26合并\25杭州\897_0.0000.jpg,0.0,0.54,411.0226745605469,640,480,ok,-0.10665931701660156,1.0,259,320.0,239.552734375,332.185302734375,285.8690185546875,92.632568359375,,5,"[215, 262]","[310, 355]","[[53, 98], [146, 166], [215, 262], [310, 355], [399, 639]]",
1046,train,25杭州,901,E:\桌面\v-Net\dataset\26合并\25杭州\901_0.0000.jpg,0.0,0.54,411.0226745605469,640,480,ok,-0.19171401262283325,1.0,259,320.0,67.26692962646484,450.0361022949219,258.65151596069336,382.76917266845703,,2,"[45, 90]","[430, 471]","[[45, 90], [430, 471]]",
1047,train,25杭州,903,E:\桌面\v-Net\dataset\26合并\25杭州\903_-1.6000.jpg,-1.6,0.54,411.0226745605469,640,480,ok,0.20391407012939453,1.0,259,320.0,265.1592712402344,505.3457336425781,385.25250244140625,240.18646240234375,,3,"[228, 304]","[489, 522]","[[110, 196], [228, 304], [489, 522]]",
1048,train,25杭州,904,E:\桌面\v-Net\dataset\26合并\25杭州\904_0.0000.jpg,0.0,0.54,411.0226745605469,640,480,ok,-0.19596632122993468,1.0,259,320.0,62.6660270690918,451.91552734375,257.2907772064209,389.2495002746582,,2,"[39, 86]","[437, 468]","[[39, 86], [437, 468]]",
1049,train,25杭州,907,E:\桌面\v-Net\dataset\26合并\25杭州\907_0.0000.jpg,0.0,0.54,411.0226745605469,640,480,ok,-0.23224160671234131,1.0,259,320.0,54.54096984863281,436.82440185546875,245.68268585205078,382.28343200683594,,2,"[30, 80]","[421, 453]","[[30, 80], [421, 453]]",
1050,train,25杭州,913,E:\桌面\v-Net\dataset\26合并\25杭州\913_-1.6000.jpg,-1.6,0.54,411.0226745605469,640,480,ok,0.1689380168914795,1.0,259,320.0,293.4577941894531,454.66253662109375,374.06016540527344,161.20474243164062,,3,"[253, 335]","[434, 476]","[[135, 193], [253, 335], [434, 476]]",
1051,train,25杭州,914,E:\桌面\v-Net\dataset\26合并\25杭州\914_-1.6000.jpg,-1.6,0.54,411.0226745605469,640,480,ok,0.15275444984436035,1.0,259,320.0,294.09039306640625,443.6724548339844,368.8814239501953,149.58206176757812,,3,"[254, 335]","[423, 465]","[[128, 185], [254, 335], [423, 465]]",
1052,train,25杭州,917,E:\桌面\v-Net\dataset\26合并\25杭州\917_-1.6000.jpg,-1.6,0.54,411.0226745605469,640,480,narrow_lane_width,,0.0,259,320.0,287.8202819824219,351.3854064941406,,63.56512451171875,,3,,,"[[71, 121], [248, 328], [336, 367]]",
1053,train,25杭州,918,E:\桌面\v-Net\dataset\26合并\25杭州\918_-1.6000.jpg,-1.6,0.54,411.0226745605469,640,480,insufficient_yellow_edges,,0.0,259,320.0,,,,,,2,,,"[[59, 104], [247, 355]]",
1054,train,25杭州,919,E:\桌面\v-Net\dataset\26合并\25杭州\919_-1.6000.jpg,-1.6,0.54,411.0226745605469,640,480,insufficient_yellow_edges,,0.0,259,320.0,,,,,,2,,,"[[22, 66], [246, 327]]",
1055,train,25杭州,921,E:\桌面\v-Net\dataset\26合并\25杭州\921_-1.6000.jpg,-1.6,0.54,411.0226745605469,640,480,insufficient_yellow_edges,,0.0,259,320.0,,,,,,2,,,"[[212, 263], [288, 324]]",
1056,train,25杭州,924,E:\桌面\v-Net\dataset\26合并\25杭州\924_-1.6000.jpg,-1.6,0.54,411.0226745605469,640,480,ok,0.3755753993988037,1.0,259,320.0,261.1144104003906,619.2538452148438,440.1841278076172,358.1394348144531,,3,"[238, 281]","[597, 639]","[[132, 185], [238, 281], [597, 639]]",
1057,train,25杭州,925,E:\桌面\v-Net\dataset\26合并\25杭州\925_-1.6000.jpg,-1.6,0.54,411.0226745605469,640,480,ok,0.4219400405883789,1.0,259,320.0,302.80767822265625,607.2339477539062,455.02081298828125,304.42626953125,,4,"[290, 316]","[582, 631]","[[99, 156], [236, 264], [290, 316], [582, 631]]",
1058,train,25杭州,926,E:\桌面\v-Net\dataset\26合并\25杭州\926_-1.6000.jpg,-1.6,0.54,411.0226745605469,640,480,ok,0.3419332027435303,1.0,259,320.0,277.1526794433594,581.6845703125,429.4186248779297,304.5318908691406,,3,"[256, 299]","[557, 606]","[[30, 90], [256, 299], [557, 606]]",
1059,train,25杭州,928,E:\桌面\v-Net\dataset\26合并\25杭州\928_-1.6000.jpg,-1.6,0.54,411.0226745605469,640,480,ok,0.1366804599761963,1.0,259,320.0,275.39886474609375,452.0766296386719,363.7377471923828,176.67776489257812,,3,"[255, 297]","[439, 464]","[[255, 297], [439, 464], [505, 553]]",
1060,train,25杭州,929,E:\桌面\v-Net\dataset\26合并\25杭州\929_-1.6000.jpg,-1.6,0.54,411.0226745605469,640,480,ok,0.08284649848937989,1.0,259,320.0,258.8597412109375,434.1620178222656,346.51087951660156,175.30227661132812,,3,"[237, 281]","[412, 453]","[[237, 281], [412, 453], [493, 531]]",
1061,train,25杭州,930,E:\桌面\v-Net\dataset\26合并\25杭州\930_-1.6000.jpg,-1.6,0.54,411.0226745605469,640,480,ok,0.06641578674316406,1.0,259,320.0,278.0,404.506103515625,341.2530517578125,126.506103515625,,4,"[273, 283]","[382, 427]","[[217, 248], [273, 283], [382, 427], [473, 485]]",
1062,train,25杭州,933,E:\桌面\v-Net\dataset\26合并\25杭州\933_-1.6000.jpg,-1.6,0.54,411.0226745605469,640,480,ok,-0.09857194423675537,1.0,259,320.0,235.8389434814453,341.07501220703125,288.4569778442383,105.23606872558594,,3,"[185, 288]","[331, 352]","[[185, 288], [331, 352], [617, 639]]",
1063,train,25杭州,934,E:\桌面\v-Net\dataset\26合并\25杭州\934_0.0000.jpg,0.0,0.54,411.0226745605469,640,480,ok,-0.008253645896911622,1.0,259,320.0,140.5344696044922,494.1831970214844,317.3588333129883,353.6487274169922,,3,"[115, 166]","[482, 506]","[[115, 166], [482, 506], [532, 566]]",
1064,train,25杭州,935,E:\桌面\v-Net\dataset\26合并\25杭州\935_-1.6000.jpg,-1.6,0.54,411.0226745605469,640,480,ok,0.2141878843307495,1.0,259,320.0,169.8715057373047,607.208740234375,388.54012298583984,437.3372344970703,,2,"[85, 249]","[589, 626]","[[85, 249], [589, 626]]",
1065,train,25杭州,936,E:\桌面\v-Net\dataset\26合并\25杭州\936_-1.6000.jpg,-1.6,0.54,411.0226745605469,640,480,ok,0.23830146789550782,1.0,259,320.0,200.5770263671875,591.9359130859375,396.2564697265625,391.35888671875,,4,"[173, 226]","[574, 611]","[[0, 23], [59, 166], [173, 226], [574, 611]]",
1066,train,25杭州,937,E:\桌面\v-Net\dataset\26合并\25杭州\937_-1.6000.jpg,-1.6,0.54,411.0226745605469,640,480,ok,0.1636352300643921,1.0,259,320.0,180.0737762451172,564.6527709960938,372.36327362060547,384.57899475097656,,2,"[155, 204]","[546, 584]","[[155, 204], [546, 584]]",
1067,train,25杭州,939,E:\桌面\v-Net\dataset\26合并\25杭州\939_0.0000.jpg,0.0,0.54,411.0226745605469,640,480,ok,0.07022123336791992,1.0,259,320.0,152.62835693359375,532.313232421875,342.4707946777344,379.68487548828125,,2,"[129, 176]","[513, 552]","[[129, 176], [513, 552]]",
1068,train,25杭州,943,E:\桌面\v-Net\dataset\26合并\25杭州\943_0.0000.jpg,0.0,0.54,411.0226745605469,640,480,ok,0.09066634178161621,1.0,259,320.0,155.51376342773438,542.5126953125,349.0132293701172,386.9989318847656,,2,"[132, 178]","[526, 559]","[[132, 178], [526, 559]]",
1069,train,25杭州,944,E:\桌面\v-Net\dataset\26合并\25杭州\944_0.0000.jpg,0.0,0.54,411.0226745605469,640,480,ok,0.1015629768371582,1.0,259,320.0,157.23162841796875,547.7686767578125,352.5001525878906,390.53704833984375,,2,"[134, 180]","[531, 565]","[[134, 180], [531, 565]]",
1070,train,25杭州,945,E:\桌面\v-Net\dataset\26合并\25杭州\945_0.0000.jpg,0.0,0.54,411.0226745605469,640,480,ok,0.0068953514099121095,1.0,259,320.0,144.8751220703125,499.53790283203125,322.2065124511719,354.66278076171875,,3,"[118, 171]","[482, 517]","[[118, 171], [482, 517], [543, 586]]",
1071,train,25杭州,946,E:\桌面\v-Net\dataset\26合并\25杭州\946_0.0000.jpg,0.0,0.54,411.0226745605469,640,480,ok,0.13056459426879882,1.0,259,320.0,161.7562255859375,561.8051147460938,361.7806701660156,400.04888916015625,,2,"[138, 185]","[540, 586]","[[138, 185], [540, 586]]",
1072,train,25杭州,947,E:\桌面\v-Net\dataset\26合并\25杭州\947_0.0000.jpg,0.0,0.54,411.0226745605469,640,480,ok,0.1509190320968628,1.0,259,320.0,164.26902770996094,572.3191528320312,368.2940902709961,408.0501251220703,,2,"[140, 188]","[548, 601]","[[140, 188], [548, 601]]",
1073,train,25杭州,949,E:\桌面\v-Net\dataset\26合并\25杭州\949_0.0000.jpg,0.0,0.54,411.0226745605469,640,480,ok,0.22570793628692626,1.0,259,320.0,173.9640655517578,610.489013671875,392.2265396118164,436.5249481201172,,2,"[148, 200]","[576, 639]","[[148, 200], [576, 639]]",
1074,train,25杭州,950,E:\桌面\v-Net\dataset\26合并\25杭州\950_0.0000.jpg,0.0,0.54,411.0226745605469,640,480,ok,0.26121351718902586,1.0,259,320.0,182.42713928222656,624.74951171875,403.5883255004883,442.32237243652344,,2,"[156, 209]","[605, 639]","[[156, 209], [605, 639]]",
1075,train,25杭州,951,E:\桌面\v-Net\dataset\26合并\25杭州\951_0.0000.jpg,0.0,0.54,411.0226745605469,640,480,ok,0.2811980009078979,1.0,259,320.0,186.5990447998047,633.36767578125,409.98336029052734,446.7686309814453,,2,"[159, 215]","[626, 639]","[[159, 215], [626, 639]]",
1076,train,25杭州,952,E:\桌面\v-Net\dataset\26合并\25杭州\952_0.0000.jpg,0.0,0.54,411.0226745605469,640,480,inferred_missing_right,0.2620087623596191,0.6,259,320.0,198.3314666748047,609.3541412353516,403.8428039550781,411.0226745605469,411.0226745605469,1,,,"[[170, 227]]",
1077,train,25杭州,955,E:\桌面\v-Net\dataset\26合并\25杭州\955_0.0000.jpg,0.0,0.54,411.0226745605469,640,480,inferred_missing_right,0.32526226043701173,0.6,259,320.0,218.5725860595703,629.5952606201172,424.08392333984375,411.0226745605469,411.0226745605469,1,,,"[[187, 251]]",
1078,train,25杭州,956,E:\桌面\v-Net\dataset\26合并\25杭州\956_0.0000.jpg,0.0,0.54,411.0226745605469,640,480,ok,0.017811298370361328,1.0,259,320.0,147.15634155273438,504.2428894042969,325.6996154785156,357.0865478515625,,3,"[120, 174]","[486, 523]","[[120, 174], [486, 523], [550, 593]]",
1079,train,25杭州,957,E:\桌面\v-Net\dataset\26合并\25杭州\957_0.0000.jpg,0.0,0.54,411.0226745605469,640,480,inferred_missing_right,0.3631576061248779,0.6,259,320.0,233.42086791992188,639.0,436.21043395996094,405.5791320800781,411.0226745605469,1,,,"[[199, 267]]",
1080,train,25杭州,958,E:\桌面\v-Net\dataset\26合并\25杭州\958_0.0000.jpg,0.0,0.54,411.0226745605469,640,480,inferred_missing_right,0.3865612268447876,0.6,259,320.0,248.39918518066406,639.0,443.69959259033203,390.60081481933594,411.0226745605469,1,,,"[[214, 283]]",
1081,train,25杭州,959,E:\桌面\v-Net\dataset\26合并\25杭州\959_0.0000.jpg,0.0,0.54,411.0226745605469,640,480,inferred_missing_right,0.4137448787689209,0.6,259,320.0,265.7967224121094,639.0,452.3983612060547,373.2032775878906,411.0226745605469,1,,,"[[230, 302]]",
1082,train,25杭州,960,E:\桌面\v-Net\dataset\26合并\25杭州\960_-1.5000.jpg,-1.5,0.54,411.0226745605469,640,480,inferred_missing_right,0.42930188179016116,0.6,259,320.0,275.7532043457031,639.0,457.37660217285156,363.2467956542969,411.0226745605469,1,,,"[[239, 314]]",
1083,train,25杭州,962,E:\桌面\v-Net\dataset\26合并\25杭州\962_-1.5000.jpg,-1.5,0.54,411.0226745605469,640,480,inferred_missing_right,0.4357616424560547,0.6,259,320.0,279.887451171875,639.0,459.4437255859375,359.112548828125,411.0226745605469,1,,,"[[242, 318]]",
1084,train,25杭州,963,E:\桌面\v-Net\dataset\26合并\25杭州\963_-1.5000.jpg,-1.5,0.54,411.0226745605469,640,480,inferred_missing_right,0.4343207836151123,0.6,259,320.0,278.9653015136719,639.0,458.98265075683594,360.0346984863281,411.0226745605469,1,,,"[[242, 315]]",
1085,train,25杭州,964,E:\桌面\v-Net\dataset\26合并\25杭州\964_-1.5000.jpg,-1.5,0.54,411.0226745605469,640,480,inferred_missing_right,0.4338972568511963,0.6,259,320.0,278.6942443847656,639.0,458.8471221923828,360.3057556152344,411.0226745605469,1,,,"[[242, 318]]",
1086,train,25杭州,965,E:\桌面\v-Net\dataset\26合并\25杭州\965_-1.5000.jpg,-1.5,0.54,411.0226745605469,640,480,inferred_missing_right,0.4273204326629639,0.6,259,320.0,274.4850769042969,639.0,456.74253845214844,364.5149230957031,411.0226745605469,1,,,"[[235, 314]]",
1087,train,25杭州,967,E:\桌面\v-Net\dataset\26合并\25杭州\967_0.0000.jpg,0.0,0.54,411.0226745605469,640,480,ok,0.04120092391967774,1.0,259,320.0,156.75949096679688,509.6091003417969,333.1842956542969,352.849609375,,4,"[129, 184]","[495, 525]","[[129, 184], [495, 525], [569, 606], [628, 639]]",
1088,train,25杭州,968,E:\桌面\v-Net\dataset\26合并\25杭州\968_-1.5000.jpg,-1.5,0.54,411.0226745605469,640,480,inferred_missing_right,0.42273411750793455,0.6,259,320.0,271.5498352050781,639.0,455.27491760253906,367.4501647949219,411.0226745605469,1,,,"[[233, 310]]",
1089,train,25杭州,970,E:\桌面\v-Net\dataset\26合并\25杭州\970_-1.5000.jpg,-1.5,0.54,411.0226745605469,640,480,inferred_missing_right,0.4112235069274902,0.6,259,320.0,264.18304443359375,639.0,451.5915222167969,374.81695556640625,411.0226745605469,1,,,"[[227, 302]]",
1090,train,25杭州,973,E:\桌面\v-Net\dataset\26合并\25杭州\973_-1.5000.jpg,-1.5,0.54,411.0226745605469,640,480,inferred_missing_right,0.3962651014328003,0.6,259,320.0,254.6096649169922,639.0,446.8048324584961,384.3903350830078,411.0226745605469,1,,,"[[217, 292]]",
1091,train,25杭州,976,E:\桌面\v-Net\dataset\26合并\25杭州\976_-1.5000.jpg,-1.5,0.54,411.0226745605469,640,480,inferred_missing_right,0.3836891889572144,0.6,259,320.0,246.5610809326172,639.0,442.7805404663086,392.4389190673828,411.0226745605469,1,,,"[[208, 286]]",
1092,train,25杭州,977,E:\桌面\v-Net\dataset\26合并\25杭州\977_-1.5000.jpg,-1.5,0.54,411.0226745605469,640,480,inferred_missing_right,0.38019821643829343,0.6,259,320.0,244.3268585205078,639.0,441.6634292602539,394.6731414794922,411.0226745605469,1,,,"[[205, 284]]",
1093,train,25杭州,978,E:\桌面\v-Net\dataset\26合并\25杭州\978_0.0000.jpg,0.0,0.54,411.0226745605469,640,480,ok,0.04576241970062256,1.0,259,320.0,160.4215545654297,508.86639404296875,334.6439743041992,348.44483947753906,,3,"[133, 188]","[497, 523]","[[133, 188], [497, 523], [583, 607]]",
1094,train,25杭州,979,E:\桌面\v-Net\dataset\26合并\25杭州\979_-1.5000.jpg,-1.5,0.54,411.0226745605469,640,480,inferred_missing_right,0.37642157077789307,0.6,259,320.0,241.90980529785156,639.0,440.4549026489258,397.09019470214844,411.0226745605469,1,,,"[[201, 283]]",
1095,train,25杭州,980,E:\桌面\v-Net\dataset\26合并\25杭州\980_-1.5000.jpg,-1.5,0.54,411.0226745605469,640,480,inferred_missing_right,0.3736023664474487,0.6,259,320.0,240.1055145263672,639.0,439.5527572631836,398.8944854736328,411.0226745605469,1,,,"[[199, 281]]",
1096,train,25杭州,981,E:\桌面\v-Net\dataset\26合并\25杭州\981_-1.5000.jpg,-1.5,0.54,411.0226745605469,640,480,inferred_missing_right,0.370151162147522,0.6,259,320.0,237.89674377441406,639.0,438.44837188720703,401.10325622558594,411.0226745605469,1,,,"[[198, 278]]",
1097,train,25杭州,982,E:\桌面\v-Net\dataset\26合并\25杭州\982_-1.5000.jpg,-1.5,0.54,411.0226745605469,640,480,inferred_missing_right,0.3703859806060791,0.6,259,320.0,238.04702758789062,639.0,438.5235137939453,400.9529724121094,411.0226745605469,1,,,"[[198, 278]]",
1098,train,25杭州,983,E:\桌面\v-Net\dataset\26合并\25杭州\983_-1.5000.jpg,-1.5,0.54,411.0226745605469,640,480,inferred_missing_right,0.3659656047821045,0.6,259,320.0,235.21798706054688,639.0,437.10899353027344,403.7820129394531,411.0226745605469,1,,,"[[195, 276]]",
1099,train,25杭州,984,E:\桌面\v-Net\dataset\26合并\25杭州\984_-1.5000.jpg,-1.5,0.54,411.0226745605469,640,480,inferred_missing_right,0.36616227626800535,0.6,259,320.0,235.34385681152344,639.0,437.1719284057617,403.65614318847656,411.0226745605469,1,,,"[[196, 275]]",
1100,train,25杭州,985,E:\桌面\v-Net\dataset\26合并\25杭州\985_-1.5000.jpg,-1.5,0.54,411.0226745605469,640,480,inferred_missing_right,0.36166455745697024,0.6,259,320.0,232.46531677246094,639.0,435.73265838623047,406.53468322753906,411.0226745605469,1,,,"[[194, 271]]",
1101,train,25杭州,986,E:\桌面\v-Net\dataset\26合并\25杭州\986_-1.5000.jpg,-1.5,0.54,411.0226745605469,640,480,inferred_missing_right,0.36125812530517576,0.6,259,320.0,232.2052001953125,639.0,435.60260009765625,406.7947998046875,411.0226745605469,1,,,"[[194, 271]]",
1102,train,25杭州,987,E:\桌面\v-Net\dataset\26合并\25杭州\987_-1.5000.jpg,-1.5,0.54,411.0226745605469,640,480,inferred_missing_right,0.3613389015197754,0.6,259,320.0,232.25689697265625,639.0,435.6284484863281,406.74310302734375,411.0226745605469,1,,,"[[194, 271]]",
1103,train,25杭州,988,E:\桌面\v-Net\dataset\26合并\25杭州\988_-1.5000.jpg,-1.5,0.54,411.0226745605469,640,480,inferred_missing_right,0.36703245639801024,0.6,259,320.0,235.90077209472656,639.0,437.4503860473633,403.09922790527344,411.0226745605469,1,,,"[[198, 275]]",
1104,train,25杭州,989,E:\桌面\v-Net\dataset\26合并\25杭州\989_0.0000.jpg,0.0,0.54,411.0226745605469,640,480,ok,0.04100799560546875,1.0,259,320.0,170.3033447265625,495.9417724609375,333.12255859375,325.638427734375,,3,"[141, 201]","[480, 511]","[[0, 45], [141, 201], [480, 511]]",
1105,train,25杭州,990,E:\桌面\v-Net\dataset\26合并\25杭州\990_-1.5000.jpg,-1.5,0.54,411.0226745605469,640,480,insufficient_yellow_edges,,0.0,259,320.0,,,,,,2,,,"[[83, 90], [196, 275]]",
1106,train,25杭州,993,E:\桌面\v-Net\dataset\26合并\25杭州\993_-1.5000.jpg,-1.5,0.54,411.0226745605469,640,480,inferred_missing_right,0.37310831546783446,0.6,259,320.0,239.78932189941406,639.0,439.39466094970703,399.21067810058594,411.0226745605469,1,,,"[[198, 282]]",
1107,train,25杭州,995,E:\桌面\v-Net\dataset\26合并\25杭州\995_-1.5000.jpg,-1.5,0.54,411.0226745605469,640,480,insufficient_yellow_edges,,0.0,259,320.0,,,,,,2,,,"[[0, 22], [201, 280]]",
1108,train,25杭州,996,E:\桌面\v-Net\dataset\26合并\25杭州\996_-1.5000.jpg,-1.5,0.54,411.0226745605469,640,480,inferred_missing_right,0.37840423583984373,0.6,259,320.0,243.1787109375,639.0,441.08935546875,395.8212890625,411.0226745605469,1,,,"[[202, 286]]",
1109,train,25杭州,997,E:\桌面\v-Net\dataset\26合并\25杭州\997_-1.5000.jpg,-1.5,0.54,411.0226745605469,640,480,inferred_missing_right,0.3808781385421753,0.6,259,320.0,244.7620086669922,639.0,441.8810043334961,394.2379913330078,411.0226745605469,1,,,"[[203, 287]]",
1110,train,25杭州,998,E:\桌面\v-Net\dataset\26合并\25杭州\998_-1.5000.jpg,-1.5,0.54,411.0226745605469,640,480,inferred_missing_right,0.3798722267150879,0.6,259,320.0,244.11822509765625,639.0,441.5591125488281,394.88177490234375,411.0226745605469,1,,,"[[201, 289]]",
1111,train,25杭州,1000,E:\桌面\v-Net\dataset\26合并\25杭州\1000_0.0000.jpg,0.0,0.54,411.0226745605469,640,480,ok,0.05337417125701904,1.0,259,320.0,175.43016052246094,498.72930908203125,337.0797348022461,323.2991485595703,,3,"[145, 205]","[482, 516]","[[0, 64], [145, 205], [482, 516]]",
1112,train,25杭州,1003,E:\桌面\v-Net\dataset\26合并\25杭州\1003_-1.5000.jpg,-1.5,0.54,411.0226745605469,640,480,inferred_missing_right,0.3421192169189453,0.6,259,320.0,223.96681213378906,634.9894866943359,429.4781494140625,411.0226745605469,411.0226745605469,1,,,"[[199, 251]]",
1113,train,25杭州,1004,E:\桌面\v-Net\dataset\26合并\25杭州\1004_-1.5000.jpg,-1.5,0.54,411.0226745605469,640,480,inferred_missing_right,0.28196239471435547,0.6,259,320.0,204.7166290283203,615.7393035888672,410.22796630859375,411.0226745605469,411.0226745605469,1,,,"[[175, 235]]",
1114,train,25杭州,1005,E:\桌面\v-Net\dataset\26合并\25杭州\1005_-1.5000.jpg,-1.5,0.54,411.0226745605469,640,480,inferred_missing_right,0.12116942405700684,0.6,259,320.0,153.26287841796875,564.2855529785156,358.7742156982422,411.0226745605469,411.0226745605469,1,,,"[[124, 184]]",
1115,train,25杭州,1006,E:\桌面\v-Net\dataset\26合并\25杭州\1006_-1.5000.jpg,-1.5,0.54,411.0226745605469,640,480,inferred_missing_right,0.03485236167907715,0.6,259,320.0,125.64141845703125,536.6640930175781,331.1527557373047,411.0226745605469,411.0226745605469,1,,,"[[95, 157]]",
1116,train,25杭州,1007,E:\桌面\v-Net\dataset\26合并\25杭州\1007_-1.5000.jpg,-1.5,0.54,411.0226745605469,640,480,inferred_missing_right,-0.15519819259643555,0.6,259,320.0,64.82524108886719,475.84791564941406,270.3365783691406,411.0226745605469,411.0226745605469,1,,,"[[33, 98]]",
1117,train,25杭州,1008,E:\桌面\v-Net\dataset\26合并\25杭州\1008_-1.5000.jpg,-1.5,0.54,411.0226745605469,640,480,inferred_missing_right,-0.25862292647361756,0.6,259,320.0,31.729326248168945,442.7520008087158,237.24066352844238,411.0226745605469,411.0226745605469,1,,,"[[0, 67]]",
1118,train,25杭州,1009,E:\桌面\v-Net\dataset\26合并\25杭州\1009_-1.5000.jpg,-1.5,0.54,411.0226745605469,640,480,insufficient_yellow_edges,,0.0,259,320.0,,,,,,0,,,[],
1119,train,25杭州,1013,E:\桌面\v-Net\dataset\26合并\25杭州\1013_1.6400.jpg,1.64,0.54,411.0226745605469,640,480,insufficient_yellow_edges,,0.0,259,320.0,,,,,,0,,,[],
1120,train,25杭州,1017,E:\桌面\v-Net\dataset\26合并\25杭州\1017_1.6400.jpg,1.64,0.54,411.0226745605469,640,480,insufficient_yellow_edges,,0.0,259,320.0,,,,,,0,,,[],
1121,train,25杭州,1019,E:\桌面\v-Net\dataset\26合并\25杭州\1019_1.6400.jpg,1.64,0.54,411.0226745605469,640,480,insufficient_yellow_edges,,0.0,259,320.0,,,,,,0,,,[],
1122,train,25杭州,1021,E:\桌面\v-Net\dataset\26合并\25杭州\1021_1.6400.jpg,1.64,0.54,411.0226745605469,640,480,insufficient_yellow_edges,,0.0,259,320.0,,,,,,0,,,[],
1123,train,25杭州,1022,E:\桌面\v-Net\dataset\26合并\25杭州\1022_1.6400.jpg,1.64,0.54,411.0226745605469,640,480,insufficient_yellow_edges,,0.0,259,320.0,,,,,,0,,,[],
1124,train,25杭州,1023,E:\桌面\v-Net\dataset\26合并\25杭州\1023_-1.5000.jpg,-1.5,0.54,411.0226745605469,640,480,ok,0.1383275270462036,1.0,259,320.0,254.18284606933594,474.3467712402344,364.26480865478516,220.16392517089844,,3,"[232, 280]","[457, 492]","[[68, 114], [232, 280], [457, 492]]",
1125,train,25杭州,1024,E:\桌面\v-Net\dataset\26合并\25杭州\1024_1.6400.jpg,1.64,0.54,411.0226745605469,640,480,insufficient_yellow_edges,,0.0,259,320.0,,,,,,0,,,[],
1126,train,25杭州,1025,E:\桌面\v-Net\dataset\26合并\25杭州\1025_1.6400.jpg,1.64,0.54,411.0226745605469,640,480,insufficient_yellow_edges,,0.0,259,320.0,,,,,,0,,,[],
1127,train,25杭州,1028,E:\桌面\v-Net\dataset\26合并\25杭州\1028_1.6400.jpg,1.64,0.54,411.0226745605469,640,480,inferred_missing_right,-0.32586040496826174,0.6,259,320.0,10.213333129882812,421.2360076904297,215.72467041015625,411.0226745605469,411.0226745605469,1,,,"[[0, 21]]",
1128,train,25杭州,1029,E:\桌面\v-Net\dataset\26合并\25杭州\1029_1.6400.jpg,1.64,0.54,411.0226745605469,640,480,inferred_missing_right,-0.2557819724082947,0.6,259,320.0,32.638431549072266,443.66110610961914,238.1497688293457,411.0226745605469,411.0226745605469,1,,,"[[14, 50]]",
1129,train,25杭州,1030,E:\桌面\v-Net\dataset\26合并\25杭州\1030_1.6400.jpg,1.64,0.54,411.0226745605469,640,480,inferred_missing_right,-0.2129904508590698,0.6,259,320.0,46.33171844482422,457.3543930053711,251.84305572509766,411.0226745605469,411.0226745605469,1,,,"[[29, 62]]",
1130,train,25杭州,1031,E:\桌面\v-Net\dataset\26合并\25杭州\1031_0.0000.jpg,0.0,0.54,411.0226745605469,640,480,inferred_missing_right,-0.11090207099914551,0.6,259,320.0,79.0,490.0226745605469,284.51133728027344,411.0226745605469,411.0226745605469,1,,,"[[72, 86]]",
1131,train,25杭州,1032,E:\桌面\v-Net\dataset\26合并\25杭州\1032_0.0000.jpg,0.0,0.54,411.0226745605469,640,480,insufficient_yellow_edges,,0.0,259,320.0,,,,,,0,,,[],
1132,train,25杭州,1033,E:\桌面\v-Net\dataset\26合并\25杭州\1033_0.0000.jpg,0.0,0.54,411.0226745605469,640,480,insufficient_yellow_edges,,0.0,259,320.0,,,,,,0,,,[],
1133,train,25杭州,1034,E:\桌面\v-Net\dataset\26合并\25杭州\1034_-1.5000.jpg,-1.5,0.54,411.0226745605469,640,480,ok,0.08599464893341065,1.0,259,320.0,238.0308074951172,457.0057678222656,347.5182876586914,218.97496032714844,,3,"[211, 259]","[442, 472]","[[45, 91], [211, 259], [442, 472]]",
1134,train,25杭州,1036,E:\桌面\v-Net\dataset\26合并\25杭州\1036_0.0000.jpg,0.0,0.54,411.0226745605469,640,480,insufficient_yellow_edges,,0.0,259,320.0,,,,,,0,,,[],
1135,train,25杭州,1037,E:\桌面\v-Net\dataset\26合并\25杭州\1037_0.0000.jpg,0.0,0.54,411.0226745605469,640,480,insufficient_yellow_edges,,0.0,259,320.0,,,,,,0,,,[],
1136,train,25杭州,1038,E:\桌面\v-Net\dataset\26合并\25杭州\1038_0.0000.jpg,0.0,0.54,411.0226745605469,640,480,insufficient_yellow_edges,,0.0,259,320.0,,,,,,0,,,[],
1137,train,25杭州,1040,E:\桌面\v-Net\dataset\26合并\25杭州\1040_0.0000.jpg,0.0,0.54,411.0226745605469,640,480,insufficient_yellow_edges,,0.0,259,320.0,,,,,,0,,,[],
1138,train,25杭州,1042,E:\桌面\v-Net\dataset\26合并\25杭州\1042_0.0000.jpg,0.0,0.54,411.0226745605469,640,480,insufficient_yellow_edges,,0.0,259,320.0,,,,,,0,,,[],
1139,train,25杭州,1045,E:\桌面\v-Net\dataset\26合并\25杭州\1045_-1.5000.jpg,-1.5,0.54,411.0226745605469,640,480,ok,0.0896082878112793,1.0,259,320.0,281.83685302734375,415.512451171875,348.6746520996094,133.67559814453125,,4,"[274, 291]","[402, 429]","[[17, 64], [213, 230], [274, 291], [402, 429]]",
1140,train,25杭州,1046,E:\桌面\v-Net\dataset\26合并\25杭州\1046_1.5000.jpg,1.5,0.54,411.0226745605469,640,480,insufficient_yellow_edges,,0.0,259,320.0,,,,,,0,,,[],
1141,train,25杭州,1048,E:\桌面\v-Net\dataset\26合并\25杭州\1048_1.5000.jpg,1.5,0.54,411.0226745605469,640,480,insufficient_yellow_edges,,0.0,259,320.0,,,,,,0,,,[],
1142,train,25杭州,1049,E:\桌面\v-Net\dataset\26合并\25杭州\1049_1.5000.jpg,1.5,0.54,411.0226745605469,640,480,insufficient_yellow_edges,,0.0,259,320.0,,,,,,0,,,[],
1143,train,25杭州,1050,E:\桌面\v-Net\dataset\26合并\25杭州\1050_1.5000.jpg,1.5,0.54,411.0226745605469,640,480,insufficient_yellow_edges,,0.0,259,320.0,,,,,,0,,,[],
1144,train,25杭州,1051,E:\桌面\v-Net\dataset\26合并\25杭州\1051_1.5000.jpg,1.5,0.54,411.0226745605469,640,480,insufficient_yellow_edges,,0.0,259,320.0,,,,,,0,,,[],
1145,train,25杭州,1052,E:\桌面\v-Net\dataset\26合并\25杭州\1052_1.5000.jpg,1.5,0.54,411.0226745605469,640,480,insufficient_yellow_edges,,0.0,259,320.0,,,,,,0,,,[],
1146,train,25杭州,1053,E:\桌面\v-Net\dataset\26合并\25杭州\1053_1.5000.jpg,1.5,0.54,411.0226745605469,640,480,insufficient_yellow_edges,,0.0,259,320.0,,,,,,0,,,[],
1147,train,25杭州,1054,E:\桌面\v-Net\dataset\26合并\25杭州\1054_1.5000.jpg,1.5,0.54,411.0226745605469,640,480,insufficient_yellow_edges,,0.0,259,320.0,,,,,,0,,,[],
1148,train,25杭州,1055,E:\桌面\v-Net\dataset\26合并\25杭州\1055_1.5000.jpg,1.5,0.54,411.0226745605469,640,480,insufficient_yellow_edges,,0.0,259,320.0,,,,,,0,,,[],
1149,train,25杭州,1057,E:\桌面\v-Net\dataset\26合并\25杭州\1057_1.5000.jpg,1.5,0.54,411.0226745605469,640,480,insufficient_yellow_edges,,0.0,259,320.0,,,,,,0,,,[],
1150,train,25杭州,1058,E:\桌面\v-Net\dataset\26合并\25杭州\1058_1.5000.jpg,1.5,0.54,411.0226745605469,640,480,inferred_missing_left,-0.39544405937194826,0.6,259,320.0,0.0,386.9158020019531,193.45790100097656,386.9158020019531,411.0226745605469,1,,,"[[381, 394]]",
1151,train,25杭州,1059,E:\桌面\v-Net\dataset\26合并\25杭州\1059_1.5000.jpg,1.5,0.54,411.0226745605469,640,480,inferred_missing_left,-0.314479398727417,0.6,259,320.0,13.855255126953125,424.8779296875,219.36659240722656,411.0226745605469,411.0226745605469,1,,,"[[414, 441]]",
1152,train,25杭州,1060,E:\桌面\v-Net\dataset\26合并\25杭州\1060_1.5000.jpg,1.5,0.54,411.0226745605469,640,480,ok,-0.24093532413244248,1.0,259,320.0,14.962616920471191,470.8387756347656,242.9006962776184,455.87615871429443,,2,"[0, 34]","[452, 493]","[[0, 34], [452, 493]]",
1153,train,25杭州,1061,E:\桌面\v-Net\dataset\26合并\25杭州\1061_1.5000.jpg,1.5,0.54,411.0226745605469,640,480,ok,-0.18619566559791564,1.0,259,320.0,24.29476547241211,496.5400085449219,260.417387008667,472.24524307250977,,2,"[0, 54]","[473, 521]","[[0, 54], [473, 521]]",
1154,train,25杭州,1062,E:\桌面\v-Net\dataset\26合并\25杭州\1062_1.5000.jpg,1.5,0.54,411.0226745605469,640,480,ok,-0.06851439476013184,1.0,259,320.0,42.827301025390625,553.323486328125,298.0753936767578,510.4961853027344,,2,"[0, 89]","[527, 576]","[[0, 89], [527, 576]]",
1155,train,25杭州,1063,E:\桌面\v-Net\dataset\26合并\25杭州\1063_1.5000.jpg,1.5,0.54,411.0226745605469,640,480,ok,0.0017169058322906495,1.0,259,320.0,57.903934478759766,583.1948852539062,320.549409866333,525.2909507751465,,2,"[9, 107]","[559, 604]","[[9, 107], [559, 604]]",
1156,train,25杭州,1064,E:\桌面\v-Net\dataset\26合并\25杭州\1064_1.5000.jpg,1.5,0.54,411.0226745605469,640,480,ok,0.14294523000717163,1.0,259,320.0,99.07320404052734,632.4117431640625,365.7424736022949,533.3385391235352,,2,"[47, 150]","[624, 639]","[[47, 150], [624, 639]]",
1157,train,25杭州,1066,E:\桌面\v-Net\dataset\26合并\25杭州\1066_-1.5000.jpg,-1.5,0.54,411.0226745605469,640,480,inferred_missing_right,0.15543069839477539,0.6,259,320.0,164.2264862060547,575.2491607666016,369.7378234863281,411.0226745605469,411.0226745605469,1,,,"[[110, 218]]",
1158,train,25杭州,1067,E:\桌面\v-Net\dataset\26合并\25杭州\1067_-1.5000.jpg,-1.5,0.54,411.0226745605469,640,480,ok,-0.025264787673950195,1.0,259,320.0,248.48419189453125,375.3463439941406,311.91526794433594,126.86215209960938,,3,"[226, 271]","[358, 393]","[[0, 12], [226, 271], [358, 393]]",
1159,train,25杭州,1068,E:\桌面\v-Net\dataset\26合并\25杭州\1068_-1.5000.jpg,-1.5,0.54,411.0226745605469,640,480,inferred_missing_right,0.18328871726989746,0.6,259,320.0,173.14105224609375,584.1637268066406,378.6523895263672,411.0226745605469,411.0226745605469,1,,,"[[119, 228]]",
1160,train,25杭州,1069,E:\桌面\v-Net\dataset\26合并\25杭州\1069_-1.5000.jpg,-1.5,0.54,411.0226745605469,640,480,inferred_missing_right,0.2737410545349121,0.6,259,320.0,202.08580017089844,613.1084747314453,407.5971374511719,411.0226745605469,411.0226745605469,1,,,"[[149, 255]]",
1161,train,25杭州,1070,E:\桌面\v-Net\dataset\26合并\25杭州\1070_-1.5000.jpg,-1.5,0.54,411.0226745605469,640,480,inferred_missing_right,0.33054485321044924,0.6,259,320.0,220.2630157470703,631.2856903076172,425.77435302734375,411.0226745605469,411.0226745605469,1,,,"[[169, 271]]",
1162,train,25杭州,1071,E:\桌面\v-Net\dataset\26合并\25杭州\1071_-1.5000.jpg,-1.5,0.54,411.0226745605469,640,480,inferred_missing_right,0.37395586967468264,0.6,259,320.0,240.33175659179688,639.0,439.66587829589844,398.6682434082031,411.0226745605469,1,,,"[[192, 288]]",
1163,train,25杭州,1072,E:\桌面\v-Net\dataset\26合并\25杭州\1072_-1.5000.jpg,-1.5,0.54,411.0226745605469,640,480,inferred_missing_right,0.38685011863708496,0.6,259,320.0,248.58407592773438,639.0,443.7920379638672,390.4159240722656,411.0226745605469,1,,,"[[202, 295]]",
1164,train,25杭州,1074,E:\桌面\v-Net\dataset\26合并\25杭州\1074_-1.5000.jpg,-1.5,0.54,411.0226745605469,640,480,inferred_missing_right,0.4015179634094238,0.6,259,320.0,257.97149658203125,639.0,448.4857482910156,381.02850341796875,411.0226745605469,1,,,"[[217, 298]]",
1165,train,25杭州,1076,E:\桌面\v-Net\dataset\26合并\25杭州\1076_-1.5000.jpg,-1.5,0.54,411.0226745605469,640,480,ok,0.3848406314849854,1.0,259,320.0,256.4117126464844,629.8862915039062,443.1490020751953,373.4745788574219,,2,"[226, 284]","[615, 639]","[[226, 284], [615, 639]]",
1166,train,25杭州,1077,E:\桌面\v-Net\dataset\26合并\25杭州\1077_-1.5000.jpg,-1.5,0.54,411.0226745605469,640,480,ok,0.3397019624710083,1.0,259,320.0,243.0701446533203,614.339111328125,428.70462799072266,371.2689666748047,,2,"[219, 266]","[590, 639]","[[219, 266], [590, 639]]",
1167,train,25杭州,1078,E:\桌面\v-Net\dataset\26合并\25杭州\1078_-1.5000.jpg,-1.5,0.54,411.0226745605469,640,480,narrow_lane_width,,0.0,259,320.0,282.6229553222656,348.5979919433594,,65.97503662109375,,3,,,"[[213, 239], [277, 289], [331, 367]]",
1168,train,25杭州,1080,E:\桌面\v-Net\dataset\26合并\25杭州\1080_-1.5000.jpg,-1.5,0.54,411.0226745605469,640,480,ok,0.2303471803665161,1.0,259,320.0,210.4954376220703,576.9267578125,393.71109771728516,366.4313201904297,,2,"[191, 229]","[552, 602]","[[191, 229], [552, 602]]",
1169,train,25杭州,1081,E:\桌面\v-Net\dataset\26合并\25杭州\1081_-1.5000.jpg,-1.5,0.54,411.0226745605469,640,480,ok,0.18544464111328124,1.0,259,320.0,195.783935546875,562.900634765625,379.34228515625,367.11669921875,,2,"[177, 213]","[538, 588]","[[177, 213], [538, 588]]",
1170,train,25杭州,1082,E:\桌面\v-Net\dataset\26合并\25杭州\1082_-1.5000.jpg,-1.5,0.54,411.0226745605469,640,480,ok,0.08306939601898193,1.0,259,320.0,157.8677215576172,535.2966918945312,346.5822067260742,377.42897033691406,,2,"[138, 176]","[510, 561]","[[138, 176], [510, 561]]",
1171,train,25杭州,1084,E:\桌面\v-Net\dataset\26合并\25杭州\1084_-1.5000.jpg,-1.5,0.54,411.0226745605469,640,480,ok,-0.12297321557998657,1.0,259,320.0,68.16448211669922,493.1326599121094,280.6485710144043,424.96817779541016,,2,"[21, 105]","[467, 520]","[[21, 105], [467, 520]]",
1172,train,25杭州,1085,E:\桌面\v-Net\dataset\26合并\25杭州\1085_-1.5000.jpg,-1.5,0.54,411.0226745605469,640,480,ok,-0.20353379249572753,1.0,259,320.0,32.501190185546875,477.2371826171875,254.8691864013672,444.7359924316406,,2,"[0, 72]","[449, 505]","[[0, 72], [449, 505]]",
1173,train,25杭州,1086,E:\桌面\v-Net\dataset\26合并\25杭州\1086_-1.5000.jpg,-1.5,0.54,411.0226745605469,640,480,inferred_missing_left,-0.2507642269134521,0.6,259,320.0,34.244110107421875,445.26678466796875,239.7554473876953,411.0226745605469,411.0226745605469,1,,,"[[416, 475]]",
1174,train,25杭州,1088,E:\桌面\v-Net\dataset\26合并\25杭州\1088_-1.5000.jpg,-1.5,0.54,411.0226745605469,640,480,inferred_missing_right,0.4029833316802979,0.6,259,320.0,258.9093322753906,639.0,448.9546661376953,380.0906677246094,411.0226745605469,1,,,"[[228, 296]]",
1175,train,25杭州,1089,E:\桌面\v-Net\dataset\26合并\25杭州\1089_0.0000.jpg,0.0,0.54,411.0226745605469,640,480,ok,0.047039914131164554,1.0,259,320.0,191.64222717285156,478.46331787109375,335.05277252197266,286.8210906982422,,3,"[175, 205]","[466, 490]","[[83, 130], [175, 205], [466, 490]]",
1176,train,25杭州,1090,E:\桌面\v-Net\dataset\26合并\25杭州\1090_-1.5000.jpg,-1.5,0.54,411.0226745605469,640,480,inferred_missing_right,0.3816728115081787,0.6,259,320.0,245.27059936523438,639.0,442.1352996826172,393.7294006347656,411.0226745605469,1,,,"[[209, 281]]",
1177,train,25杭州,1091,E:\桌面\v-Net\dataset\26合并\25杭州\1091_-1.5000.jpg,-1.5,0.54,411.0226745605469,640,480,inferred_missing_right,0.3439194679260254,0.6,259,320.0,224.5428924560547,635.5655670166016,430.0542297363281,411.0226745605469,411.0226745605469,1,,,"[[199, 251]]",
1178,train,25杭州,1092,E:\桌面\v-Net\dataset\26合并\25杭州\1092_-1.5000.jpg,-1.5,0.54,411.0226745605469,640,480,inferred_missing_right,0.28017168045043944,0.6,259,320.0,204.1436004638672,615.1662750244141,409.6549377441406,411.0226745605469,411.0226745605469,1,,,"[[179, 230]]",
1179,train,25杭州,1094,E:\桌面\v-Net\dataset\26合并\25杭州\1094_-1.5000.jpg,-1.5,0.54,411.0226745605469,640,480,inferred_missing_right,0.035822701454162595,0.6,259,320.0,125.9519271850586,536.9746017456055,331.46326446533203,411.0226745605469,411.0226745605469,1,,,"[[99, 155]]",
1180,train,25杭州,1095,E:\桌面\v-Net\dataset\26合并\25杭州\1095_-1.5000.jpg,-1.5,0.54,411.0226745605469,640,480,inferred_missing_right,-0.15613317489624023,0.6,259,320.0,64.52604675292969,475.54872131347656,270.0373840332031,411.0226745605469,411.0226745605469,1,,,"[[37, 94]]",
1181,train,25杭州,1096,E:\桌面\v-Net\dataset\26合并\25杭州\1096_-1.5000.jpg,-1.5,0.54,411.0226745605469,640,480,inferred_missing_right,-0.2396457314491272,0.6,259,320.0,37.80202865600586,448.82470321655273,243.3133659362793,411.0226745605469,411.0226745605469,1,,,"[[6, 71]]",
1182,train,25杭州,1097,E:\桌面\v-Net\dataset\26合并\25杭州\1097_-1.5000.jpg,-1.5,0.54,411.0226745605469,640,480,insufficient_yellow_edges,,0.0,259,320.0,,,,,,0,,,[],
1183,train,25杭州,1099,E:\桌面\v-Net\dataset\26合并\25杭州\1099_1.6400.jpg,1.64,0.54,411.0226745605469,640,480,insufficient_yellow_edges,,0.0,259,320.0,,,,,,0,,,[],
1184,train,25杭州,1100,E:\桌面\v-Net\dataset\26合并\25杭州\1100_-1.5000.jpg,-1.5,0.54,411.0226745605469,640,480,ok,0.15723590850830077,1.0,259,320.0,259.4651184082031,481.1658630371094,370.31549072265625,221.70074462890625,,4,"[254, 266]","[465, 498]","[[81, 129], [191, 198], [254, 266], [465, 498]]",
1185,train,25杭州,1102,E:\桌面\v-Net\dataset\26合并\25杭州\1102_1.6400.jpg,1.64,0.54,411.0226745605469,640,480,insufficient_yellow_edges,,0.0,259,320.0,,,,,,0,,,[],
1186,train,25杭州,1103,E:\桌面\v-Net\dataset\26合并\25杭州\1103_1.6400.jpg,1.64,0.54,411.0226745605469,640,480,insufficient_yellow_edges,,0.0,259,320.0,,,,,,0,,,[],
1187,train,25杭州,1104,E:\桌面\v-Net\dataset\26合并\25杭州\1104_1.6400.jpg,1.64,0.54,411.0226745605469,640,480,insufficient_yellow_edges,,0.0,259,320.0,,,,,,0,,,[],
1188,train,25杭州,1105,E:\桌面\v-Net\dataset\26合并\25杭州\1105_1.6400.jpg,1.64,0.54,411.0226745605469,640,480,insufficient_yellow_edges,,0.0,259,320.0,,,,,,0,,,[],
1189,train,25杭州,1106,E:\桌面\v-Net\dataset\26合并\25杭州\1106_1.6400.jpg,1.64,0.54,411.0226745605469,640,480,insufficient_yellow_edges,,0.0,259,320.0,,,,,,0,,,[],
1190,train,25杭州,1107,E:\桌面\v-Net\dataset\26合并\25杭州\1107_1.6400.jpg,1.64,0.54,411.0226745605469,640,480,insufficient_yellow_edges,,0.0,259,320.0,,,,,,0,,,[],
1191,train,25杭州,1108,E:\桌面\v-Net\dataset\26合并\25杭州\1108_1.6400.jpg,1.64,0.54,411.0226745605469,640,480,insufficient_yellow_edges,,0.0,259,320.0,,,,,,0,,,[],
1192,train,25杭州,1111,E:\桌面\v-Net\dataset\26合并\25杭州\1111_-1.5000.jpg,-1.5,0.54,411.0226745605469,640,480,ok,0.12506566047668458,1.0,259,320.0,248.49227905273438,471.54974365234375,360.02101135253906,223.05746459960938,,3,"[231, 271]","[454, 490]","[[63, 111], [231, 271], [454, 490]]",
1193,train,25杭州,1112,E:\桌面\v-Net\dataset\26合并\25杭州\1112_1.6400.jpg,1.64,0.54,411.0226745605469,640,480,insufficient_yellow_edges,,0.0,259,320.0,,,,,,0,,,[],
1194,train,25杭州,1113,E:\桌面\v-Net\dataset\26合并\25杭州\1113_1.6400.jpg,1.64,0.54,411.0226745605469,640,480,insufficient_yellow_edges,,0.0,259,320.0,,,,,,0,,,[],
1195,train,25杭州,1114,E:\桌面\v-Net\dataset\26合并\25杭州\1114_1.6400.jpg,1.64,0.54,411.0226745605469,640,480,insufficient_yellow_edges,,0.0,259,320.0,,,,,,0,,,[],
1196,train,25杭州,1115,E:\桌面\v-Net\dataset\26合并\25杭州\1115_1.6400.jpg,1.64,0.54,411.0226745605469,640,480,inferred_missing_right,-0.3373074486851692,0.6,259,320.0,6.550279140472412,417.5729537010193,212.06161642074585,411.0226745605469,411.0226745605469,1,,,"[[0, 15]]",
1197,train,25杭州,1116,E:\桌面\v-Net\dataset\26合并\25杭州\1116_1.6400.jpg,1.64,0.54,411.0226745605469,640,480,inferred_missing_right,-0.28407720327377317,0.6,259,320.0,23.58395767211914,434.606632232666,229.09529495239258,411.0226745605469,411.0226745605469,1,,,"[[0, 45]]",
1198,train,25杭州,1118,E:\桌面\v-Net\dataset\26合并\25杭州\1118_1.6400.jpg,1.64,0.54,411.0226745605469,640,480,inferred_missing_right,-0.14644956588745117,0.6,259,320.0,67.62480163574219,478.64747619628906,273.1361389160156,411.0226745605469,411.0226745605469,1,,,"[[47, 87]]",
1199,train,25杭州,1120,E:\桌面\v-Net\dataset\26合并\25杭州\1120_0.0000.jpg,0.0,0.54,411.0226745605469,640,480,inferred_missing_right,-0.051071333885192874,0.6,259,320.0,98.14583587646484,509.1685104370117,303.6571731567383,411.0226745605469,411.0226745605469,1,,,"[[82, 114]]",
1200,train,25杭州,1121,E:\桌面\v-Net\dataset\26合并\25杭州\1121_0.0000.jpg,0.0,0.54,411.0226745605469,640,480,insufficient_yellow_edges,,0.0,259,320.0,,,,,,0,,,[],
1201,train,25杭州,1123,E:\桌面\v-Net\dataset\26合并\25杭州\1123_0.0000.jpg,0.0,0.54,411.0226745605469,640,480,insufficient_yellow_edges,,0.0,259,320.0,,,,,,0,,,[],
1202,train,25杭州,1125,E:\桌面\v-Net\dataset\26合并\25杭州\1125_0.0000.jpg,0.0,0.54,411.0226745605469,640,480,insufficient_yellow_edges,,0.0,259,320.0,,,,,,0,,,[],
1203,train,25杭州,1127,E:\桌面\v-Net\dataset\26合并\25杭州\1127_0.0000.jpg,0.0,0.54,411.0226745605469,640,480,insufficient_yellow_edges,,0.0,259,320.0,,,,,,0,,,[],
1204,train,25杭州,1128,E:\桌面\v-Net\dataset\26合并\25杭州\1128_0.0000.jpg,0.0,0.54,411.0226745605469,640,480,insufficient_yellow_edges,,0.0,259,320.0,,,,,,0,,,[],
1205,train,25杭州,1131,E:\桌面\v-Net\dataset\26合并\25杭州\1131_0.0000.jpg,0.0,0.54,411.0226745605469,640,480,insufficient_yellow_edges,,0.0,259,320.0,,,,,,0,,,[],
1206,train,25杭州,1132,E:\桌面\v-Net\dataset\26合并\25杭州\1132_1.5000.jpg,1.5,0.54,411.0226745605469,640,480,insufficient_yellow_edges,,0.0,259,320.0,,,,,,0,,,[],
1207,train,25杭州,1134,E:\桌面\v-Net\dataset\26合并\25杭州\1134_1.5000.jpg,1.5,0.54,411.0226745605469,640,480,insufficient_yellow_edges,,0.0,259,320.0,,,,,,0,,,[],
1208,train,25杭州,1136,E:\桌面\v-Net\dataset\26合并\25杭州\1136_1.5000.jpg,1.5,0.54,411.0226745605469,640,480,insufficient_yellow_edges,,0.0,259,320.0,,,,,,0,,,[],
1209,train,25杭州,1137,E:\桌面\v-Net\dataset\26合并\25杭州\1137_1.5000.jpg,1.5,0.54,411.0226745605469,640,480,insufficient_yellow_edges,,0.0,259,320.0,,,,,,0,,,[],
1210,train,25杭州,1139,E:\桌面\v-Net\dataset\26合并\25杭州\1139_1.5000.jpg,1.5,0.54,411.0226745605469,640,480,insufficient_yellow_edges,,0.0,259,320.0,,,,,,0,,,[],
1211,train,25杭州,1140,E:\桌面\v-Net\dataset\26合并\25杭州\1140_1.5000.jpg,1.5,0.54,411.0226745605469,640,480,insufficient_yellow_edges,,0.0,259,320.0,,,,,,0,,,[],
1212,train,25杭州,1141,E:\桌面\v-Net\dataset\26合并\25杭州\1141_1.5000.jpg,1.5,0.54,411.0226745605469,640,480,insufficient_yellow_edges,,0.0,259,320.0,,,,,,0,,,[],
1213,train,25杭州,1142,E:\桌面\v-Net\dataset\26合并\25杭州\1142_1.5000.jpg,1.5,0.54,411.0226745605469,640,480,insufficient_yellow_edges,,0.0,259,320.0,,,,,,0,,,[],
1214,train,25杭州,1144,E:\桌面\v-Net\dataset\26合并\25杭州\1144_-1.5000.jpg,-1.5,0.54,411.0226745605469,640,480,ok,0.015245532989501953,1.0,259,320.0,260.80157470703125,388.95556640625,324.8785705566406,128.15399169921875,,3,"[244, 283]","[374, 404]","[[0, 30], [244, 283], [374, 404]]",
1215,train,25杭州,1146,E:\桌面\v-Net\dataset\26合并\25杭州\1146_1.5000.jpg,1.5,0.54,411.0226745605469,640,480,inferred_missing_left,-0.3253005504608154,0.6,259,320.0,10.392486572265625,421.4151611328125,215.90382385253906,411.0226745605469,411.0226745605469,1,,,"[[412, 432]]",
1216,train,25杭州,1147,E:\桌面\v-Net\dataset\26合并\25杭州\1147_1.5000.jpg,1.5,0.54,411.0226745605469,640,480,ok,-0.29736777022480965,1.0,259,320.0,7.357142925262451,442.3274841308594,224.8423135280609,434.9703412055969,,2,"[0, 17]","[430, 459]","[[0, 17], [430, 459]]",
1217,train,25杭州,1148,E:\桌面\v-Net\dataset\26合并\25杭州\1148_1.5000.jpg,1.5,0.54,411.0226745605469,640,480,ok,-0.20230943858623504,1.0,259,320.0,22.93882942199707,487.5831298828125,255.26097965240479,464.64430046081543,,2,"[0, 52]","[469, 509]","[[0, 52], [469, 509]]",
1218,train,25杭州,1150,E:\桌面\v-Net\dataset\26合并\25杭州\1150_1.5000.jpg,1.5,0.54,411.0226745605469,640,480,ok,0.06108731031417847,1.0,259,320.0,79.08556365966797,600.0103149414062,339.5479393005371,520.9247512817383,,2,"[28, 130]","[574, 622]","[[28, 130], [574, 622]]",
1219,train,25杭州,1151,E:\桌面\v-Net\dataset\26合并\25杭州\1151_1.5000.jpg,1.5,0.54,411.0226745605469,640,480,ok,0.13337111473083496,1.0,259,320.0,100.53726196289062,624.8202514648438,362.6787567138672,524.2829895019531,,2,"[48, 153]","[607, 639]","[[48, 153], [607, 639]]",
1220,train,25杭州,1152,E:\桌面\v-Net\dataset\26合并\25杭州\1152_1.5000.jpg,1.5,0.54,411.0226745605469,640,480,inferred_missing_right,0.08716058731079102,0.6,259,320.0,142.3800506591797,553.4027252197266,347.8913879394531,411.0226745605469,411.0226745605469,1,,,"[[87, 196]]",
1221,train,25杭州,1153,E:\桌面\v-Net\dataset\26合并\25杭州\1153_-1.5000.jpg,-1.5,0.54,411.0226745605469,640,480,inferred_missing_right,0.15947299003601073,0.6,259,320.0,165.52001953125,576.5426940917969,371.03135681152344,411.0226745605469,411.0226745605469,1,,,"[[109, 220]]",
1222,train,25杭州,1155,E:\桌面\v-Net\dataset\26合并\25杭州\1155_-1.5000.jpg,-1.5,0.54,411.0226745605469,640,480,ok,-0.026940560340881346,1.0,259,320.0,248.05970764160156,374.6983337402344,311.37902069091797,126.63862609863281,,3,"[227, 271]","[358, 392]","[[0, 13], [227, 271], [358, 392]]",
1223,train,25杭州,1156,E:\桌面\v-Net\dataset\26合并\25杭州\1156_-1.5000.jpg,-1.5,0.54,411.0226745605469,640,480,inferred_missing_right,0.3566826343536377,0.6,259,320.0,229.27688598632812,639.0,434.13844299316406,409.7231140136719,411.0226745605469,1,,,"[[172, 287]]",
1224,train,25杭州,1157,E:\桌面\v-Net\dataset\26合并\25杭州\1157_-1.5000.jpg,-1.5,0.54,411.0226745605469,640,480,inferred_missing_right,0.4011380195617676,0.6,259,320.0,257.72833251953125,639.0,448.3641662597656,381.27166748046875,411.0226745605469,1,,,"[[200, 314]]",
1225,train,25杭州,1158,E:\桌面\v-Net\dataset\26合并\25杭州\1158_-1.5000.jpg,-1.5,0.54,411.0226745605469,640,480,inferred_missing_right,0.429611873626709,0.6,259,320.0,275.95159912109375,639.0,457.4757995605469,363.04840087890625,411.0226745605469,1,,,"[[223, 328]]",
1226,train,25杭州,1159,E:\桌面\v-Net\dataset\26合并\25杭州\1159_-1.5000.jpg,-1.5,0.54,411.0226745605469,640,480,inferred_missing_right,0.46293067932128906,0.6,259,320.0,297.275634765625,639.0,468.1378173828125,341.724365234375,411.0226745605469,1,,,"[[248, 346]]",
1227,train,25杭州,1161,E:\桌面\v-Net\dataset\26合并\25杭州\1161_-1.5000.jpg,-1.5,0.54,411.0226745605469,640,480,inferred_missing_right,0.48538970947265625,0.6,259,320.0,311.6494140625,639.0,475.32470703125,327.3505859375,411.0226745605469,1,,,"[[269, 353]]",
1228,train,25杭州,1162,E:\桌面\v-Net\dataset\26合并\25杭州\1162_-1.5000.jpg,-1.5,0.54,411.0226745605469,640,480,inferred_missing_right,0.48511528968811035,0.6,259,320.0,311.4737854003906,639.0,475.2368927001953,327.5262145996094,411.0226745605469,1,,,"[[271, 350]]",
1229,train,25杭州,1163,E:\桌面\v-Net\dataset\26合并\25杭州\1163_-1.5000.jpg,-1.5,0.54,411.0226745605469,640,480,inferred_missing_right,0.4803812026977539,0.6,259,320.0,308.4439697265625,639.0,473.72198486328125,330.5560302734375,411.0226745605469,1,,,"[[275, 338]]",
1230,train,25杭州,1164,E:\桌面\v-Net\dataset\26合并\25杭州\1164_-1.5000.jpg,-1.5,0.54,411.0226745605469,640,480,inferred_missing_right,0.4773064613342285,0.6,259,320.0,306.47613525390625,639.0,472.7380676269531,332.52386474609375,411.0226745605469,1,,,"[[277, 334]]",
1231,train,25杭州,1165,E:\桌面\v-Net\dataset\26合并\25杭州\1165_-1.5000.jpg,-1.5,0.54,411.0226745605469,640,480,ok,0.4510023593902588,1.0,259,320.0,292.7081604003906,635.933349609375,464.3207550048828,343.2251892089844,,2,"[269, 315]","[632, 639]","[[269, 315], [632, 639]]",
1232,train,25杭州,1166,E:\桌面\v-Net\dataset\26合并\25杭州\1166_-1.5000.jpg,-1.5,0.54,411.0226745605469,640,480,ok,-0.10341837406158447,1.0,259,320.0,224.20240783691406,349.6098327636719,286.90612030029297,125.40742492675781,,2,"[203, 240]","[331, 369]","[[203, 240], [331, 369]]",
1233,train,25杭州,1167,E:\桌面\v-Net\dataset\26合并\25杭州\1167_-1.5000.jpg,-1.5,0.54,411.0226745605469,640,480,ok,0.42974677085876467,1.0,259,320.0,282.9452819824219,632.0926513671875,457.5189666748047,349.1473693847656,,2,"[260, 303]","[622, 639]","[[260, 303], [622, 639]]",
1234,train,25杭州,1168,E:\桌面\v-Net\dataset\26合并\25杭州\1168_-1.5000.jpg,-1.5,0.54,411.0226745605469,640,480,ok,0.3753859043121338,1.0,259,320.0,260.8434143066406,619.403564453125,440.1234893798828,358.5601501464844,,2,"[242, 278]","[596, 639]","[[242, 278], [596, 639]]",
1235,train,25杭州,1169,E:\桌面\v-Net\dataset\26合并\25杭州\1169_-1.5000.jpg,-1.5,0.54,411.0226745605469,640,480,ok,0.3362734317779541,1.0,259,320.0,246.50479125976562,608.710205078125,427.6074981689453,362.2054138183594,,2,"[229, 263]","[582, 636]","[[229, 263], [582, 636]]",
1236,train,25杭州,1170,E:\桌面\v-Net\dataset\26合并\25杭州\1170_-1.5000.jpg,-1.5,0.54,411.0226745605469,640,480,ok,0.24162521362304687,1.0,259,320.0,212.93560791015625,581.7045288085938,397.320068359375,368.7689208984375,,2,"[192, 232]","[555, 609]","[[192, 232], [555, 609]]",
1237,train,25杭州,1173,E:\桌面\v-Net\dataset\26合并\25杭州\1173_-1.5000.jpg,-1.5,0.54,411.0226745605469,640,480,ok,-0.018038320541381835,1.0,259,320.0,101.48983764648438,526.9656372070312,314.2277374267578,425.4757995605469,,2,"[46, 144]","[497, 556]","[[46, 144], [497, 556]]",
1238,train,25杭州,1174,E:\桌面\v-Net\dataset\26合并\25杭州\1174_-1.5000.jpg,-1.5,0.54,411.0226745605469,640,480,ok,-0.17862952053546904,1.0,259,320.0,29.214399337768555,496.46270751953125,262.8385534286499,467.2483081817627,,2,"[0, 70]","[466, 527]","[[0, 70], [466, 527]]",
1239,train,25杭州,1175,E:\桌面\v-Net\dataset\26合并\25杭州\1175_-1.5000.jpg,-1.5,0.54,411.0226745605469,640,480,narrow_lane_width,,0.0,259,320.0,268.80767822265625,334.5107421875,,65.70306396484375,,3,,,"[[201, 222], [260, 279], [317, 353]]",
1240,train,25杭州,1176,E:\桌面\v-Net\dataset\26合并\25杭州\1176_-1.5000.jpg,-1.5,0.54,411.0226745605469,640,480,inferred_missing_right,0.4011398792266846,0.6,259,320.0,257.7295227050781,639.0,448.36476135253906,381.2704772949219,411.0226745605469,1,,,"[[228, 297]]",
1241,train,25杭州,1177,E:\桌面\v-Net\dataset\26合并\25杭州\1177_0.0000.jpg,0.0,0.54,411.0226745605469,640,480,ok,0.006607198715209961,1.0,259,320.0,178.47528076171875,465.7533264160156,322.1143035888672,287.2780456542969,,3,"[167, 188]","[452, 479]","[[68, 115], [167, 188], [452, 479]]",
1242,train,25杭州,1179,E:\桌面\v-Net\dataset\26合并\25杭州\1179_-1.5000.jpg,-1.5,0.54,411.0226745605469,640,480,inferred_missing_right,0.377739691734314,0.6,259,320.0,242.75340270996094,639.0,440.87670135498047,396.24659729003906,411.0226745605469,1,,,"[[207, 273]]",
1243,train,25杭州,1181,E:\桌面\v-Net\dataset\26合并\25杭州\1181_-1.5000.jpg,-1.5,0.54,411.0226745605469,640,480,inferred_missing_right,0.23457183837890624,0.6,259,320.0,189.55165100097656,600.5743255615234,395.06298828125,411.0226745605469,411.0226745605469,1,,,"[[165, 216]]",
1244,train,25杭州,1182,E:\桌面\v-Net\dataset\26合并\25杭州\1182_-1.5000.jpg,-1.5,0.54,411.0226745605469,640,480,inferred_missing_right,0.0763587474822998,0.6,259,320.0,138.9234619140625,549.9461364746094,344.43479919433594,411.0226745605469,411.0226745605469,1,,,"[[114, 165]]",
1245,train,25杭州,1183,E:\桌面\v-Net\dataset\26合并\25杭州\1183_-1.5000.jpg,-1.5,0.54,411.0226745605469,640,480,inferred_missing_right,-0.007709360122680664,0.6,259,320.0,112.02166748046875,523.0443420410156,317.5330047607422,411.0226745605469,411.0226745605469,1,,,"[[86, 140]]",
1246,train,25杭州,1184,E:\桌面\v-Net\dataset\26合并\25杭州\1184_-1.5000.jpg,-1.5,0.54,411.0226745605469,640,480,inferred_missing_right,-0.1967395782470703,0.6,259,320.0,51.53199768066406,462.55467224121094,257.0433349609375,411.0226745605469,411.0226745605469,1,,,"[[25, 79]]",
1247,train,25杭州,1185,E:\桌面\v-Net\dataset\26合并\25杭州\1185_-1.5000.jpg,-1.5,0.54,411.0226745605469,640,480,inferred_missing_right,-0.27595618963241575,0.6,259,320.0,26.182682037353516,437.2053565979004,231.69401931762695,411.0226745605469,411.0226745605469,1,,,"[[0, 58]]",
1248,train,25杭州,1186,E:\桌面\v-Net\dataset\26合并\25杭州\1186_-1.5000.jpg,-1.5,0.54,411.0226745605469,640,480,insufficient_yellow_edges,,0.0,259,320.0,,,,,,0,,,[],
1249,train,25杭州,1187,E:\桌面\v-Net\dataset\26合并\25杭州\1187_-1.5000.jpg,-1.5,0.54,411.0226745605469,640,480,insufficient_yellow_edges,,0.0,259,320.0,,,,,,0,,,[],
1250,train,25杭州,1190,E:\桌面\v-Net\dataset\26合并\25杭州\1190_1.6400.jpg,1.64,0.54,411.0226745605469,640,480,insufficient_yellow_edges,,0.0,259,320.0,,,,,,0,,,[],
1251,train,25杭州,1191,E:\桌面\v-Net\dataset\26合并\25杭州\1191_1.6400.jpg,1.64,0.54,411.0226745605469,640,480,insufficient_yellow_edges,,0.0,259,320.0,,,,,,0,,,[],
1252,train,25杭州,1192,E:\桌面\v-Net\dataset\26合并\25杭州\1192_1.6400.jpg,1.64,0.54,411.0226745605469,640,480,insufficient_yellow_edges,,0.0,259,320.0,,,,,,0,,,[],
1253,train,25杭州,1193,E:\桌面\v-Net\dataset\26合并\25杭州\1193_1.6400.jpg,1.64,0.54,411.0226745605469,640,480,insufficient_yellow_edges,,0.0,259,320.0,,,,,,0,,,[],
1254,train,25杭州,1194,E:\桌面\v-Net\dataset\26合并\25杭州\1194_1.6400.jpg,1.64,0.54,411.0226745605469,640,480,insufficient_yellow_edges,,0.0,259,320.0,,,,,,0,,,[],
1255,train,25杭州,1195,E:\桌面\v-Net\dataset\26合并\25杭州\1195_1.6400.jpg,1.64,0.54,411.0226745605469,640,480,insufficient_yellow_edges,,0.0,259,320.0,,,,,,0,,,[],
1256,train,25杭州,1196,E:\桌面\v-Net\dataset\26合并\25杭州\1196_1.6400.jpg,1.64,0.54,411.0226745605469,640,480,insufficient_yellow_edges,,0.0,259,320.0,,,,,,0,,,[],
1257,train,25杭州,1198,E:\桌面\v-Net\dataset\26合并\25杭州\1198_1.6400.jpg,1.64,0.54,411.0226745605469,640,480,insufficient_yellow_edges,,0.0,259,320.0,,,,,,0,,,[],
1258,train,25杭州,1200,E:\桌面\v-Net\dataset\26合并\25杭州\1200_1.6400.jpg,1.64,0.54,411.0226745605469,640,480,insufficient_yellow_edges,,0.0,259,320.0,,,,,,0,,,[],
1259,train,25杭州,1201,E:\桌面\v-Net\dataset\26合并\25杭州\1201_1.6400.jpg,1.64,0.54,411.0226745605469,640,480,insufficient_yellow_edges,,0.0,259,320.0,,,,,,0,,,[],
1260,train,25杭州,1203,E:\桌面\v-Net\dataset\26合并\25杭州\1203_1.6400.jpg,1.64,0.54,411.0226745605469,640,480,insufficient_yellow_edges,,0.0,259,320.0,,,,,,0,,,[],
1261,train,25杭州,1204,E:\桌面\v-Net\dataset\26合并\25杭州\1204_1.6400.jpg,1.64,0.54,411.0226745605469,640,480,inferred_missing_right,-0.33791272938251493,0.6,259,320.0,6.356589317321777,417.37926387786865,211.86792659759521,411.0226745605469,411.0226745605469,1,,,"[[0, 14]]",
1262,train,25杭州,1205,E:\桌面\v-Net\dataset\26合并\25杭州\1205_1.6400.jpg,1.64,0.54,411.0226745605469,640,480,inferred_missing_right,-0.31342732310295107,0.6,259,320.0,14.191919326782227,425.2145938873291,219.70325660705566,411.0226745605469,411.0226745605469,1,,,"[[0, 29]]",
1263,train,25杭州,1206,E:\桌面\v-Net\dataset\26合并\25杭州\1206_1.6400.jpg,1.64,0.54,411.0226745605469,640,480,inferred_missing_right,-0.2385374665260315,0.6,259,320.0,38.156673431396484,449.17934799194336,243.66801071166992,411.0226745605469,411.0226745605469,1,,,"[[18, 57]]",
1264,train,25杭州,1207,E:\桌面\v-Net\dataset\26合并\25杭州\1207_1.6400.jpg,1.64,0.54,411.0226745605469,640,480,inferred_missing_right,-0.19384413957595825,0.6,259,320.0,52.45853805541992,463.4812126159668,257.96987533569336,411.0226745605469,411.0226745605469,1,,,"[[33, 70]]",
1265,train,25杭州,1208,E:\桌面\v-Net\dataset\26合并\25杭州\1208_0.0000.jpg,0.0,0.54,411.0226745605469,640,480,inferred_missing_right,-0.10509850978851318,0.6,259,320.0,80.85713958740234,491.8798141479492,286.3684768676758,411.0226745605469,411.0226745605469,1,,,"[[65, 96]]",
1266,train,25杭州,1209,E:\桌面\v-Net\dataset\26合并\25杭州\1209_0.0000.jpg,0.0,0.54,411.0226745605469,640,480,insufficient_yellow_edges,,0.0,259,320.0,,,,,,0,,,[],
1267,train,25杭州,1210,E:\桌面\v-Net\dataset\26合并\25杭州\1210_-1.5000.jpg,-1.5,0.54,411.0226745605469,640,480,ok,0.0649634838104248,1.0,259,320.0,230.9464111328125,450.6302185058594,340.78831481933594,219.68380737304688,,3,"[206, 255]","[436, 466]","[[40, 88], [206, 255], [436, 466]]",
1268,train,25杭州,1214,E:\桌面\v-Net\dataset\26合并\25杭州\1214_0.0000.jpg,0.0,0.54,411.0226745605469,640,480,insufficient_yellow_edges,,0.0,259,320.0,,,,,,0,,,[],
1269,train,25杭州,1215,E:\桌面\v-Net\dataset\26合并\25杭州\1215_0.0000.jpg,0.0,0.54,411.0226745605469,640,480,insufficient_yellow_edges,,0.0,259,320.0,,,,,,0,,,[],
1270,train,25杭州,1217,E:\桌面\v-Net\dataset\26合并\25杭州\1217_0.0000.jpg,0.0,0.54,411.0226745605469,640,480,insufficient_yellow_edges,,0.0,259,320.0,,,,,,0,,,[],
1271,train,25杭州,1218,E:\桌面\v-Net\dataset\26合并\25杭州\1218_0.0000.jpg,0.0,0.54,411.0226745605469,640,480,insufficient_yellow_edges,,0.0,259,320.0,,,,,,0,,,[],
1272,train,25杭州,1219,E:\桌面\v-Net\dataset\26合并\25杭州\1219_0.0000.jpg,0.0,0.54,411.0226745605469,640,480,insufficient_yellow_edges,,0.0,259,320.0,,,,,,0,,,[],
1273,train,25杭州,1220,E:\桌面\v-Net\dataset\26合并\25杭州\1220_0.0000.jpg,0.0,0.54,411.0226745605469,640,480,insufficient_yellow_edges,,0.0,259,320.0,,,,,,0,,,[],
1274,train,25杭州,1221,E:\桌面\v-Net\dataset\26合并\25杭州\1221_-1.5000.jpg,-1.5,0.54,411.0226745605469,640,480,ok,-0.002398848533630371,1.0,259,320.0,216.3712921142578,422.09344482421875,319.2323684692383,205.72215270996094,,3,"[199, 229]","[417, 427]","[[15, 63], [199, 229], [417, 427]]",
1275,train,25杭州,1222,E:\桌面\v-Net\dataset\26合并\25杭州\1222_1.5000.jpg,1.5,0.54,411.0226745605469,640,480,insufficient_yellow_edges,,0.0,259,320.0,,,,,,0,,,[],
1276,train,25杭州,1223,E:\桌面\v-Net\dataset\26合并\25杭州\1223_1.5000.jpg,1.5,0.54,411.0226745605469,640,480,insufficient_yellow_edges,,0.0,259,320.0,,,,,,0,,,[],
1277,train,25杭州,1224,E:\桌面\v-Net\dataset\26合并\25杭州\1224_1.5000.jpg,1.5,0.54,411.0226745605469,640,480,insufficient_yellow_edges,,0.0,259,320.0,,,,,,0,,,[],
1278,train,25杭州,1225,E:\桌面\v-Net\dataset\26合并\25杭州\1225_1.5000.jpg,1.5,0.54,411.0226745605469,640,480,insufficient_yellow_edges,,0.0,259,320.0,,,,,,0,,,[],
1279,train,25杭州,1226,E:\桌面\v-Net\dataset\26合并\25杭州\1226_1.5000.jpg,1.5,0.54,411.0226745605469,640,480,insufficient_yellow_edges,,0.0,259,320.0,,,,,,0,,,[],
1280,train,25杭州,1227,E:\桌面\v-Net\dataset\26合并\25杭州\1227_1.5000.jpg,1.5,0.54,411.0226745605469,640,480,insufficient_yellow_edges,,0.0,259,320.0,,,,,,0,,,[],
1281,train,25杭州,1229,E:\桌面\v-Net\dataset\26合并\25杭州\1229_1.5000.jpg,1.5,0.54,411.0226745605469,640,480,insufficient_yellow_edges,,0.0,259,320.0,,,,,,0,,,[],
1282,train,25杭州,1230,E:\桌面\v-Net\dataset\26合并\25杭州\1230_1.5000.jpg,1.5,0.54,411.0226745605469,640,480,insufficient_yellow_edges,,0.0,259,320.0,,,,,,0,,,[],
1283,train,25杭州,1234,E:\桌面\v-Net\dataset\26合并\25杭州\1234_1.5000.jpg,1.5,0.54,411.0226745605469,640,480,inferred_missing_left,-0.36028027534484863,0.6,259,320.0,0.0,409.4206237792969,204.71031188964844,409.4206237792969,411.0226745605469,1,,,"[[401, 419]]",
1284,train,25杭州,1235,E:\桌面\v-Net\dataset\26合并\25杭州\1235_1.5000.jpg,1.5,0.54,411.0226745605469,640,480,ok,-0.2810352548956871,1.0,259,320.0,8.512711524963379,451.6247253417969,230.06871843338013,443.1120138168335,,2,"[0, 20]","[438, 470]","[[0, 20], [438, 470]]",
1285,train,25杭州,1236,E:\桌面\v-Net\dataset\26合并\25杭州\1236_1.5000.jpg,1.5,0.54,411.0226745605469,640,480,ok,-0.22924983501434326,1.0,259,320.0,16.907608032226562,476.37249755859375,246.64005279541016,459.4648895263672,,2,"[0, 39]","[459, 498]","[[0, 39], [459, 498]]",
1286,train,25杭州,1237,E:\桌面\v-Net\dataset\26合并\25杭州\1237_1.5000.jpg,1.5,0.54,411.0226745605469,640,480,ok,-0.11654233932495117,1.0,259,320.0,34.56097412109375,530.8519287109375,282.7064514160156,496.29095458984375,,2,"[0, 76]","[504, 558]","[[0, 76], [504, 558]]",
1287,train,25杭州,1238,E:\桌面\v-Net\dataset\26合并\25杭州\1238_1.5000.jpg,1.5,0.54,411.0226745605469,640,480,ok,-0.04854437112808228,1.0,259,320.0,47.131065368652344,561.800537109375,304.4658012390137,514.6694717407227,,2,"[0, 96]","[533, 588]","[[0, 96], [533, 588]]",
1288,train,25杭州,1239,E:\桌面\v-Net\dataset\26合并\25杭州\1239_1.5000.jpg,1.5,0.54,411.0226745605469,640,480,ok,0.10247365236282349,1.0,259,320.0,83.47193145751953,622.1112060546875,352.7915687561035,538.639274597168,,2,"[31, 137]","[601, 639]","[[31, 137], [601, 639]]",
1289,train,25杭州,1240,E:\桌面\v-Net\dataset\26合并\25杭州\1240_1.5000.jpg,1.5,0.54,411.0226745605469,640,480,inferred_missing_right,-0.024767255783081053,0.6,259,320.0,106.56314086914062,517.5858154296875,312.07447814941406,411.0226745605469,411.0226745605469,1,,,"[[51, 162]]",
1290,train,25杭州,1241,E:\桌面\v-Net\dataset\26合并\25杭州\1241_1.5000.jpg,1.5,0.54,411.0226745605469,640,480,inferred_missing_right,0.11235489845275878,0.6,259,320.0,150.44223022460938,561.4649047851562,355.9535675048828,411.0226745605469,411.0226745605469,1,,,"[[91, 208]]",
1291,train,25杭州,1242,E:\桌面\v-Net\dataset\26合并\25杭州\1242_-1.5000.jpg,-1.5,0.54,411.0226745605469,640,480,inferred_missing_right,0.19294509887695313,0.6,259,320.0,176.23109436035156,587.2537689208984,381.742431640625,411.0226745605469,411.0226745605469,1,,,"[[115, 234]]",
1292,train,25杭州,1243,E:\桌面\v-Net\dataset\26合并\25杭州\1243_-1.5000.jpg,-1.5,0.54,411.0226745605469,640,480,ok,-0.02316405773162842,1.0,259,320.0,248.8628692626953,376.3121337890625,312.5875015258789,127.44926452636719,,3,"[229, 272]","[359, 394]","[[0, 15], [229, 272], [359, 394]]",
1293,train,25杭州,1245,E:\桌面\v-Net\dataset\26合并\25杭州\1245_-1.5000.jpg,-1.5,0.54,411.0226745605469,640,480,inferred_missing_right,0.3806681871414185,0.6,259,320.0,244.6276397705078,639.0,441.8138198852539,394.3723602294922,411.0226745605469,1,,,"[[181, 312]]",
1294,train,25杭州,1247,E:\桌面\v-Net\dataset\26合并\25杭州\1247_-1.5000.jpg,-1.5,0.54,411.0226745605469,640,480,inferred_missing_right,0.4708625316619873,0.6,259,320.0,302.3520202636719,639.0,470.67601013183594,336.6479797363281,411.0226745605469,1,,,"[[243, 361]]",
1295,train,25杭州,1248,E:\桌面\v-Net\dataset\26合并\25杭州\1248_-1.5000.jpg,-1.5,0.54,411.0226745605469,640,480,inferred_missing_left,-0.4899596691131592,0.6,259,320.0,0.0,326.4258117675781,163.21290588378906,326.4258117675781,411.0226745605469,1,,,"[[273, 379]]",
1296,train,25杭州,1249,E:\桌面\v-Net\dataset\26合并\25杭州\1249_-1.5000.jpg,-1.5,0.54,411.0226745605469,640,480,inferred_missing_left,-0.47686128616333007,0.6,259,320.0,0.0,334.80877685546875,167.40438842773438,334.80877685546875,411.0226745605469,1,,,"[[284, 385]]",
1297,train,25杭州,1250,E:\桌面\v-Net\dataset\26合并\25杭州\1250_-1.5000.jpg,-1.5,0.54,411.0226745605469,640,480,inferred_missing_left,-0.46351919174194334,0.6,259,320.0,0.0,343.34771728515625,171.67385864257812,343.34771728515625,411.0226745605469,1,,,"[[298, 387]]",
1298,train,25杭州,1253,E:\桌面\v-Net\dataset\26合并\25杭州\1253_-1.5000.jpg,-1.5,0.54,411.0226745605469,640,480,inferred_missing_left,-0.4698775291442871,0.6,259,320.0,0.0,339.27838134765625,169.63919067382812,339.27838134765625,411.0226745605469,1,,,"[[309, 367]]",
1299,train,25杭州,1254,E:\桌面\v-Net\dataset\26合并\25杭州\1254_-1.5000.jpg,-1.5,0.54,411.0226745605469,640,480,ok,-0.06132786273956299,1.0,259,320.0,236.39646911621094,364.35369873046875,300.37508392333984,127.95722961425781,,2,"[213, 258]","[347, 382]","[[213, 258], [347, 382]]",
1300,train,25杭州,1255,E:\桌面\v-Net\dataset\26合并\25杭州\1255_-1.5000.jpg,-1.5,0.54,411.0226745605469,640,480,inferred_missing_left,-0.4892319679260254,0.6,259,320.0,0.0,326.89154052734375,163.44577026367188,326.89154052734375,411.0226745605469,1,,,"[[303, 349]]",
1301,train,25杭州,1257,E:\桌面\v-Net\dataset\26合并\25杭州\1257_-1.5000.jpg,-1.5,0.54,411.0226745605469,640,480,ok,0.45718111991882326,1.0,259,320.0,297.4625549316406,635.1333618164062,466.29795837402344,337.6708068847656,,2,"[278, 315]","[630, 639]","[[278, 315], [630, 639]]",
1302,train,25杭州,1259,E:\桌面\v-Net\dataset\26合并\25杭州\1259_-1.5000.jpg,-1.5,0.54,411.0226745605469,640,480,ok,0.3585301637649536,1.0,259,320.0,253.8188018798828,615.6405029296875,434.72965240478516,361.8217010498047,,2,"[235, 272]","[589, 639]","[[235, 272], [589, 639]]",
1303,train,25杭州,1260,E:\桌面\v-Net\dataset\26合并\25杭州\1260_-1.5000.jpg,-1.5,0.54,411.0226745605469,640,480,ok,0.31259114742279054,1.0,259,320.0,235.6589813232422,604.3993530273438,420.02916717529297,368.74037170410156,,2,"[214, 256]","[576, 632]","[[214, 256], [576, 632]]",
1304,train,25杭州,1262,E:\桌面\v-Net\dataset\26合并\25杭州\1262_-1.5000.jpg,-1.5,0.54,411.0226745605469,640,480,ok,0.13537755012512206,1.0,259,320.0,163.10549926757812,563.5361328125,363.32081604003906,400.4306335449219,,2,"[124, 197]","[534, 594]","[[124, 197], [534, 594]]",
1305,train,25杭州,1263,E:\桌面\v-Net\dataset\26合并\25杭州\1263_-1.5000.jpg,-1.5,0.54,411.0226745605469,640,480,ok,-0.044243812561035156,1.0,259,320.0,74.099853515625,537.5841064453125,305.84197998046875,463.4842529296875,,2,"[0, 140]","[508, 568]","[[0, 140], [508, 568]]",
1306,train,25杭州,1264,E:\桌面\v-Net\dataset\26合并\25杭州\1264_-1.5000.jpg,-1.5,0.54,411.0226745605469,640,480,narrow_lane_width,,0.0,259,320.0,273.8025817871094,337.22052001953125,,63.417938232421875,,3,,,"[[206, 227], [264, 285], [320, 355]]",
1307,train,25杭州,1266,E:\桌面\v-Net\dataset\26合并\25杭州\1266_0.0000.jpg,0.0,0.54,411.0226745605469,640,480,insufficient_yellow_edges,,0.0,259,320.0,,,,,,2,,,"[[79, 124], [167, 200]]",
1308,train,25杭州,1268,E:\桌面\v-Net\dataset\26合并\25杭州\1268_-1.5000.jpg,-1.5,0.54,411.0226745605469,640,480,inferred_missing_right,0.38107283115386964,0.6,259,320.0,244.88661193847656,639.0,441.9433059692383,394.11338806152344,411.0226745605469,1,,,"[[211, 284]]",
1309,train,25杭州,1270,E:\桌面\v-Net\dataset\26合并\25杭州\1270_-1.5000.jpg,-1.5,0.54,411.0226745605469,640,480,inferred_missing_right,0.2957773208618164,0.6,259,320.0,209.1374053955078,620.1600799560547,414.64874267578125,411.0226745605469,411.0226745605469,1,,,"[[183, 238]]",
1310,train,25杭州,1273,E:\桌面\v-Net\dataset\26合并\25杭州\1273_-1.5000.jpg,-1.5,0.54,411.0226745605469,640,480,inferred_missing_right,-0.12759766578674317,0.6,259,320.0,73.65740966796875,484.6800842285156,279.1687469482422,411.0226745605469,411.0226745605469,1,,,"[[43, 106]]",
1311,train,25杭州,1274,E:\桌面\v-Net\dataset\26合并\25杭州\1274_-1.5000.jpg,-1.5,0.54,411.0226745605469,640,480,inferred_missing_right,-0.22893157005310058,0.6,259,320.0,41.230560302734375,452.25323486328125,246.7418975830078,411.0226745605469,411.0226745605469,1,,,"[[10, 74]]",
1312,train,25杭州,1275,E:\桌面\v-Net\dataset\26合并\25杭州\1275_-1.5000.jpg,-1.5,0.54,411.0226745605469,640,480,insufficient_yellow_edges,,0.0,259,320.0,,,,,,0,,,[],
1313,train,25杭州,1276,E:\桌面\v-Net\dataset\26合并\25杭州\1276_-1.5000.jpg,-1.5,0.54,411.0226745605469,640,480,insufficient_yellow_edges,,0.0,259,320.0,,,,,,0,,,[],
1314,train,25杭州,1277,E:\桌面\v-Net\dataset\26合并\25杭州\1277_-1.5000.jpg,-1.5,0.54,411.0226745605469,640,480,ok,0.03515799045562744,1.0,259,320.0,187.64039611816406,474.8607177734375,331.2505569458008,287.22032165527344,,3,"[179, 195]","[460, 490]","[[78, 124], [179, 195], [460, 490]]",
1315,train,25杭州,1278,E:\桌面\v-Net\dataset\26合并\25杭州\1278_1.6400.jpg,1.64,0.54,411.0226745605469,640,480,insufficient_yellow_edges,,0.0,259,320.0,,,,,,0,,,[],
1316,train,25杭州,1279,E:\桌面\v-Net\dataset\26合并\25杭州\1279_1.6400.jpg,1.64,0.54,411.0226745605469,640,480,insufficient_yellow_edges,,0.0,259,320.0,,,,,,0,,,[],
1317,train,25杭州,1280,E:\桌面\v-Net\dataset\26合并\25杭州\1280_1.6400.jpg,1.64,0.54,411.0226745605469,640,480,insufficient_yellow_edges,,0.0,259,320.0,,,,,,0,,,[],
1318,train,25杭州,1283,E:\桌面\v-Net\dataset\26合并\25杭州\1283_1.6400.jpg,1.64,0.54,411.0226745605469,640,480,insufficient_yellow_edges,,0.0,259,320.0,,,,,,0,,,[],
1319,train,25杭州,1284,E:\桌面\v-Net\dataset\26合并\25杭州\1284_1.6400.jpg,1.64,0.54,411.0226745605469,640,480,insufficient_yellow_edges,,0.0,259,320.0,,,,,,0,,,[],
1320,train,25杭州,1285,E:\桌面\v-Net\dataset\26合并\25杭州\1285_1.6400.jpg,1.64,0.54,411.0226745605469,640,480,insufficient_yellow_edges,,0.0,259,320.0,,,,,,0,,,[],
1321,train,25杭州,1287,E:\桌面\v-Net\dataset\26合并\25杭州\1287_1.6400.jpg,1.64,0.54,411.0226745605469,640,480,insufficient_yellow_edges,,0.0,259,320.0,,,,,,0,,,[],
1322,train,25杭州,1289,E:\桌面\v-Net\dataset\26合并\25杭州\1289_1.6400.jpg,1.64,0.54,411.0226745605469,640,480,insufficient_yellow_edges,,0.0,259,320.0,,,,,,0,,,[],
1323,train,25杭州,1290,E:\桌面\v-Net\dataset\26合并\25杭州\1290_1.6400.jpg,1.64,0.54,411.0226745605469,640,480,insufficient_yellow_edges,,0.0,259,320.0,,,,,,0,,,[],
1324,train,25杭州,1292,E:\桌面\v-Net\dataset\26合并\25杭州\1292_1.6400.jpg,1.64,0.54,411.0226745605469,640,480,insufficient_yellow_edges,,0.0,259,320.0,,,,,,0,,,[],
1325,train,25杭州,1296,E:\桌面\v-Net\dataset\26合并\25杭州\1296_1.6400.jpg,1.64,0.54,411.0226745605469,640,480,inferred_missing_right,-0.14476299285888672,0.6,259,320.0,68.16450500488281,479.1871795654297,273.67584228515625,411.0226745605469,411.0226745605469,1,,,"[[47, 88]]",
1326,train,25杭州,1299,E:\桌面\v-Net\dataset\26合并\25杭州\1299_-1.5000.jpg,-1.5,0.54,411.0226745605469,640,480,ok,0.08955612182617187,1.0,259,320.0,238.04647827148438,459.2694396972656,348.657958984375,221.22296142578125,,3,"[219, 263]","[441, 477]","[[54, 101], [219, 263], [441, 477]]",
1327,train,25杭州,1300,E:\桌面\v-Net\dataset\26合并\25杭州\1300_0.0000.jpg,0.0,0.54,411.0226745605469,640,480,insufficient_yellow_edges,,0.0,259,320.0,,,,,,0,,,[],
1328,train,25杭州,1302,E:\桌面\v-Net\dataset\26合并\25杭州\1302_0.0000.jpg,0.0,0.54,411.0226745605469,640,480,insufficient_yellow_edges,,0.0,259,320.0,,,,,,0,,,[],
1329,train,25杭州,1303,E:\桌面\v-Net\dataset\26合并\25杭州\1303_0.0000.jpg,0.0,0.54,411.0226745605469,640,480,insufficient_yellow_edges,,0.0,259,320.0,,,,,,0,,,[],
1330,train,25杭州,1304,E:\桌面\v-Net\dataset\26合并\25杭州\1304_0.0000.jpg,0.0,0.54,411.0226745605469,640,480,insufficient_yellow_edges,,0.0,259,320.0,,,,,,0,,,[],
1331,train,25杭州,1306,E:\桌面\v-Net\dataset\26合并\25杭州\1306_0.0000.jpg,0.0,0.54,411.0226745605469,640,480,insufficient_yellow_edges,,0.0,259,320.0,,,,,,0,,,[],
1332,train,25杭州,1308,E:\桌面\v-Net\dataset\26合并\25杭州\1308_0.0000.jpg,0.0,0.54,411.0226745605469,640,480,insufficient_yellow_edges,,0.0,259,320.0,,,,,,0,,,[],
1333,train,25杭州,1310,E:\桌面\v-Net\dataset\26合并\25杭州\1310_-1.5000.jpg,-1.5,0.54,411.0226745605469,640,480,ok,0.03701939582824707,1.0,259,320.0,222.70114135742188,440.99127197265625,331.84620666503906,218.29013061523438,,3,"[196, 244]","[425, 457]","[[30, 77], [196, 244], [425, 457]]",
1334,train,25杭州,1311,E:\桌面\v-Net\dataset\26合并\25杭州\1311_1.5000.jpg,1.5,0.54,411.0226745605469,640,480,insufficient_yellow_edges,,0.0,259,320.0,,,,,,0,,,[],
1335,train,25杭州,1312,E:\桌面\v-Net\dataset\26合并\25杭州\1312_1.5000.jpg,1.5,0.54,411.0226745605469,640,480,insufficient_yellow_edges,,0.0,259,320.0,,,,,,0,,,[],
1336,train,25杭州,1313,E:\桌面\v-Net\dataset\26合并\25杭州\1313_1.5000.jpg,1.5,0.54,411.0226745605469,640,480,insufficient_yellow_edges,,0.0,259,320.0,,,,,,0,,,[],
1337,train,25杭州,1314,E:\桌面\v-Net\dataset\26合并\25杭州\1314_1.5000.jpg,1.5,0.54,411.0226745605469,640,480,insufficient_yellow_edges,,0.0,259,320.0,,,,,,0,,,[],
1338,train,25杭州,1316,E:\桌面\v-Net\dataset\26合并\25杭州\1316_1.5000.jpg,1.5,0.54,411.0226745605469,640,480,insufficient_yellow_edges,,0.0,259,320.0,,,,,,0,,,[],
1339,train,25杭州,1319,E:\桌面\v-Net\dataset\26合并\25杭州\1319_1.5000.jpg,1.5,0.54,411.0226745605469,640,480,insufficient_yellow_edges,,0.0,259,320.0,,,,,,0,,,[],
1340,train,25杭州,1321,E:\桌面\v-Net\dataset\26合并\25杭州\1321_-1.5000.jpg,-1.5,0.54,411.0226745605469,640,480,ok,0.007697844505310058,1.0,259,320.0,214.5889129638672,430.33770751953125,322.4633102416992,215.74879455566406,,3,"[194, 230]","[415, 445]","[[16, 62], [194, 230], [415, 445]]",
1341,train,25杭州,1322,E:\桌面\v-Net\dataset\26合并\25杭州\1322_1.5000.jpg,1.5,0.54,411.0226745605469,640,480,insufficient_yellow_edges,,0.0,259,320.0,,,,,,0,,,[],
1342,train,25杭州,1323,E:\桌面\v-Net\dataset\26合并\25杭州\1323_1.5000.jpg,1.5,0.54,411.0226745605469,640,480,inferred_missing_left,-0.3616586685180664,0.6,259,320.0,0.0,408.5384521484375,204.26922607421875,408.5384521484375,411.0226745605469,1,,,"[[402, 415]]",
1343,train,25杭州,1324,E:\桌面\v-Net\dataset\26合并\25杭州\1324_1.5000.jpg,1.5,0.54,411.0226745605469,640,480,ok,-0.282203871011734,1.0,259,320.0,9.89236068725586,449.4971618652344,229.69476127624512,439.6048011779785,,2,"[0, 23]","[437, 466]","[[0, 23], [437, 466]]",
1344,train,25杭州,1325,E:\桌面\v-Net\dataset\26合并\25杭州\1325_1.5000.jpg,1.5,0.54,411.0226745605469,640,480,ok,-0.23485746681690217,1.0,259,320.0,17.623655319213867,472.06756591796875,244.8456106185913,454.4439105987549,,2,"[0, 40]","[456, 493]","[[0, 40], [456, 493]]",
1345,train,25杭州,1328,E:\桌面\v-Net\dataset\26合并\25杭州\1328_1.5000.jpg,1.5,0.54,411.0226745605469,640,480,ok,0.10114588737487792,1.0,259,320.0,86.92538452148438,617.8079833984375,352.36668395996094,530.8825988769531,,2,"[35, 139]","[592, 639]","[[35, 139], [592, 639]]",
1346,train,25杭州,1329,E:\桌面\v-Net\dataset\26合并\25杭州\1329_1.5000.jpg,1.5,0.54,411.0226745605469,640,480,ok,0.15547207593917847,1.0,259,320.0,105.21800994873047,634.2841186523438,369.7510643005371,529.0661087036133,,2,"[51, 159]","[627, 639]","[[51, 159], [627, 639]]",
1347,train,25杭州,1330,E:\桌面\v-Net\dataset\26合并\25杭州\1330_1.5000.jpg,1.5,0.54,411.0226745605469,640,480,inferred_missing_right,0.126029109954834,0.6,259,320.0,154.81797790527344,565.8406524658203,360.3293151855469,411.0226745605469,411.0226745605469,1,,,"[[97, 211]]",
1348,train,25杭州,1331,E:\桌面\v-Net\dataset\26合并\25杭州\1331_-1.5000.jpg,-1.5,0.54,411.0226745605469,640,480,inferred_missing_right,0.20649280548095703,0.6,259,320.0,180.5663604736328,591.5890350341797,386.07769775390625,411.0226745605469,411.0226745605469,1,,,"[[122, 236]]",
1349,train,25杭州,1332,E:\桌面\v-Net\dataset\26合并\25杭州\1332_-1.5000.jpg,-1.5,0.54,411.0226745605469,640,480,ok,0.0045604705810546875,1.0,259,320.0,256.46026611328125,386.45843505859375,321.4593505859375,129.9981689453125,,3,"[243, 275]","[372, 401]","[[0, 33], [243, 275], [372, 401]]",
1350,train,25杭州,1333,E:\桌面\v-Net\dataset\26合并\25杭州\1333_-1.5000.jpg,-1.5,0.54,411.0226745605469,640,480,inferred_missing_right,0.35530040264129636,0.6,259,320.0,228.3922576904297,639.0,433.69612884521484,410.6077423095703,411.0226745605469,1,,,"[[170, 292]]",
1351,train,25杭州,1336,E:\桌面\v-Net\dataset\26合并\25杭州\1336_-1.5000.jpg,-1.5,0.54,411.0226745605469,640,480,inferred_missing_right,0.46697211265563965,0.6,259,320.0,299.8621520996094,639.0,469.4310760498047,339.1378479003906,411.0226745605469,1,,,"[[243, 356]]",
1352,train,25杭州,1337,E:\桌面\v-Net\dataset\26合并\25杭州\1337_-1.5000.jpg,-1.5,0.54,411.0226745605469,640,480,inferred_missing_left,-0.4885437488555908,0.6,259,320.0,0.0,327.3320007324219,163.66600036621094,327.3320007324219,411.0226745605469,1,,,"[[275, 379]]",
1353,train,25杭州,1338,E:\桌面\v-Net\dataset\26合并\25杭州\1338_-1.5000.jpg,-1.5,0.54,411.0226745605469,640,480,inferred_missing_left,-0.47427144050598147,0.6,259,320.0,0.0,336.4662780761719,168.23313903808594,336.4662780761719,411.0226745605469,1,,,"[[286, 386]]",
1354,train,25杭州,1339,E:\桌面\v-Net\dataset\26合并\25杭州\1339_-1.5000.jpg,-1.5,0.54,411.0226745605469,640,480,inferred_missing_left,-0.4601752758026123,0.6,259,320.0,0.0,345.4878234863281,172.74391174316406,345.4878234863281,411.0226745605469,1,,,"[[301, 389]]",
1355,train,25杭州,1340,E:\桌面\v-Net\dataset\26合并\25杭州\1340_-1.5000.jpg,-1.5,0.54,411.0226745605469,640,480,inferred_missing_left,-0.4585597515106201,0.6,259,320.0,0.0,346.5217590332031,173.26087951660156,346.5217590332031,411.0226745605469,1,,,"[[304, 387]]",
1356,train,25杭州,1341,E:\桌面\v-Net\dataset\26合并\25杭州\1341_-1.5000.jpg,-1.5,0.54,411.0226745605469,640,480,inferred_missing_left,-0.4654260158538818,0.6,259,320.0,0.0,342.1273498535156,171.0636749267578,342.1273498535156,411.0226745605469,1,,,"[[307, 373]]",
1357,train,25杭州,1343,E:\桌面\v-Net\dataset\26合并\25杭州\1343_-1.5000.jpg,-1.5,0.54,411.0226745605469,640,480,ok,-0.031476926803588864,1.0,259,320.0,246.5838623046875,373.2709045410156,309.92738342285156,126.68704223632812,,3,"[227, 271]","[356, 390]","[[0, 15], [227, 271], [356, 390]]",
1358,train,25杭州,1344,E:\桌面\v-Net\dataset\26合并\25杭州\1344_-1.5000.jpg,-1.5,0.54,411.0226745605469,640,480,inferred_missing_left,-0.4898507595062256,0.6,259,320.0,0.0,326.4955139160156,163.2477569580078,326.4955139160156,411.0226745605469,1,,,"[[303, 349]]",
1359,train,25杭州,1346,E:\桌面\v-Net\dataset\26合并\25杭州\1346_-1.5000.jpg,-1.5,0.54,411.0226745605469,640,480,ok,0.45209312438964844,1.0,259,320.0,295.00628662109375,634.3333129882812,464.6697998046875,339.3270263671875,,2,"[277, 312]","[628, 639]","[[277, 312], [628, 639]]",
1360,train,25杭州,1347,E:\桌面\v-Net\dataset\26合并\25杭州\1347_-1.5000.jpg,-1.5,0.54,411.0226745605469,640,480,ok,0.4231370449066162,1.0,259,320.0,281.4220275878906,629.3856811523438,455.4038543701172,347.9636535644531,,2,"[264, 298]","[615, 639]","[[264, 298], [615, 639]]",
1361,train,25杭州,1348,E:\桌面\v-Net\dataset\26合并\25杭州\1348_-1.5000.jpg,-1.5,0.54,411.0226745605469,640,480,ok,0.3462876558303833,1.0,259,320.0,249.0409698486328,612.5831298828125,430.81204986572266,363.5421600341797,,2,"[230, 268]","[586, 639]","[[230, 268], [586, 639]]",
1362,train,25杭州,1349,E:\桌面\v-Net\dataset\26合并\25杭州\1349_-1.5000.jpg,-1.5,0.54,411.0226745605469,640,480,ok,0.29259703159332273,1.0,259,320.0,229.23915100097656,598.02294921875,413.6310501098633,368.78379821777344,,2,"[206, 251]","[570, 626]","[[206, 251], [570, 626]]",
1363,train,25杭州,1350,E:\桌面\v-Net\dataset\26合并\25杭州\1350_-1.5000.jpg,-1.5,0.54,411.0226745605469,640,480,ok,0.17456908226013185,1.0,259,320.0,181.24795532226562,570.4762573242188,375.8621063232422,389.2283020019531,,2,"[149, 210]","[541, 599]","[[149, 210], [541, 599]]",
1364,train,25杭州,1351,E:\桌面\v-Net\dataset\26合并\25杭州\1351_-1.5000.jpg,-1.5,0.54,411.0226745605469,640,480,ok,0.10503561496734619,1.0,259,320.0,150.1193389892578,557.1034545898438,353.6113967895508,406.98411560058594,,2,"[108, 186]","[527, 587]","[[108, 186], [527, 587]]",
1365,train,25杭州,1352,E:\桌面\v-Net\dataset\26合并\25杭州\1352_-1.5000.jpg,-1.5,0.54,411.0226745605469,640,480,ok,-0.08505036830902099,1.0,259,320.0,59.58839416503906,525.9793701171875,292.7838821411133,466.39097595214844,,2,"[0, 123]","[494, 557]","[[0, 123], [494, 557]]",
1366,train,25杭州,1353,E:\桌面\v-Net\dataset\26合并\25杭州\1353_-1.5000.jpg,-1.5,0.54,411.0226745605469,640,480,ok,-0.10923020839691162,1.0,259,320.0,222.07142639160156,348.021240234375,285.0463333129883,125.94981384277344,,2,"[196, 242]","[329, 367]","[[196, 242], [329, 367]]",
1367,train,25杭州,1354,E:\桌面\v-Net\dataset\26合并\25杭州\1354_-1.5000.jpg,-1.5,0.54,411.0226745605469,640,480,narrow_lane_width,,0.0,259,320.0,267.3666687011719,334.9057922363281,,67.53912353515625,,3,,,"[[196, 226], [261, 274], [316, 355]]",
1368,train,25杭州,1357,E:\桌面\v-Net\dataset\26合并\25杭州\1357_1.5100.jpg,1.51,0.54,411.0226745605469,640,480,insufficient_yellow_edges,,0.0,259,320.0,,,,,,2,,,"[[378, 429], [454, 639]]",
1369,train,25杭州,1358,E:\桌面\v-Net\dataset\26合并\25杭州\1358_1.5100.jpg,1.51,0.54,411.0226745605469,640,480,insufficient_yellow_edges,,0.0,259,320.0,,,,,,2,,,"[[386, 436], [460, 639]]",
1370,train,25杭州,1360,E:\桌面\v-Net\dataset\26合并\25杭州\1360_1.5100.jpg,1.51,0.54,411.0226745605469,640,480,insufficient_yellow_edges,,0.0,259,320.0,,,,,,3,,,"[[412, 461], [482, 599], [614, 639]]",
1371,train,25杭州,1361,E:\桌面\v-Net\dataset\26合并\25杭州\1361_1.5100.jpg,1.51,0.54,411.0226745605469,640,480,insufficient_yellow_edges,,0.0,259,320.0,,,,,,2,,,"[[434, 482], [504, 599]]",
1372,train,25杭州,1362,E:\桌面\v-Net\dataset\26合并\25杭州\1362_1.5100.jpg,1.51,0.54,411.0226745605469,640,480,insufficient_yellow_edges,,0.0,259,320.0,,,,,,2,,,"[[446, 492], [515, 593]]",
1373,train,25杭州,1364,E:\桌面\v-Net\dataset\26合并\25杭州\1364_1.5100.jpg,1.51,0.54,411.0226745605469,640,480,insufficient_yellow_edges,,0.0,259,320.0,,,,,,2,,,"[[481, 525], [548, 639]]",
1374,train,25杭州,1365,E:\桌面\v-Net\dataset\26合并\25杭州\1365_1.5100.jpg,1.51,0.54,411.0226745605469,640,480,insufficient_yellow_edges,,0.0,259,320.0,,,,,,2,,,"[[508, 553], [576, 639]]",
1375,train,25杭州,1366,E:\桌面\v-Net\dataset\26合并\25杭州\1366_1.5100.jpg,1.51,0.54,411.0226745605469,640,480,insufficient_yellow_edges,,0.0,259,320.0,,,,,,2,,,"[[308, 384], [429, 639]]",
1376,train,25杭州,1370,E:\桌面\v-Net\dataset\26合并\25杭州\1370_1.5100.jpg,1.51,0.54,411.0226745605469,640,480,inferred_missing_left,0.3181124210357666,0.6,259,320.0,216.28463745117188,627.3073120117188,421.7959747314453,411.0226745605469,411.0226745605469,1,,,"[[612, 639]]",
1377,train,25杭州,1371,E:\桌面\v-Net\dataset\26合并\25杭州\1371_1.5100.jpg,1.51,0.54,411.0226745605469,640,480,insufficient_yellow_edges,,0.0,259,320.0,,,,,,0,,,[],
1378,train,25杭州,1372,E:\桌面\v-Net\dataset\26合并\25杭州\1372_1.5100.jpg,1.51,0.54,411.0226745605469,640,480,insufficient_yellow_edges,,0.0,259,320.0,,,,,,0,,,[],
1379,train,25杭州,1373,E:\桌面\v-Net\dataset\26合并\25杭州\1373_1.5100.jpg,1.51,0.54,411.0226745605469,640,480,insufficient_yellow_edges,,0.0,259,320.0,,,,,,0,,,[],
1380,train,25杭州,1374,E:\桌面\v-Net\dataset\26合并\25杭州\1374_1.5100.jpg,1.51,0.54,411.0226745605469,640,480,insufficient_yellow_edges,,0.0,259,320.0,,,,,,0,,,[],
1381,train,25杭州,1375,E:\桌面\v-Net\dataset\26合并\25杭州\1375_1.5100.jpg,1.51,0.54,411.0226745605469,640,480,inferred_missing_left,-0.3824721336364746,0.6,259,320.0,0.0,395.21783447265625,197.60891723632812,395.21783447265625,411.0226745605469,1,,,"[[384, 405]]",
1382,train,25杭州,1377,E:\桌面\v-Net\dataset\26合并\25杭州\1377_1.5100.jpg,1.51,0.54,411.0226745605469,640,480,insufficient_yellow_edges,,0.0,259,320.0,,,,,,3,,,"[[308, 382], [411, 432], [443, 639]]",
1383,train,25杭州,1378,E:\桌面\v-Net\dataset\26合并\25杭州\1378_1.5100.jpg,1.51,0.54,411.0226745605469,640,480,inferred_missing_left,-0.22594504356384276,0.6,259,320.0,42.186248779296875,453.20892333984375,247.6975860595703,411.0226745605469,411.0226745605469,1,,,"[[429, 478]]",
1384,train,25杭州,1380,E:\桌面\v-Net\dataset\26合并\25杭州\1380_1.5100.jpg,1.51,0.54,411.0226745605469,640,480,ok,-0.06719894409179687,1.0,259,320.0,29.6143798828125,567.3782958984375,298.496337890625,537.763916015625,,2,"[0, 64]","[540, 593]","[[0, 64], [540, 593]]",
1385,train,25杭州,1381,E:\桌面\v-Net\dataset\26合并\25杭州\1381_1.5100.jpg,1.51,0.54,411.0226745605469,640,480,ok,0.057151681184768675,1.0,259,320.0,50.13762283325195,626.439453125,338.288537979126,576.301830291748,,2,"[0, 99]","[608, 639]","[[0, 99], [608, 639]]",
1386,train,25杭州,1382,E:\桌面\v-Net\dataset\26合并\25杭州\1382_1.5100.jpg,1.51,0.54,411.0226745605469,640,480,inferred_missing_right,-0.14523005485534668,0.6,259,320.0,68.01504516601562,479.0377197265625,273.52638244628906,411.0226745605469,411.0226745605469,1,,,"[[16, 117]]",
1387,train,25杭州,1383,E:\桌面\v-Net\dataset\26合并\25杭州\1383_1.5100.jpg,1.51,0.54,411.0226745605469,640,480,inferred_missing_right,-0.015523743629455567,0.6,259,320.0,109.52106475830078,520.5437393188477,315.0324020385742,411.0226745605469,411.0226745605469,1,,,"[[57, 159]]",
1388,train,25杭州,1386,E:\桌面\v-Net\dataset\26合并\25杭州\1386_-1.6200.jpg,-1.62,0.54,411.0226745605469,640,480,inferred_missing_right,0.23229212760925294,0.6,259,320.0,188.8221435546875,599.8448181152344,394.33348083496094,411.0226745605469,411.0226745605469,1,,,"[[145, 228]]",
1389,train,25杭州,1387,E:\桌面\v-Net\dataset\26合并\25杭州\1387_-1.6200.jpg,-1.62,0.54,411.0226745605469,640,480,inferred_missing_right,0.2764859199523926,0.6,259,320.0,202.9641571044922,613.9868316650391,408.4754943847656,411.0226745605469,411.0226745605469,1,,,"[[170, 233]]",
1390,train,25杭州,1388,E:\桌面\v-Net\dataset\26合并\25杭州\1388_1.5100.jpg,1.51,0.54,411.0226745605469,640,480,insufficient_yellow_edges,,0.0,259,320.0,,,,,,2,,,"[[311, 386], [405, 639]]",
1391,train,25杭州,1389,E:\桌面\v-Net\dataset\26合并\25杭州\1389_-1.6200.jpg,-1.62,0.54,411.0226745605469,640,480,inferred_missing_right,0.28505806922912597,0.6,259,320.0,205.70724487304688,616.7299194335938,411.2185821533203,411.0226745605469,411.0226745605469,1,,,"[[176, 234]]",
1392,train,25杭州,1390,E:\桌面\v-Net\dataset\26合并\25杭州\1390_-1.6200.jpg,-1.62,0.54,411.0226745605469,640,480,inferred_missing_right,0.28358941078186034,0.6,259,320.0,205.23727416992188,616.2599487304688,410.7486114501953,411.0226745605469,411.0226745605469,1,,,"[[181, 228]]",
1393,train,25杭州,1391,E:\桌面\v-Net\dataset\26合并\25杭州\1391_-1.6200.jpg,-1.62,0.54,411.0226745605469,640,480,inferred_missing_right,0.265925931930542,0.6,259,320.0,199.5849609375,610.6076354980469,405.09629821777344,411.0226745605469,411.0226745605469,1,,,"[[176, 221]]",
1394,train,25杭州,1392,E:\桌面\v-Net\dataset\26合并\25杭州\1392_-1.6200.jpg,-1.62,0.54,411.0226745605469,640,480,inferred_missing_right,0.2043686866760254,0.6,259,320.0,179.8866424560547,590.9093170166016,385.3979797363281,411.0226745605469,411.0226745605469,1,,,"[[159, 199]]",
1395,train,25杭州,1393,E:\桌面\v-Net\dataset\26合并\25杭州\1393_-1.6200.jpg,-1.62,0.54,411.0226745605469,640,480,inferred_missing_right,0.1598689079284668,0.6,259,320.0,165.64671325683594,576.6693878173828,371.1580505371094,411.0226745605469,411.0226745605469,1,,,"[[146, 184]]",
1396,train,25杭州,1395,E:\桌面\v-Net\dataset\26合并\25杭州\1395_-1.6200.jpg,-1.62,0.54,411.0226745605469,640,480,ok,0.0617790937423706,1.0,259,320.0,66.46073913574219,613.077880859375,339.7693099975586,546.6171417236328,,2,"[34, 96]","[582, 639]","[[34, 96], [582, 639]]",
1397,train,25杭州,1398,E:\桌面\v-Net\dataset\26合并\25杭州\1398_1.7200.jpg,1.72,0.54,411.0226745605469,640,480,inferred_missing_left,0.05899662971496582,0.6,259,320.0,133.36758422851562,544.3902587890625,338.87892150878906,411.0226745605469,411.0226745605469,1,,,"[[470, 618]]",
1398,train,25杭州,1399,E:\桌面\v-Net\dataset\26合并\25杭州\1399_1.5100.jpg,1.51,0.54,411.0226745605469,640,480,insufficient_yellow_edges,,0.0,259,320.0,,,,,,2,,,"[[318, 390], [410, 639]]",
1399,train,25杭州,1400,E:\桌面\v-Net\dataset\26合并\25杭州\1400_1.7200.jpg,1.72,0.54,411.0226745605469,640,480,inferred_missing_left,-0.09358353614807129,0.6,259,320.0,84.54193115234375,495.5646057128906,290.0532684326172,411.0226745605469,411.0226745605469,1,,,"[[416, 579]]",
1400,train,25杭州,1401,E:\桌面\v-Net\dataset\26合并\25杭州\1401_1.7200.jpg,1.72,0.54,411.0226745605469,640,480,inferred_missing_left,-0.18218522071838378,0.6,259,320.0,56.18939208984375,467.2120666503906,261.7007293701172,411.0226745605469,411.0226745605469,1,,,"[[392, 543]]",
1401,train,25杭州,1402,E:\桌面\v-Net\dataset\26合并\25杭州\1402_1.7200.jpg,1.72,0.54,411.0226745605469,640,480,inferred_missing_left,-0.33477320671081545,0.6,259,320.0,7.361236572265625,418.3839111328125,212.87257385253906,411.0226745605469,411.0226745605469,1,,,"[[348, 488]]",
1402,train,25杭州,1404,E:\桌面\v-Net\dataset\26合并\25杭州\1404_1.7200.jpg,1.72,0.54,411.0226745605469,640,480,inferred_missing_left,-0.428696346282959,0.6,259,320.0,0.0,365.63433837890625,182.81716918945312,365.63433837890625,411.0226745605469,1,,,"[[305, 426]]",
1403,train,25杭州,1405,E:\桌面\v-Net\dataset\26合并\25杭州\1405_1.7200.jpg,1.72,0.54,411.0226745605469,640,480,inferred_missing_left,-0.4479682445526123,0.6,259,320.0,0.0,353.3003234863281,176.65016174316406,353.3003234863281,411.0226745605469,1,,,"[[296, 411]]",
1404,train,25杭州,1407,E:\桌面\v-Net\dataset\26合并\25杭州\1407_1.7200.jpg,1.72,0.54,411.0226745605469,640,480,inferred_missing_left,-0.4710256576538086,0.6,259,320.0,0.0,338.5435791015625,169.27178955078125,338.5435791015625,411.0226745605469,1,,,"[[291, 385]]",
1405,train,25杭州,1412,E:\桌面\v-Net\dataset\26合并\25杭州\1412_1.7200.jpg,1.72,0.54,411.0226745605469,640,480,inferred_missing_left,-0.43491010665893554,0.6,259,320.0,0.0,361.65753173828125,180.82876586914062,361.65753173828125,411.0226745605469,1,,,"[[329, 395]]",
1406,train,25杭州,1413,E:\桌面\v-Net\dataset\26合并\25杭州\1413_1.7200.jpg,1.72,0.54,411.0226745605469,640,480,inferred_missing_left,-0.4109067916870117,0.6,259,320.0,0.0,377.0196533203125,188.50982666015625,377.0196533203125,411.0226745605469,1,,,"[[348, 407]]",
1407,train,25杭州,1415,E:\桌面\v-Net\dataset\26合并\25杭州\1415_1.7200.jpg,1.72,0.54,411.0226745605469,640,480,ok,-0.35798878967761993,1.0,259,320.0,7.242307662963867,403.6448669433594,205.44358730316162,396.4025592803955,,2,"[0, 18]","[375, 434]","[[0, 18], [375, 434]]",
1408,train,25杭州,1416,E:\桌面\v-Net\dataset\26合并\25杭州\1416_1.7200.jpg,1.72,0.54,411.0226745605469,640,480,ok,-0.3290750041604042,1.0,259,320.0,15.296935081481934,414.0950622558594,214.69599866867065,398.79812717437744,,2,"[0, 34]","[387, 442]","[[0, 34], [387, 442]]",
1409,train,25杭州,1420,E:\桌面\v-Net\dataset\26合并\25杭州\1420_0.0000.jpg,0.0,0.54,411.0226745605469,640,480,ok,-0.12694761753082276,1.0,259,320.0,87.74174499511719,471.01177978515625,279.3767623901367,383.27003479003906,,2,"[67, 108]","[447, 495]","[[67, 108], [447, 495]]",
1410,train,25杭州,1421,E:\桌面\v-Net\dataset\26合并\25杭州\1421_1.5100.jpg,1.51,0.54,411.0226745605469,640,480,insufficient_yellow_edges,,0.0,259,320.0,,,,,,3,,,"[[331, 396], [417, 424], [448, 639]]",
1411,train,25杭州,1422,E:\桌面\v-Net\dataset\26合并\25杭州\1422_0.0000.jpg,0.0,0.54,411.0226745605469,640,480,ok,-0.13076744079589844,1.0,259,320.0,86.21469116210938,470.0941467285156,278.1544189453125,383.87945556640625,,2,"[65, 107]","[447, 493]","[[65, 107], [447, 493]]",
1412,train,25杭州,1423,E:\桌面\v-Net\dataset\26合并\25杭州\1423_0.0000.jpg,0.0,0.54,411.0226745605469,640,480,ok,-0.13626773357391359,1.0,259,320.0,85.08525085449219,467.7033996582031,276.39432525634766,382.61814880371094,,2,"[63, 106]","[445, 492]","[[63, 106], [445, 492]]",
1413,train,25杭州,1424,E:\桌面\v-Net\dataset\26合并\25杭州\1424_0.0000.jpg,0.0,0.54,411.0226745605469,640,480,ok,-0.17069152593612671,1.0,259,320.0,66.05170440673828,464.7057189941406,265.37871170043945,398.65401458740234,,2,"[0, 103]","[443, 487]","[[0, 103], [443, 487]]",
1414,train,25杭州,1425,E:\桌面\v-Net\dataset\26合并\25杭州\1425_0.0000.jpg,0.0,0.54,411.0226745605469,640,480,ok,-0.18531174063682557,1.0,259,320.0,57.915287017822266,463.4851989746094,260.7002429962158,405.5699119567871,,2,"[0, 101]","[441, 486]","[[0, 101], [441, 486]]",
1415,train,25杭州,1427,E:\桌面\v-Net\dataset\26合并\25杭州\1427_0.0000.jpg,0.0,0.54,411.0226745605469,640,480,ok,-0.21188527941703797,1.0,259,320.0,44.21321487426758,460.1802062988281,252.19671058654785,415.96699142456055,,2,"[0, 88]","[436, 484]","[[0, 88], [436, 484]]",
1416,train,25杭州,1428,E:\桌面\v-Net\dataset\26合并\25杭州\1428_0.0000.jpg,0.0,0.54,411.0226745605469,640,480,inferred_missing_left,-0.1254040241241455,0.6,259,320.0,74.359375,485.3820495605469,279.87071228027344,411.0226745605469,411.0226745605469,1,,,"[[438, 555]]",
1417,train,25杭州,1429,E:\桌面\v-Net\dataset\26合并\25杭州\1429_0.0000.jpg,0.0,0.54,411.0226745605469,640,480,inferred_missing_left,-0.05193305015563965,0.6,259,320.0,97.87008666992188,508.89276123046875,303.3814239501953,411.0226745605469,411.0226745605469,1,,,"[[441, 591]]",
1418,train,25杭州,1430,E:\桌面\v-Net\dataset\26合并\25杭州\1430_0.0000.jpg,0.0,0.54,411.0226745605469,640,480,inferred_missing_left,0.1133354663848877,0.6,259,320.0,150.75601196289062,561.7786865234375,356.26734924316406,411.0226745605469,411.0226745605469,1,,,"[[459, 639]]",
1419,train,25杭州,1431,E:\桌面\v-Net\dataset\26合并\25杭州\1431_0.0000.jpg,0.0,0.54,411.0226745605469,640,480,inferred_missing_left,0.22605290412902831,0.6,259,320.0,186.82559204101562,597.8482666015625,392.33692932128906,411.0226745605469,411.0226745605469,1,,,"[[536, 639]]",
1420,train,25杭州,1432,E:\桌面\v-Net\dataset\26合并\25杭州\1432_1.5100.jpg,1.51,0.54,411.0226745605469,640,480,insufficient_yellow_edges,,0.0,259,320.0,,,,,,3,,,"[[342, 403], [423, 468], [477, 639]]",
1421,train,25杭州,1433,E:\桌面\v-Net\dataset\26合并\25杭州\1433_0.0000.jpg,0.0,0.54,411.0226745605469,640,480,inferred_missing_left,0.318236780166626,0.6,259,320.0,216.32443237304688,627.3471069335938,421.8357696533203,411.0226745605469,411.0226745605469,1,,,"[[611, 639]]",
1422,train,25杭州,1434,E:\桌面\v-Net\dataset\26合并\25杭州\1434_0.0000.jpg,0.0,0.54,411.0226745605469,640,480,insufficient_yellow_edges,,0.0,259,320.0,,,,,,0,,,[],
1423,train,25杭州,1435,E:\桌面\v-Net\dataset\26合并\25杭州\1435_0.0000.jpg,0.0,0.54,411.0226745605469,640,480,insufficient_yellow_edges,,0.0,259,320.0,,,,,,0,,,[],
1424,train,25杭州,1436,E:\桌面\v-Net\dataset\26合并\25杭州\1436_0.0000.jpg,0.0,0.54,411.0226745605469,640,480,insufficient_yellow_edges,,0.0,259,320.0,,,,,,0,,,[],
1425,train,25杭州,1439,E:\桌面\v-Net\dataset\26合并\25杭州\1439_0.0000.jpg,0.0,0.54,411.0226745605469,640,480,insufficient_yellow_edges,,0.0,259,320.0,,,,,,0,,,[],
1426,train,25杭州,1440,E:\桌面\v-Net\dataset\26合并\25杭州\1440_0.0000.jpg,0.0,0.54,411.0226745605469,640,480,insufficient_yellow_edges,,0.0,259,320.0,,,,,,0,,,[],
1427,train,25杭州,1441,E:\桌面\v-Net\dataset\26合并\25杭州\1441_1.5100.jpg,1.51,0.54,411.0226745605469,640,480,insufficient_yellow_edges,,0.0,259,320.0,,,,,,3,,,"[[347, 405], [425, 490], [495, 639]]",
1428,train,25杭州,1442,E:\桌面\v-Net\dataset\26合并\25杭州\1442_1.5100.jpg,1.51,0.54,411.0226745605469,640,480,insufficient_yellow_edges,,0.0,259,320.0,,,,,,2,,,"[[359, 415], [436, 639]]",
1429,train,25杭州,1443,E:\桌面\v-Net\dataset\26合并\25杭州\1443_1.5100.jpg,1.51,0.54,411.0226745605469,640,480,ok,0.058002042770385745,1.0,259,320.0,291.3657531738281,385.75555419921875,338.56065368652344,94.38980102539062,,4,"[248, 334]","[381, 390]","[[248, 334], [381, 390], [405, 488], [493, 639]]",
1430,train,25杭州,1444,E:\桌面\v-Net\dataset\26合并\25杭州\1444_1.5100.jpg,1.51,0.54,411.0226745605469,640,480,insufficient_yellow_edges,,0.0,259,320.0,,,,,,2,,,"[[325, 376], [400, 639]]",
1431,train,25杭州,1445,E:\桌面\v-Net\dataset\26合并\25杭州\1445_1.5100.jpg,1.51,0.54,411.0226745605469,640,480,insufficient_yellow_edges,,0.0,259,320.0,,,,,,2,,,"[[341, 389], [417, 639]]",
1432,train,25杭州,1446,E:\桌面\v-Net\dataset\26合并\25杭州\1446_1.5100.jpg,1.51,0.54,411.0226745605469,640,480,insufficient_yellow_edges,,0.0,259,320.0,,,,,,2,,,"[[350, 397], [426, 639]]",
1433,train,25杭州,1447,E:\桌面\v-Net\dataset\26合并\25杭州\1447_1.5100.jpg,1.51,0.54,411.0226745605469,640,480,insufficient_yellow_edges,,0.0,259,320.0,,,,,,3,,,"[[370, 416], [445, 550], [563, 630]]",
1434,train,25杭州,1448,E:\桌面\v-Net\dataset\26合并\25杭州\1448_1.5100.jpg,1.51,0.54,411.0226745605469,640,480,insufficient_yellow_edges,,0.0,259,320.0,,,,,,3,,,"[[379, 423], [448, 573], [589, 635]]",
1435,train,25杭州,1451,E:\桌面\v-Net\dataset\26合并\25杭州\1451_1.5100.jpg,1.51,0.54,411.0226745605469,640,480,insufficient_yellow_edges,,0.0,259,320.0,,,,,,2,,,"[[435, 477], [502, 612]]",
1436,train,25杭州,1452,E:\桌面\v-Net\dataset\26合并\25杭州\1452_1.5100.jpg,1.51,0.54,411.0226745605469,640,480,insufficient_yellow_edges,,0.0,259,320.0,,,,,,2,,,"[[448, 490], [515, 639]]",
1437,train,25杭州,1453,E:\桌面\v-Net\dataset\26合并\25杭州\1453_1.5100.jpg,1.51,0.54,411.0226745605469,640,480,insufficient_yellow_edges,,0.0,259,320.0,,,,,,2,,,"[[476, 517], [546, 639]]",
1438,train,25杭州,1454,E:\桌面\v-Net\dataset\26合并\25杭州\1454_1.5100.jpg,1.51,0.54,411.0226745605469,640,480,ok,0.09800915718078614,1.0,259,320.0,291.2666015625,411.4592590332031,351.36293029785156,120.19265747070312,,3,"[249, 332]","[395, 427]","[[249, 332], [395, 427], [439, 639]]",
1439,train,25杭州,1458,E:\桌面\v-Net\dataset\26合并\25杭州\1458_1.5100.jpg,1.51,0.54,411.0226745605469,640,480,inferred_missing_left,0.23018898963928222,0.6,259,320.0,188.14913940429688,599.1718139648438,393.6604766845703,411.0226745605469,411.0226745605469,1,,,"[[581, 619]]",
1440,train,25杭州,1459,E:\桌面\v-Net\dataset\26合并\25杭州\1459_1.5100.jpg,1.51,0.54,411.0226745605469,640,480,inferred_missing_left,0.3023350238800049,0.6,259,320.0,211.23587036132812,622.258544921875,416.74720764160156,411.0226745605469,411.0226745605469,1,,,"[[606, 639]]",
1441,train,25杭州,1460,E:\桌面\v-Net\dataset\26合并\25杭州\1460_1.5100.jpg,1.51,0.54,411.0226745605469,640,480,insufficient_yellow_edges,,0.0,259,320.0,,,,,,0,,,[],
1442,train,25杭州,1461,E:\桌面\v-Net\dataset\26合并\25杭州\1461_1.5100.jpg,1.51,0.54,411.0226745605469,640,480,insufficient_yellow_edges,,0.0,259,320.0,,,,,,0,,,[],
1443,train,25杭州,1462,E:\桌面\v-Net\dataset\26合并\25杭州\1462_1.5100.jpg,1.51,0.54,411.0226745605469,640,480,insufficient_yellow_edges,,0.0,259,320.0,,,,,,0,,,[],
1444,train,25杭州,1463,E:\桌面\v-Net\dataset\26合并\25杭州\1463_1.5100.jpg,1.51,0.54,411.0226745605469,640,480,insufficient_yellow_edges,,0.0,259,320.0,,,,,,0,,,[],
1445,train,25杭州,1466,E:\桌面\v-Net\dataset\26合并\25杭州\1466_1.5100.jpg,1.51,0.54,411.0226745605469,640,480,inferred_missing_left,-0.33885970115661623,0.6,259,320.0,6.053558349609375,417.07623291015625,211.5648956298828,411.0226745605469,411.0226745605469,1,,,"[[396, 439]]",
1446,train,25杭州,1468,E:\桌面\v-Net\dataset\26合并\25杭州\1468_1.5100.jpg,1.51,0.54,411.0226745605469,640,480,ok,-0.16830309927463533,1.0,259,320.0,7.989690780639648,524.2963256835938,266.1430082321167,516.3066349029541,,2,"[0, 18]","[496, 552]","[[0, 18], [496, 552]]",
1447,train,25杭州,1469,E:\桌面\v-Net\dataset\26合并\25杭州\1469_1.5100.jpg,1.51,0.54,411.0226745605469,640,480,ok,-0.03825927376747131,1.0,259,320.0,24.36111068725586,591.1529541015625,307.7570323944092,566.7918434143066,,2,"[0, 54]","[561, 620]","[[0, 54], [561, 620]]",
1448,train,25杭州,1471,E:\桌面\v-Net\dataset\26合并\25杭州\1471_1.5100.jpg,1.51,0.54,411.0226745605469,640,480,inferred_missing_right,-0.17070431709289552,0.6,259,320.0,59.86328125,470.8859558105469,265.37461853027344,411.0226745605469,411.0226745605469,1,,,"[[3, 116]]",
1449,train,25杭州,1472,E:\桌面\v-Net\dataset\26合并\25杭州\1472_1.5100.jpg,1.51,0.54,411.0226745605469,640,480,inferred_missing_right,-0.10641517639160156,0.6,259,320.0,80.43580627441406,491.45848083496094,285.9471435546875,411.0226745605469,411.0226745605469,1,,,"[[22, 137]]",
1450,train,25杭州,1473,E:\桌面\v-Net\dataset\26合并\25杭州\1473_-1.6200.jpg,-1.62,0.54,411.0226745605469,640,480,inferred_missing_right,0.028715038299560548,0.6,259,320.0,123.67747497558594,534.7001495361328,329.1888122558594,411.0226745605469,411.0226745605469,1,,,"[[64, 179]]",
1451,train,25杭州,1475,E:\桌面\v-Net\dataset\26合并\25杭州\1475_-1.6200.jpg,-1.62,0.54,411.0226745605469,640,480,inferred_missing_right,0.15997605323791503,0.6,259,320.0,165.68099975585938,576.7036743164062,371.1923370361328,411.0226745605469,411.0226745605469,1,,,"[[129, 200]]",
1452,train,25杭州,1476,E:\桌面\v-Net\dataset\26合并\25杭州\1476_1.5100.jpg,1.51,0.54,411.0226745605469,640,480,ok,0.059971857070922854,1.0,259,320.0,300.4966125488281,377.8853759765625,339.1909942626953,77.38876342773438,,3,"[262, 339]","[367, 387]","[[262, 339], [367, 387], [441, 639]]",
1453,train,25杭州,1477,E:\桌面\v-Net\dataset\26合并\25杭州\1477_-1.6200.jpg,-1.62,0.54,411.0226745605469,640,480,inferred_missing_right,0.18266377449035645,0.6,259,320.0,172.94107055664062,583.9637451171875,378.45240783691406,411.0226745605469,411.0226745605469,1,,,"[[143, 201]]",
1454,train,25杭州,1478,E:\桌面\v-Net\dataset\26合并\25杭州\1478_-1.6200.jpg,-1.62,0.54,411.0226745605469,640,480,inferred_missing_right,0.1715938091278076,0.6,259,320.0,169.398681640625,580.4213562011719,374.91001892089844,411.0226745605469,411.0226745605469,1,,,"[[142, 195]]",
1455,train,25杭州,1479,E:\桌面\v-Net\dataset\26合并\25杭州\1479_-1.6200.jpg,-1.62,0.54,411.0226745605469,640,480,inferred_missing_right,0.12743029594421387,0.6,259,320.0,155.266357421875,566.2890319824219,360.77769470214844,411.0226745605469,411.0226745605469,1,,,"[[132, 177]]",
1456,train,25杭州,1480,E:\桌面\v-Net\dataset\26合并\25杭州\1480_-1.6200.jpg,-1.62,0.54,411.0226745605469,640,480,inferred_missing_right,0.08791437149047851,0.6,259,320.0,142.6212615966797,553.6439361572266,348.1325988769531,411.0226745605469,411.0226745605469,1,,,"[[120, 164]]",
1457,train,25杭州,1481,E:\桌面\v-Net\dataset\26合并\25杭州\1481_-1.6200.jpg,-1.62,0.54,411.0226745605469,640,480,ok,0.14680126905441285,1.0,259,320.0,107.60985565185547,626.3429565429688,366.9764060974121,518.7331008911133,,2,"[88, 126]","[611, 639]","[[88, 126], [611, 639]]",
1458,train,25杭州,1482,E:\桌面\v-Net\dataset\26合并\25杭州\1482_-1.6200.jpg,-1.62,0.54,411.0226745605469,640,480,ok,0.09757951498031617,1.0,259,320.0,85.02132415771484,617.4295654296875,351.2254447937012,532.4082412719727,,2,"[65, 104]","[592, 639]","[[65, 104], [592, 639]]",
1459,train,25杭州,1483,E:\桌面\v-Net\dataset\26合并\25杭州\1483_-1.6200.jpg,-1.62,0.54,411.0226745605469,640,480,ok,-0.021973124146461485,1.0,259,320.0,25.2142391204834,600.7229614257812,312.9686002731323,575.5087223052979,,2,"[0, 53]","[555, 639]","[[0, 53], [555, 639]]",
1460,train,25杭州,1484,E:\桌面\v-Net\dataset\26合并\25杭州\1484_-1.6200.jpg,-1.62,0.54,411.0226745605469,640,480,ok,-0.07035787701606751,1.0,259,320.0,6.722972869873047,588.2479858398438,297.4854793548584,581.5250129699707,,2,"[0, 17]","[531, 639]","[[0, 17], [531, 639]]",
1461,train,25杭州,1488,E:\桌面\v-Net\dataset\26合并\25杭州\1488_1.7200.jpg,1.72,0.54,411.0226745605469,640,480,inferred_missing_left,-0.1251223087310791,0.6,259,320.0,74.44952392578125,485.4721984863281,279.9608612060547,411.0226745605469,411.0226745605469,1,,,"[[408, 567]]",
1462,train,25杭州,1489,E:\桌面\v-Net\dataset\26合并\25杭州\1489_1.7200.jpg,1.72,0.54,411.0226745605469,640,480,inferred_missing_left,-0.20819239616394042,0.6,259,320.0,47.867095947265625,458.8897705078125,253.37843322753906,411.0226745605469,411.0226745605469,1,,,"[[387, 531]]",
1463,train,25杭州,1490,E:\桌面\v-Net\dataset\26合并\25杭州\1490_1.7200.jpg,1.72,0.54,411.0226745605469,640,480,inferred_missing_left,-0.34535717964172363,0.6,259,320.0,3.974365234375,414.9970397949219,209.48570251464844,411.0226745605469,411.0226745605469,1,,,"[[347, 484]]",
1464,train,25杭州,1492,E:\桌面\v-Net\dataset\26合并\25杭州\1492_1.7200.jpg,1.72,0.54,411.0226745605469,640,480,inferred_missing_left,-0.42757067680358884,0.6,259,320.0,0.0,366.3547668457031,183.17738342285156,366.3547668457031,411.0226745605469,1,,,"[[307, 425]]",
1465,train,25杭州,1494,E:\桌面\v-Net\dataset\26合并\25杭州\1494_1.7200.jpg,1.72,0.54,411.0226745605469,640,480,inferred_missing_left,-0.46493945121765134,0.6,259,320.0,0.0,342.4387512207031,171.21937561035156,342.4387512207031,411.0226745605469,1,,,"[[294, 393]]",
1466,train,25杭州,1496,E:\桌面\v-Net\dataset\26合并\25杭州\1496_1.7200.jpg,1.72,0.54,411.0226745605469,640,480,inferred_missing_left,-0.47296900749206544,0.6,259,320.0,0.0,337.2998352050781,168.64991760253906,337.2998352050781,411.0226745605469,1,,,"[[297, 378]]",
1467,train,25杭州,1497,E:\桌面\v-Net\dataset\26合并\25杭州\1497_1.7200.jpg,1.72,0.54,411.0226745605469,640,480,inferred_missing_left,-0.4684602737426758,0.6,259,320.0,0.0,340.1854248046875,170.09271240234375,340.1854248046875,411.0226745605469,1,,,"[[302, 379]]",
1468,train,25杭州,1500,E:\桌面\v-Net\dataset\26合并\25杭州\1500_1.7200.jpg,1.72,0.54,411.0226745605469,640,480,inferred_missing_left,-0.43474774360656737,0.6,259,320.0,0.0,361.7614440917969,180.88072204589844,361.7614440917969,411.0226745605469,1,,,"[[329, 395]]",
1469,train,25杭州,1501,E:\桌面\v-Net\dataset\26合并\25杭州\1501_1.7200.jpg,1.72,0.54,411.0226745605469,640,480,inferred_missing_left,-0.4090555191040039,0.6,259,320.0,0.0,378.2044677734375,189.10223388671875,378.2044677734375,411.0226745605469,1,,,"[[349, 408]]",
1470,train,25杭州,1502,E:\桌面\v-Net\dataset\26合并\25杭州\1502_1.7200.jpg,1.72,0.54,411.0226745605469,640,480,inferred_missing_left,-0.39550027847290037,0.6,259,320.0,0.0,386.87982177734375,193.43991088867188,386.87982177734375,411.0226745605469,1,,,"[[359, 415]]",
1471,train,25杭州,1503,E:\桌面\v-Net\dataset\26合并\25杭州\1503_1.7200.jpg,1.72,0.54,411.0226745605469,640,480,ok,-0.3533738702535629,1.0,259,320.0,8.365289688110352,405.4754333496094,206.92036151885986,397.110143661499,,2,"[0, 20]","[379, 432]","[[0, 20], [379, 432]]",
1472,train,25杭州,1504,E:\桌面\v-Net\dataset\26合并\25杭州\1504_1.7200.jpg,1.72,0.54,411.0226745605469,640,480,ok,-0.3217804849147797,1.0,259,320.0,16.74832534790039,417.3121643066406,217.0302448272705,400.56383895874023,,2,"[0, 35]","[390, 445]","[[0, 35], [390, 445]]",
1473,train,25杭州,1506,E:\桌面\v-Net\dataset\26合并\25杭州\1506_0.0000.jpg,0.0,0.54,411.0226745605469,640,480,ok,-0.1872628450393677,1.0,259,320.0,67.92564392089844,452.22613525390625,260.07588958740234,384.3004913330078,,2,"[47, 88]","[428, 477]","[[47, 88], [428, 477]]",
1474,train,25杭州,1507,E:\桌面\v-Net\dataset\26合并\25杭州\1507_0.0000.jpg,0.0,0.54,411.0226745605469,640,480,ok,-0.1304667592048645,1.0,259,320.0,87.09929656982422,469.4019775390625,278.25063705444336,382.3026809692383,,2,"[66, 107]","[446, 493]","[[66, 107], [446, 493]]",
1475,train,25杭州,1509,E:\桌面\v-Net\dataset\26合并\25杭州\1509_1.5100.jpg,1.51,0.54,411.0226745605469,640,480,narrow_lane_width,,0.0,259,320.0,315.7553405761719,387.6689453125,,71.91360473632812,,3,,,"[[285, 347], [371, 402], [419, 639]]",
1476,train,25杭州,1510,E:\桌面\v-Net\dataset\26合并\25杭州\1510_0.0000.jpg,0.0,0.54,411.0226745605469,640,480,ok,-0.13169115781784058,1.0,259,320.0,86.45099639892578,469.26666259765625,277.858829498291,382.81566619873047,,2,"[66, 106]","[446, 493]","[[66, 106], [446, 493]]",
1477,train,25杭州,1511,E:\桌面\v-Net\dataset\26合并\25杭州\1511_0.0000.jpg,0.0,0.54,411.0226745605469,640,480,ok,-0.1361002206802368,1.0,259,320.0,84.67591857910156,468.2199401855469,276.4479293823242,383.5440216064453,,2,"[64, 104]","[446, 492]","[[64, 104], [446, 492]]",
1478,train,25杭州,1512,E:\桌面\v-Net\dataset\26合并\25杭州\1512_0.0000.jpg,0.0,0.54,411.0226745605469,640,480,ok,-0.1455842971801758,1.0,259,320.0,81.373046875,465.4530029296875,273.41302490234375,384.0799560546875,,2,"[60, 102]","[443, 489]","[[60, 102], [443, 489]]",
1479,train,25杭州,1513,E:\桌面\v-Net\dataset\26合并\25杭州\1513_0.0000.jpg,0.0,0.54,411.0226745605469,640,480,ok,-0.14983696937561036,1.0,259,320.0,79.9013671875,464.2029724121094,272.0521697998047,384.3016052246094,,2,"[58, 101]","[442, 487]","[[58, 101], [442, 487]]",
1480,train,25杭州,1516,E:\桌面\v-Net\dataset\26合并\25杭州\1516_0.0000.jpg,0.0,0.54,411.0226745605469,640,480,ok,-0.22184857726097107,1.0,259,320.0,41.96005630493164,456.0568542480469,249.00845527648926,414.09679794311523,,2,"[0, 85]","[432, 479]","[[0, 85], [432, 479]]",
1481,train,25杭州,1517,E:\桌面\v-Net\dataset\26合并\25杭州\1517_0.0000.jpg,0.0,0.54,411.0226745605469,640,480,ok,-0.21686336398124695,1.0,259,320.0,39.89064407348633,461.3168029785156,250.60372352600098,421.4261589050293,,2,"[0, 79]","[432, 501]","[[0, 79], [432, 501]]",
1482,train,25杭州,1519,E:\桌面\v-Net\dataset\26合并\25杭州\1519_0.0000.jpg,0.0,0.54,411.0226745605469,640,480,inferred_missing_left,0.011156702041625976,0.6,259,320.0,118.05880737304688,529.0814819335938,323.5701446533203,411.0226745605469,411.0226745605469,1,,,"[[442, 618]]",
1483,train,25杭州,1520,E:\桌面\v-Net\dataset\26合并\25杭州\1520_1.5100.jpg,1.51,0.54,411.0226745605469,640,480,insufficient_yellow_edges,,0.0,259,320.0,,,,,,3,,,"[[298, 356], [394, 430], [454, 639]]",
1484,train,25杭州,1521,E:\桌面\v-Net\dataset\26合并\25杭州\1521_0.0000.jpg,0.0,0.54,411.0226745605469,640,480,inferred_missing_left,0.2166456699371338,0.6,259,320.0,183.81527709960938,594.8379516601562,389.3266143798828,411.0226745605469,411.0226745605469,1,,,"[[530, 639]]",
1485,train,25杭州,1522,E:\桌面\v-Net\dataset\26合并\25杭州\1522_0.0000.jpg,0.0,0.54,411.0226745605469,640,480,inferred_missing_left,0.2752541065216064,0.6,259,320.0,202.56997680664062,613.5926513671875,408.08131408691406,411.0226745605469,411.0226745605469,1,,,"[[573, 639]]",
1486,train,25杭州,1523,E:\桌面\v-Net\dataset\26合并\25杭州\1523_0.0000.jpg,0.0,0.54,411.0226745605469,640,480,insufficient_yellow_edges,,0.0,259,320.0,,,,,,0,,,[],
1487,train,25杭州,1524,E:\桌面\v-Net\dataset\26合并\25杭州\1524_0.0000.jpg,0.0,0.54,411.0226745605469,640,480,insufficient_yellow_edges,,0.0,259,320.0,,,,,,0,,,[],
1488,train,25杭州,1525,E:\桌面\v-Net\dataset\26合并\25杭州\1525_0.0000.jpg,0.0,0.54,411.0226745605469,640,480,insufficient_yellow_edges,,0.0,259,320.0,,,,,,0,,,[],
1489,train,25杭州,1527,E:\桌面\v-Net\dataset\26合并\25杭州\1527_0.0000.jpg,0.0,0.54,411.0226745605469,640,480,insufficient_yellow_edges,,0.0,259,320.0,,,,,,0,,,[],
1490,train,25杭州,1528,E:\桌面\v-Net\dataset\26合并\25杭州\1528_1.5100.jpg,1.51,0.54,411.0226745605469,640,480,insufficient_yellow_edges,,0.0,259,320.0,,,,,,3,,,"[[303, 358], [381, 450], [468, 639]]",
1491,train,25杭州,1530,E:\桌面\v-Net\dataset\26合并\25杭州\1530_1.5100.jpg,1.51,0.54,411.0226745605469,640,480,ok,0.2877070426940918,1.0,259,320.0,291.4412841796875,532.6912231445312,412.0662536621094,241.24993896484375,,2,"[249, 331]","[388, 639]","[[249, 331], [388, 639]]",
1492,train,25杭州,1531,E:\桌面\v-Net\dataset\26合并\25杭州\1531_1.5100.jpg,1.51,0.54,411.0226745605469,640,480,insufficient_yellow_edges,,0.0,259,320.0,,,,,,3,,,"[[311, 366], [389, 459], [472, 639]]",
1493,train,25杭州,1533,E:\桌面\v-Net\dataset\26合并\25杭州\1533_1.5100.jpg,1.51,0.54,411.0226745605469,640,480,insufficient_yellow_edges,,0.0,259,320.0,,,,,,2,,,"[[337, 389], [414, 639]]",
1494,train,25杭州,1535,E:\桌面\v-Net\dataset\26合并\25杭州\1535_1.5100.jpg,1.51,0.54,411.0226745605469,640,480,insufficient_yellow_edges,,0.0,259,320.0,,,,,,2,,,"[[364, 411], [436, 639]]",
1495,train,25杭州,1536,E:\桌面\v-Net\dataset\26合并\25杭州\1536_1.5100.jpg,1.51,0.54,411.0226745605469,640,480,insufficient_yellow_edges,,0.0,259,320.0,,,,,,3,,,"[[384, 430], [455, 566], [578, 639]]",
1496,train,25杭州,1538,E:\桌面\v-Net\dataset\26合并\25杭州\1538_1.5100.jpg,1.51,0.54,411.0226745605469,640,480,insufficient_yellow_edges,,0.0,259,320.0,,,,,,2,,,"[[416, 460], [485, 558]]",
1497,train,25杭州,1539,E:\桌面\v-Net\dataset\26合并\25杭州\1539_1.5100.jpg,1.51,0.54,411.0226745605469,640,480,insufficient_yellow_edges,,0.0,259,320.0,,,,,,2,,,"[[428, 471], [497, 572]]",
1498,train,25杭州,1540,E:\桌面\v-Net\dataset\26合并\25杭州\1540_1.5100.jpg,1.51,0.54,411.0226745605469,640,480,insufficient_yellow_edges,,0.0,259,320.0,,,,,,2,,,"[[454, 496], [522, 639]]",
1499,train,25杭州,1541,E:\桌面\v-Net\dataset\26合并\25杭州\1541_1.5100.jpg,1.51,0.54,411.0226745605469,640,480,ok,0.2674661159515381,1.0,259,320.0,289.0227355957031,522.1555786132812,405.5891571044922,233.13284301757812,,2,"[247, 330]","[384, 639]","[[247, 330], [384, 639]]",
1500,train,25杭州,1542,E:\桌面\v-Net\dataset\26合并\25杭州\1542_1.5100.jpg,1.51,0.54,411.0226745605469,640,480,insufficient_yellow_edges,,0.0,259,320.0,,,,,,2,,,"[[468, 509], [535, 639]]",
1501,train,25杭州,1543,E:\桌面\v-Net\dataset\26合并\25杭州\1543_1.5100.jpg,1.51,0.54,411.0226745605469,640,480,insufficient_yellow_edges,,0.0,259,320.0,,,,,,2,,,"[[497, 539], [565, 639]]",
1502,train,25杭州,1544,E:\桌面\v-Net\dataset\26合并\25杭州\1544_1.5100.jpg,1.51,0.54,411.0226745605469,640,480,insufficient_yellow_edges,,0.0,259,320.0,,,,,,2,,,"[[512, 555], [581, 639]]",
1503,train,25杭州,1545,E:\桌面\v-Net\dataset\26合并\25杭州\1545_1.5100.jpg,1.51,0.54,411.0226745605469,640,480,insufficient_yellow_edges,,0.0,259,320.0,,,,,,2,,,"[[544, 587], [614, 639]]",
1504,train,25杭州,1546,E:\桌面\v-Net\dataset\26合并\25杭州\1546_1.5100.jpg,1.51,0.54,411.0226745605469,640,480,inferred_missing_left,0.18250317573547364,0.6,259,320.0,172.88967895507812,583.912353515625,378.40101623535156,411.0226745605469,411.0226745605469,1,,,"[[563, 606]]",
1505,train,25杭州,1547,E:\桌面\v-Net\dataset\26合并\25杭州\1547_1.5100.jpg,1.51,0.54,411.0226745605469,640,480,inferred_missing_left,0.30794758796691896,0.6,259,320.0,213.03189086914062,624.0545654296875,418.54322814941406,411.0226745605469,411.0226745605469,1,,,"[[607, 639]]",
1506,train,25杭州,1548,E:\桌面\v-Net\dataset\26合并\25杭州\1548_1.5100.jpg,1.51,0.54,411.0226745605469,640,480,insufficient_yellow_edges,,0.0,259,320.0,,,,,,0,,,[],
1507,train,25杭州,1549,E:\桌面\v-Net\dataset\26合并\25杭州\1549_1.5100.jpg,1.51,0.54,411.0226745605469,640,480,insufficient_yellow_edges,,0.0,259,320.0,,,,,,0,,,[],
1508,train,25杭州,1550,E:\桌面\v-Net\dataset\26合并\25杭州\1550_1.5100.jpg,1.51,0.54,411.0226745605469,640,480,insufficient_yellow_edges,,0.0,259,320.0,,,,,,0,,,[],
1509,train,25杭州,1552,E:\桌面\v-Net\dataset\26合并\25杭州\1552_1.5100.jpg,1.51,0.54,411.0226745605469,640,480,ok,0.03587050437927246,1.0,259,320.0,291.33856201171875,371.6185607910156,331.4785614013672,80.27999877929688,,3,"[250, 331]","[366, 377]","[[250, 331], [366, 377], [396, 639]]",
1510,train,25杭州,1553,E:\桌面\v-Net\dataset\26合并\25杭州\1553_1.5100.jpg,1.51,0.54,411.0226745605469,640,480,inferred_missing_left,-0.3506666660308838,0.6,259,320.0,2.27532958984375,413.2980041503906,207.7866668701172,411.0226745605469,411.0226745605469,1,,,"[[399, 426]]",
1511,train,25杭州,1554,E:\桌面\v-Net\dataset\26合并\25杭州\1554_1.5100.jpg,1.51,0.54,411.0226745605469,640,480,inferred_missing_left,-0.2261843204498291,0.6,259,320.0,42.10968017578125,453.1323547363281,247.6210174560547,411.0226745605469,411.0226745605469,1,,,"[[430, 477]]",
1512,train,25杭州,1555,E:\桌面\v-Net\dataset\26合并\25杭州\1555_1.5100.jpg,1.51,0.54,411.0226745605469,640,480,ok,-0.20269987359642982,1.0,259,320.0,4.105882167816162,506.16619873046875,255.13604044914246,502.0603165626526,,2,"[0, 9]","[477, 533]","[[0, 9], [477, 533]]",
1513,train,25杭州,1556,E:\桌面\v-Net\dataset\26合并\25杭州\1556_1.5100.jpg,1.51,0.54,411.0226745605469,640,480,ok,-0.07757614552974701,1.0,259,320.0,20.377450942993164,569.9738159179688,295.17563343048096,549.5963649749756,,2,"[0, 46]","[541, 597]","[[0, 46], [541, 597]]",
1514,train,25杭州,1558,E:\桌面\v-Net\dataset\26合并\25杭州\1558_1.5100.jpg,1.51,0.54,411.0226745605469,640,480,inferred_missing_right,-0.1981094241142273,0.6,259,320.0,51.09364700317383,462.1163215637207,256.60498428344727,411.0226745605469,411.0226745605469,1,,,"[[0, 106]]",
1515,train,25杭州,1560,E:\桌面\v-Net\dataset\26合并\25杭州\1560_1.5100.jpg,1.51,0.54,411.0226745605469,640,480,inferred_missing_right,-0.015009260177612305,0.6,259,320.0,109.68569946289062,520.7083740234375,315.19703674316406,411.0226745605469,411.0226745605469,1,,,"[[48, 169]]",
1516,train,25杭州,1561,E:\桌面\v-Net\dataset\26合并\25杭州\1561_-1.6200.jpg,-1.62,0.54,411.0226745605469,640,480,inferred_missing_right,0.1214132308959961,0.6,259,320.0,153.3408966064453,564.3635711669922,358.85223388671875,411.0226745605469,411.0226745605469,1,,,"[[91, 211]]",
1517,train,25杭州,1564,E:\桌面\v-Net\dataset\26合并\25杭州\1564_-1.6200.jpg,-1.62,0.54,411.0226745605469,640,480,inferred_missing_right,0.25612149238586424,0.6,259,320.0,196.44754028320312,607.47021484375,401.95887756347656,411.0226745605469,411.0226745605469,1,,,"[[157, 232]]",
1518,train,25杭州,1565,E:\桌面\v-Net\dataset\26合并\25杭州\1565_-1.6200.jpg,-1.62,0.54,411.0226745605469,640,480,inferred_missing_right,0.26752314567565916,0.6,259,320.0,200.0960693359375,611.1187438964844,405.60740661621094,411.0226745605469,411.0226745605469,1,,,"[[165, 232]]",
1519,train,25杭州,1567,E:\桌面\v-Net\dataset\26合并\25杭州\1567_-1.6200.jpg,-1.62,0.54,411.0226745605469,640,480,inferred_missing_right,0.2671309471130371,0.6,259,320.0,199.97056579589844,610.9932403564453,405.4819030761719,411.0226745605469,411.0226745605469,1,,,"[[174, 224]]",
1520,train,25杭州,1569,E:\桌面\v-Net\dataset\26合并\25杭州\1569_-1.6200.jpg,-1.62,0.54,411.0226745605469,640,480,inferred_missing_right,0.17856988906860352,0.6,259,320.0,171.6310272216797,582.6537017822266,377.1423645019531,411.0226745605469,411.0226745605469,1,,,"[[151, 191]]",
1521,train,25杭州,1570,E:\桌面\v-Net\dataset\26合并\25杭州\1570_-1.6200.jpg,-1.62,0.54,411.0226745605469,640,480,ok,0.2035145044326782,1.0,259,320.0,136.24000549316406,634.00927734375,385.12464141845703,497.76927185058594,,2,"[118, 155]","[628, 639]","[[118, 155], [628, 639]]",
1522,train,25杭州,1572,E:\桌面\v-Net\dataset\26合并\25杭州\1572_-1.6200.jpg,-1.62,0.54,411.0226745605469,640,480,ok,0.035028910636901854,1.0,259,320.0,52.92094421386719,609.49755859375,331.2092514038086,556.5766143798828,,2,"[19, 84]","[575, 639]","[[19, 84], [575, 639]]",
1523,train,25杭州,1577,E:\桌面\v-Net\dataset\26合并\25杭州\1577_1.7200.jpg,1.72,0.54,411.0226745605469,640,480,inferred_missing_left,-0.015182256698608398,0.6,259,320.0,109.63034057617188,520.6530151367188,315.1416778564453,411.0226745605469,411.0226745605469,1,,,"[[442, 598]]",
1524,train,25杭州,1578,E:\桌面\v-Net\dataset\26合并\25杭州\1578_1.7200.jpg,1.72,0.54,411.0226745605469,640,480,inferred_missing_left,-0.09937100410461426,0.6,259,320.0,82.68994140625,493.7126159667969,288.20127868652344,411.0226745605469,411.0226745605469,1,,,"[[418, 571]]",
1525,train,25杭州,1579,E:\桌面\v-Net\dataset\26合并\25杭州\1579_1.7200.jpg,1.72,0.54,411.0226745605469,640,480,inferred_missing_left,-0.2377880573272705,0.6,259,320.0,38.396484375,449.4191589355469,243.90782165527344,411.0226745605469,411.0226745605469,1,,,"[[378, 521]]",
1526,train,25杭州,1580,E:\桌面\v-Net\dataset\26合并\25杭州\1580_1.7200.jpg,1.72,0.54,411.0226745605469,640,480,inferred_missing_left,-0.31119494438171386,0.6,259,320.0,14.906280517578125,425.928955078125,220.41761779785156,411.0226745605469,411.0226745605469,1,,,"[[359, 494]]",
1527,train,25杭州,1581,E:\桌面\v-Net\dataset\26合并\25杭州\1581_1.7200.jpg,1.72,0.54,411.0226745605469,640,480,inferred_missing_left,-0.39267563819885254,0.6,259,320.0,0.0,388.6875915527344,194.3437957763672,388.6875915527344,411.0226745605469,1,,,"[[327, 450]]",
1528,train,25杭州,1582,E:\桌面\v-Net\dataset\26合并\25杭州\1582_1.7200.jpg,1.72,0.54,411.0226745605469,640,480,inferred_missing_left,-0.4225437164306641,0.6,259,320.0,0.0,369.572021484375,184.7860107421875,369.572021484375,411.0226745605469,1,,,"[[317, 423]]",
1529,train,25杭州,1583,E:\桌面\v-Net\dataset\26合并\25杭州\1583_1.7200.jpg,1.72,0.54,411.0226745605469,640,480,inferred_missing_left,-0.44329237937927246,0.6,259,320.0,0.0,356.2928771972656,178.1464385986328,356.2928771972656,411.0226745605469,1,,,"[[311, 403]]",
1530,train,25杭州,1585,E:\桌面\v-Net\dataset\26合并\25杭州\1585_1.5100.jpg,1.51,0.54,411.0226745605469,640,480,ok,0.2850499153137207,1.0,259,320.0,302.76251220703125,519.66943359375,411.2159729003906,216.90692138671875,,2,"[267, 340]","[373, 639]","[[267, 340], [373, 639]]",
1531,train,25杭州,1586,E:\桌面\v-Net\dataset\26合并\25杭州\1586_1.7200.jpg,1.72,0.54,411.0226745605469,640,480,inferred_missing_left,-0.43903517723083496,0.6,259,320.0,0.0,359.0174865722656,179.5087432861328,359.0174865722656,411.0226745605469,1,,,"[[321, 398]]",
1532,train,25杭州,1588,E:\桌面\v-Net\dataset\26合并\25杭州\1588_1.7200.jpg,1.72,0.54,411.0226745605469,640,480,inferred_missing_left,-0.4171964168548584,0.6,259,320.0,0.0,372.9942932128906,186.4971466064453,372.9942932128906,411.0226745605469,1,,,"[[338, 408]]",
1533,train,25杭州,1591,E:\桌面\v-Net\dataset\26合并\25杭州\1591_1.7200.jpg,1.72,0.54,411.0226745605469,640,480,inferred_missing_left,-0.37289180755615237,0.6,259,320.0,0.0,401.3492431640625,200.67462158203125,401.3492431640625,411.0226745605469,1,,,"[[373, 431]]",
1534,train,25杭州,1592,E:\桌面\v-Net\dataset\26合并\25杭州\1592_1.7200.jpg,1.72,0.54,411.0226745605469,640,480,ok,-0.3193655461072922,1.0,259,320.0,15.421541213989258,420.18450927734375,217.8030252456665,404.7629680633545,,2,"[0, 33]","[392, 449]","[[0, 33], [392, 449]]",
1535,train,25杭州,1593,E:\桌面\v-Net\dataset\26合并\25杭州\1593_1.7200.jpg,1.72,0.54,411.0226745605469,640,480,ok,-0.282549986243248,1.0,259,320.0,30.445993423461914,428.7220153808594,229.58400440216064,398.27602195739746,,2,"[10, 50]","[401, 457]","[[10, 50], [401, 457]]",
1536,train,25杭州,1594,E:\桌面\v-Net\dataset\26合并\25杭州\1594_1.7200.jpg,1.72,0.54,411.0226745605469,640,480,ok,-0.19957525730133058,1.0,259,320.0,61.66136169433594,450.6104736328125,256.1359176635742,388.94911193847656,,2,"[41, 82]","[424, 478]","[[41, 82], [424, 478]]",
1537,train,25杭州,1595,E:\桌面\v-Net\dataset\26合并\25杭州\1595_0.0000.jpg,0.0,0.54,411.0226745605469,640,480,ok,-0.15498098134994506,1.0,259,320.0,77.27103424072266,463.5411376953125,270.4060859680176,386.27010345458984,,2,"[56, 98]","[438, 490]","[[56, 98], [438, 490]]",
1538,train,25杭州,1596,E:\桌面\v-Net\dataset\26合并\25杭州\1596_1.5100.jpg,1.51,0.54,411.0226745605469,640,480,ok,0.2967386245727539,1.0,259,320.0,307.64801025390625,522.2647094726562,414.95635986328125,214.61669921875,,2,"[273, 343]","[385, 639]","[[273, 343], [385, 639]]",
1539,train,25杭州,1597,E:\桌面\v-Net\dataset\26合并\25杭州\1597_0.0000.jpg,0.0,0.54,411.0226745605469,640,480,ok,-0.09209182262420654,1.0,259,320.0,98.19093322753906,482.87030029296875,290.5306167602539,384.6793670654297,,2,"[78, 118]","[459, 508]","[[78, 118], [459, 508]]",
1540,train,25杭州,1598,E:\桌面\v-Net\dataset\26合并\25杭州\1598_0.0000.jpg,0.0,0.54,411.0226745605469,640,480,ok,-0.08725537061691284,1.0,259,320.0,99.62390899658203,484.53265380859375,292.0782814025879,384.9087448120117,,2,"[79, 119]","[460, 509]","[[79, 119], [460, 509]]",
1541,train,25杭州,1599,E:\桌面\v-Net\dataset\26合并\25杭州\1599_0.0000.jpg,0.0,0.54,411.0226745605469,640,480,ok,-0.09290777444839478,1.0,259,320.0,97.52690887451172,483.0121154785156,290.2695121765137,385.4852066040039,,2,"[77, 117]","[460, 507]","[[77, 117], [460, 507]]",
1542,train,25杭州,1602,E:\桌面\v-Net\dataset\26合并\25杭州\1602_0.0000.jpg,0.0,0.54,411.0226745605469,640,480,ok,-0.14862613677978515,1.0,259,320.0,71.21524047851562,473.6640319824219,272.43963623046875,402.44879150390625,,2,"[0, 110]","[451, 497]","[[0, 110], [451, 497]]",
1543,train,25杭州,1603,E:\桌面\v-Net\dataset\26合并\25杭州\1603_0.0000.jpg,0.0,0.54,411.0226745605469,640,480,ok,-0.17307046055793762,1.0,259,320.0,58.0705680847168,471.1643371582031,264.61745262145996,413.0937690734863,,2,"[0, 106]","[449, 494]","[[0, 106], [449, 494]]",
1544,train,25杭州,1605,E:\桌面\v-Net\dataset\26合并\25杭州\1605_0.0000.jpg,0.0,0.54,411.0226745605469,640,480,ok,-0.1378113865852356,1.0,259,320.0,77.10994720458984,474.6907653808594,275.9003562927246,397.58081817626953,,2,"[64, 90]","[441, 523]","[[64, 90], [441, 523]]",
1545,train,25杭州,1606,E:\桌面\v-Net\dataset\26合并\25杭州\1606_0.0000.jpg,0.0,0.54,411.0226745605469,640,480,inferred_missing_left,-0.10269761085510254,0.6,259,320.0,81.62542724609375,492.6481018066406,287.1367645263672,411.0226745605469,411.0226745605469,1,,,"[[444, 563]]",
1546,train,25杭州,1607,E:\桌面\v-Net\dataset\26合并\25杭州\1607_1.5100.jpg,1.51,0.54,411.0226745605469,640,480,narrow_lane_width,,0.0,259,320.0,315.5513610839844,384.2047119140625,,68.65335083007812,,3,,,"[[284, 348], [372, 394], [405, 639]]",
1547,train,25杭州,1608,E:\桌面\v-Net\dataset\26合并\25杭州\1608_0.0000.jpg,0.0,0.54,411.0226745605469,640,480,inferred_missing_left,0.03448338508605957,0.6,259,320.0,125.52334594726562,536.5460205078125,331.03468322753906,411.0226745605469,411.0226745605469,1,,,"[[453, 623]]",
1548,train,25杭州,1609,E:\桌面\v-Net\dataset\26合并\25杭州\1609_0.0000.jpg,0.0,0.54,411.0226745605469,640,480,inferred_missing_left,0.11974587440490722,0.6,259,320.0,152.80734252929688,563.8300170898438,358.3186798095703,411.0226745605469,411.0226745605469,1,,,"[[463, 639]]",
1549,train,25杭州,1610,E:\桌面\v-Net\dataset\26合并\25杭州\1610_0.0000.jpg,0.0,0.54,411.0226745605469,640,480,inferred_missing_left,0.28189969062805176,0.6,259,320.0,204.69656372070312,615.71923828125,410.20790100097656,411.0226745605469,411.0226745605469,1,,,"[[579, 639]]",
1550,train,25杭州,1611,E:\桌面\v-Net\dataset\26合并\25杭州\1611_0.0000.jpg,0.0,0.54,411.0226745605469,640,480,inferred_missing_left,0.31950039863586427,0.6,259,320.0,216.72879028320312,627.75146484375,422.24012756347656,411.0226745605469,411.0226745605469,1,,,"[[612, 639]]",
1551,train,25杭州,1612,E:\桌面\v-Net\dataset\26合并\25杭州\1612_0.0000.jpg,0.0,0.54,411.0226745605469,640,480,insufficient_yellow_edges,,0.0,259,320.0,,,,,,0,,,[],
1552,train,25杭州,1614,E:\桌面\v-Net\dataset\26合并\25杭州\1614_0.0000.jpg,0.0,0.54,411.0226745605469,640,480,insufficient_yellow_edges,,0.0,259,320.0,,,,,,0,,,[],
1553,train,25杭州,1615,E:\桌面\v-Net\dataset\26合并\25杭州\1615_0.0000.jpg,0.0,0.54,411.0226745605469,640,480,insufficient_yellow_edges,,0.0,259,320.0,,,,,,0,,,[],
1554,train,25杭州,1616,E:\桌面\v-Net\dataset\26合并\25杭州\1616_0.0000.jpg,0.0,0.54,411.0226745605469,640,480,insufficient_yellow_edges,,0.0,259,320.0,,,,,,0,,,[],
1555,train,25杭州,1617,E:\桌面\v-Net\dataset\26合并\25杭州\1617_1.5100.jpg,1.51,0.54,411.0226745605469,640,480,insufficient_yellow_edges,,0.0,259,320.0,,,,,,3,,,"[[292, 353], [376, 412], [420, 639]]",
1556,train,25杭州,1619,E:\桌面\v-Net\dataset\26合并\25杭州\1619_1.5100.jpg,1.51,0.54,411.0226745605469,640,480,ok,0.31427512168884275,1.0,259,320.0,306.8857116699219,534.2503662109375,420.5680389404297,227.36465454101562,,2,"[267, 346]","[400, 639]","[[267, 346], [400, 639]]",
1557,train,25杭州,1622,E:\桌面\v-Net\dataset\26合并\25杭州\1622_1.5100.jpg,1.51,0.54,411.0226745605469,640,480,insufficient_yellow_edges,,0.0,259,320.0,,,,,,2,,,"[[358, 406], [432, 639]]",
1558,train,25杭州,1623,E:\桌面\v-Net\dataset\26合并\25杭州\1623_1.5100.jpg,1.51,0.54,411.0226745605469,640,480,insufficient_yellow_edges,,0.0,259,320.0,,,,,,2,,,"[[366, 413], [439, 639]]",
1559,train,25杭州,1627,E:\桌面\v-Net\dataset\26合并\25杭州\1627_1.5100.jpg,1.51,0.54,411.0226745605469,640,480,insufficient_yellow_edges,,0.0,259,320.0,,,,,,2,,,"[[430, 473], [498, 575]]",
1560,train,25杭州,1628,E:\桌面\v-Net\dataset\26合并\25杭州\1628_1.5100.jpg,1.51,0.54,411.0226745605469,640,480,insufficient_yellow_edges,,0.0,259,320.0,,,,,,2,,,"[[455, 498], [523, 639]]",
1561,train,25杭州,1630,E:\桌面\v-Net\dataset\26合并\25杭州\1630_1.5100.jpg,1.51,0.54,411.0226745605469,640,480,ok,0.07482385635375977,1.0,259,320.0,304.65899658203125,383.228271484375,343.9436340332031,78.56927490234375,,3,"[265, 343]","[378, 388]","[[265, 343], [378, 388], [401, 639]]",
1562,train,25杭州,1631,E:\桌面\v-Net\dataset\26合并\25杭州\1631_1.5100.jpg,1.51,0.54,411.0226745605469,640,480,insufficient_yellow_edges,,0.0,259,320.0,,,,,,2,,,"[[496, 538], [564, 639]]",
1563,train,25杭州,1632,E:\桌面\v-Net\dataset\26合并\25杭州\1632_1.5100.jpg,1.51,0.54,411.0226745605469,640,480,insufficient_yellow_edges,,0.0,259,320.0,,,,,,2,,,"[[512, 555], [581, 639]]",
1564,train,25杭州,1633,E:\桌面\v-Net\dataset\26合并\25杭州\1633_1.5100.jpg,1.51,0.54,411.0226745605469,640,480,insufficient_yellow_edges,,0.0,259,320.0,,,,,,2,,,"[[542, 585], [611, 639]]",
1565,train,25杭州,1634,E:\桌面\v-Net\dataset\26合并\25杭州\1634_1.5100.jpg,1.51,0.54,411.0226745605469,640,480,insufficient_yellow_edges,,0.0,259,320.0,,,,,,2,,,"[[560, 603], [631, 639]]",
1566,train,25杭州,1635,E:\桌面\v-Net\dataset\26合并\25杭州\1635_1.5100.jpg,1.51,0.54,411.0226745605469,640,480,inferred_missing_left,0.2976799488067627,0.6,259,320.0,209.74624633789062,620.7689208984375,415.25758361816406,411.0226745605469,411.0226745605469,1,,,"[[602, 639]]",
1567,train,25杭州,1636,E:\桌面\v-Net\dataset\26合并\25杭州\1636_1.5100.jpg,1.51,0.54,411.0226745605469,640,480,inferred_missing_left,0.341173791885376,0.6,259,320.0,223.66427612304688,634.6869506835938,429.1756134033203,411.0226745605469,411.0226745605469,1,,,"[[630, 639]]",
1568,train,25杭州,1637,E:\桌面\v-Net\dataset\26合并\25杭州\1637_1.5100.jpg,1.51,0.54,411.0226745605469,640,480,insufficient_yellow_edges,,0.0,259,320.0,,,,,,0,,,[],
1569,train,25杭州,1640,E:\桌面\v-Net\dataset\26合并\25杭州\1640_1.5100.jpg,1.51,0.54,411.0226745605469,640,480,inferred_missing_left,-0.39689044952392577,0.6,259,320.0,0.0,385.9901123046875,192.99505615234375,385.9901123046875,411.0226745605469,1,,,"[[380, 392]]",
1570,train,25杭州,1641,E:\桌面\v-Net\dataset\26合并\25杭州\1641_1.5100.jpg,1.51,0.54,411.0226745605469,640,480,ok,0.3018314838409424,1.0,259,320.0,309.0600891113281,524.112060546875,416.58607482910156,215.05197143554688,,2,"[270, 347]","[371, 639]","[[270, 347], [371, 639]]",
1571,train,25杭州,1643,E:\桌面\v-Net\dataset\26合并\25杭州\1643_1.5100.jpg,1.51,0.54,411.0226745605469,640,480,inferred_missing_left,-0.19471564292907714,0.6,259,320.0,52.179656982421875,463.20233154296875,257.6909942626953,411.0226745605469,411.0226745605469,1,,,"[[436, 490]]",
1572,train,25杭州,1646,E:\桌面\v-Net\dataset\26合并\25杭州\1646_1.5100.jpg,1.51,0.54,411.0226745605469,640,480,ok,0.01460450291633606,1.0,259,320.0,34.68568801879883,614.6611938476562,324.67344093322754,579.9755058288574,,2,"[0, 76]","[585, 639]","[[0, 76], [585, 639]]",
1573,train,25杭州,1647,E:\桌面\v-Net\dataset\26合并\25杭州\1647_1.5100.jpg,1.51,0.54,411.0226745605469,640,480,ok,0.05996389985084534,1.0,259,320.0,45.590518951416016,632.786376953125,339.1884479522705,587.195858001709,,2,"[0, 95]","[623, 639]","[[0, 95], [623, 639]]",
1574,train,25杭州,1648,E:\桌面\v-Net\dataset\26合并\25杭州\1648_1.5100.jpg,1.51,0.54,411.0226745605469,640,480,inferred_missing_right,-0.09949452877044677,0.6,259,320.0,82.6504135131836,493.67308807373047,288.16175079345703,411.0226745605469,411.0226745605469,1,,,"[[28, 135]]",
1575,train,25杭州,1651,E:\桌面\v-Net\dataset\26合并\25杭州\1651_-1.6200.jpg,-1.62,0.54,411.0226745605469,640,480,inferred_missing_right,0.14551758766174316,0.6,259,320.0,161.05429077148438,572.0769653320312,366.5656280517578,411.0226745605469,411.0226745605469,1,,,"[[113, 205]]",
1576,train,25杭州,1652,E:\桌面\v-Net\dataset\26合并\25杭州\1652_1.5100.jpg,1.51,0.54,411.0226745605469,640,480,ok,0.3044864654541016,1.0,259,320.0,313.21435546875,521.656982421875,417.4356689453125,208.442626953125,,2,"[275, 351]","[372, 639]","[[275, 351], [372, 639]]",
1577,train,25杭州,1653,E:\桌面\v-Net\dataset\26合并\25杭州\1653_-1.6200.jpg,-1.62,0.54,411.0226745605469,640,480,inferred_missing_right,0.20282135009765626,0.6,259,320.0,179.39149475097656,590.4141693115234,384.90283203125,411.0226745605469,411.0226745605469,1,,,"[[143, 213]]",
1578,train,25杭州,1654,E:\桌面\v-Net\dataset\26合并\25杭州\1654_-1.6200.jpg,-1.62,0.54,411.0226745605469,640,480,inferred_missing_right,0.21792998313903808,0.6,259,320.0,184.22625732421875,595.2489318847656,389.7375946044922,411.0226745605469,411.0226745605469,1,,,"[[152, 214]]",
1579,train,25杭州,1655,E:\桌面\v-Net\dataset\26合并\25杭州\1655_-1.6200.jpg,-1.62,0.54,411.0226745605469,640,480,inferred_missing_right,0.2233248233795166,0.6,259,320.0,185.95260620117188,596.9752807617188,391.4639434814453,411.0226745605469,411.0226745605469,1,,,"[[159, 211]]",
1580,train,25杭州,1657,E:\桌面\v-Net\dataset\26合并\25杭州\1657_-1.6200.jpg,-1.62,0.54,411.0226745605469,640,480,inferred_missing_right,0.1503957748413086,0.6,259,320.0,162.6153106689453,573.6379852294922,368.12664794921875,411.0226745605469,411.0226745605469,1,,,"[[141, 183]]",
1581,train,25杭州,1658,E:\桌面\v-Net\dataset\26合并\25杭州\1658_-1.6200.jpg,-1.62,0.54,411.0226745605469,640,480,inferred_missing_right,0.10502533912658692,0.6,259,320.0,148.09677124023438,559.1194458007812,353.6081085205078,411.0226745605469,411.0226745605469,1,,,"[[127, 168]]",
1582,train,25杭州,1659,E:\桌面\v-Net\dataset\26合并\25杭州\1659_-1.6200.jpg,-1.62,0.54,411.0226745605469,640,480,ok,0.1457081437110901,1.0,259,320.0,108.2834243774414,624.9697875976562,366.6266059875488,516.6863632202148,,2,"[89, 127]","[608, 639]","[[89, 127], [608, 639]]",
1583,train,25杭州,1660,E:\桌面\v-Net\dataset\26合并\25杭州\1660_-1.6200.jpg,-1.62,0.54,411.0226745605469,640,480,ok,0.09423273801803589,1.0,259,320.0,83.11064910888672,617.1983032226562,350.1544761657715,534.0876541137695,,2,"[59, 105]","[591, 639]","[[59, 105], [591, 639]]",
1584,train,25杭州,1661,E:\桌面\v-Net\dataset\26合并\25杭州\1661_-1.6200.jpg,-1.62,0.54,411.0226745605469,640,480,ok,-0.02870001196861267,1.0,259,320.0,20.62411880493164,601.0078735351562,310.81599617004395,580.3837547302246,,2,"[0, 49]","[556, 639]","[[0, 49], [556, 639]]",
1585,train,25杭州,1665,E:\桌面\v-Net\dataset\26合并\25杭州\1665_1.7200.jpg,1.72,0.54,411.0226745605469,640,480,inferred_missing_left,0.03613896369934082,0.6,259,320.0,126.05313110351562,537.0758056640625,331.56446838378906,411.0226745605469,411.0226745605469,1,,,"[[463, 613]]",
1586,train,25杭州,1666,E:\桌面\v-Net\dataset\26合并\25杭州\1666_1.7200.jpg,1.72,0.54,411.0226745605469,640,480,inferred_missing_left,-0.14069170951843263,0.6,259,320.0,69.46731567382812,480.489990234375,274.97865295410156,411.0226745605469,411.0226745605469,1,,,"[[400, 566]]",
1587,train,25杭州,1667,E:\桌面\v-Net\dataset\26合并\25杭州\1667_1.7200.jpg,1.72,0.54,411.0226745605469,640,480,inferred_missing_left,-0.22448945045471191,0.6,259,320.0,42.65203857421875,453.6747131347656,248.1633758544922,411.0226745605469,411.0226745605469,1,,,"[[379, 529]]",
1588,train,25杭州,1669,E:\桌面\v-Net\dataset\26合并\25杭州\1669_1.7200.jpg,1.72,0.54,411.0226745605469,640,480,inferred_missing_left,-0.39090490341186523,0.6,259,320.0,0.0,389.82086181640625,194.91043090820312,389.82086181640625,411.0226745605469,1,,,"[[326, 456]]",
1589,train,25杭州,1670,E:\桌面\v-Net\dataset\26合并\25杭州\1670_1.7200.jpg,1.72,0.54,411.0226745605469,640,480,inferred_missing_left,-0.4484391689300537,0.6,259,320.0,0.0,352.9989318847656,176.4994659423828,352.9989318847656,411.0226745605469,1,,,"[[293, 413]]",
1590,train,25杭州,1671,E:\桌面\v-Net\dataset\26合并\25杭州\1671_1.7200.jpg,1.72,0.54,411.0226745605469,640,480,inferred_missing_left,-0.45934553146362306,0.6,259,320.0,0.0,346.01885986328125,173.00942993164062,346.01885986328125,411.0226745605469,1,,,"[[291, 402]]",
1591,train,25杭州,1672,E:\桌面\v-Net\dataset\26合并\25杭州\1672_1.7200.jpg,1.72,0.54,411.0226745605469,640,480,inferred_missing_left,-0.4824026584625244,0.6,259,320.0,0.0,331.2622985839844,165.6311492919922,331.2622985839844,411.0226745605469,1,,,"[[283, 381]]",
1592,train,25杭州,1673,E:\桌面\v-Net\dataset\26合并\25杭州\1673_1.7200.jpg,1.72,0.54,411.0226745605469,640,480,inferred_missing_left,-0.4863767623901367,0.6,259,320.0,0.0,328.7188720703125,164.35943603515625,328.7188720703125,411.0226745605469,1,,,"[[284, 374]]",
1593,train,25杭州,1674,E:\桌面\v-Net\dataset\26合并\25杭州\1674_1.5100.jpg,1.51,0.54,411.0226745605469,640,480,ok,0.3212746620178223,1.0,259,320.0,318.34161376953125,527.274169921875,422.8078918457031,208.93255615234375,,2,"[284, 353]","[394, 639]","[[284, 353], [394, 639]]",
1594,train,25杭州,1675,E:\桌面\v-Net\dataset\26合并\25杭州\1675_1.7200.jpg,1.72,0.54,411.0226745605469,640,480,inferred_missing_left,-0.4839174747467041,0.6,259,320.0,0.0,330.2928161621094,165.1464080810547,330.2928161621094,411.0226745605469,1,,,"[[289, 372]]",
1595,train,25杭州,1677,E:\桌面\v-Net\dataset\26合并\25杭州\1677_1.7200.jpg,1.72,0.54,411.0226745605469,640,480,inferred_missing_left,-0.4610771656036377,0.6,259,320.0,0.0,344.9106140136719,172.45530700683594,344.9106140136719,411.0226745605469,1,,,"[[311, 380]]",
1596,train,25杭州,1680,E:\桌面\v-Net\dataset\26合并\25杭州\1680_1.7200.jpg,1.72,0.54,411.0226745605469,640,480,inferred_missing_left,-0.41365513801574705,0.6,259,320.0,0.0,375.2607116699219,187.63035583496094,375.2607116699219,411.0226745605469,1,,,"[[348, 404]]",
1597,train,25杭州,1682,E:\桌面\v-Net\dataset\26合并\25杭州\1682_1.7200.jpg,1.72,0.54,411.0226745605469,640,480,ok,-0.3544547498226166,1.0,259,320.0,9.426883697509766,403.7220764160156,206.5744800567627,394.29519271850586,,2,"[0, 22]","[376, 433]","[[0, 22], [376, 433]]",
1598,train,25杭州,1683,E:\桌面\v-Net\dataset\26合并\25杭州\1683_1.7200.jpg,1.72,0.54,411.0226745605469,640,480,ok,-0.27841435074806214,1.0,259,320.0,34.669612884521484,427.14520263671875,230.90740776062012,392.47558975219727,,2,"[13, 55]","[401, 453]","[[13, 55], [401, 453]]",
1599,train,25杭州,1684,E:\桌面\v-Net\dataset\26合并\25杭州\1684_0.0000.jpg,0.0,0.54,411.0226745605469,640,480,ok,-0.23449108004570007,1.0,259,320.0,50.98842239379883,438.9372863769531,244.96285438537598,387.9488639831543,,2,"[29, 72]","[414, 465]","[[29, 72], [414, 465]]",
1600,train,25杭州,1685,E:\桌面\v-Net\dataset\26合并\25杭州\1685_1.5100.jpg,1.51,0.54,411.0226745605469,640,480,insufficient_yellow_edges,,0.0,259,320.0,,,,,,3,,,"[[293, 356], [379, 401], [413, 639]]",
1601,train,25杭州,1686,E:\桌面\v-Net\dataset\26合并\25杭州\1686_0.0000.jpg,0.0,0.54,411.0226745605469,640,480,ok,-0.16658748388290406,1.0,259,320.0,74.69080352783203,458.6932067871094,266.6920051574707,384.00240325927734,,2,"[54, 95]","[435, 483]","[[54, 95], [435, 483]]",
1602,train,25杭州,1687,E:\桌面\v-Net\dataset\26合并\25杭州\1687_0.0000.jpg,0.0,0.54,411.0226745605469,640,480,ok,-0.16001615524291993,1.0,259,320.0,77.18496704101562,460.4046936035156,268.7948303222656,383.2197265625,,2,"[56, 98]","[437, 484]","[[56, 98], [437, 484]]",
1603,train,25杭州,1688,E:\桌面\v-Net\dataset\26合并\25杭州\1688_0.0000.jpg,0.0,0.54,411.0226745605469,640,480,ok,-0.1647711753845215,1.0,259,320.0,74.97698974609375,459.5694580078125,267.2732238769531,384.59246826171875,,2,"[54, 95]","[437, 483]","[[54, 95], [437, 483]]",
1604,train,25杭州,1689,E:\桌面\v-Net\dataset\26合并\25杭州\1689_0.0000.jpg,0.0,0.54,411.0226745605469,640,480,ok,-0.17196235656738282,1.0,259,320.0,72.56243896484375,457.38165283203125,264.9720458984375,384.8192138671875,,2,"[52, 93]","[435, 481]","[[52, 93], [435, 481]]",
1605,train,25杭州,1690,E:\桌面\v-Net\dataset\26合并\25杭州\1690_0.0000.jpg,0.0,0.54,411.0226745605469,640,480,ok,-0.18167508840560914,1.0,259,320.0,69.69522857666016,454.03271484375,261.8639717102051,384.33748626708984,,2,"[47, 90]","[432, 477]","[[47, 90], [432, 477]]",
1606,train,25杭州,1691,E:\桌面\v-Net\dataset\26合并\25杭州\1691_0.0000.jpg,0.0,0.54,411.0226745605469,640,480,ok,-0.18917498588562012,1.0,259,320.0,66.92013549804688,452.00787353515625,259.46400451660156,385.0877380371094,,2,"[42, 90]","[430, 475]","[[42, 90], [430, 475]]",
1607,train,25杭州,1692,E:\桌面\v-Net\dataset\26合并\25杭州\1692_0.0000.jpg,0.0,0.54,411.0226745605469,640,480,ok,-0.22534257769584656,1.0,259,320.0,46.46547317504883,449.3152770996094,247.8903751373291,402.84980392456055,,2,"[0, 85]","[428, 472]","[[0, 85], [428, 472]]",
1608,train,25杭州,1693,E:\桌面\v-Net\dataset\26合并\25杭州\1693_0.0000.jpg,0.0,0.54,411.0226745605469,640,480,ok,-0.2364937722682953,1.0,259,320.0,41.709598541259766,446.93438720703125,244.3219928741455,405.2247886657715,,2,"[0, 80]","[424, 470]","[[0, 80], [424, 470]]",
1609,train,25杭州,1694,E:\桌面\v-Net\dataset\26合并\25杭州\1694_0.0000.jpg,0.0,0.54,411.0226745605469,640,480,ok,-0.24752525091171265,1.0,259,320.0,35.545753479003906,446.0380859375,240.79191970825195,410.4923324584961,,2,"[0, 68]","[421, 472]","[[0, 68], [421, 472]]",
1610,train,25杭州,1695,E:\桌面\v-Net\dataset\26合并\25杭州\1695_0.0000.jpg,0.0,0.54,411.0226745605469,640,480,inferred_missing_left,-0.19837574958801268,0.6,259,320.0,51.0084228515625,462.0310974121094,256.51976013183594,411.0226745605469,411.0226745605469,1,,,"[[422, 524]]",
1611,train,25杭州,1696,E:\桌面\v-Net\dataset\26合并\25杭州\1696_1.5100.jpg,1.51,0.54,411.0226745605469,640,480,insufficient_yellow_edges,,0.0,259,320.0,,,,,,3,,,"[[300, 361], [384, 422], [427, 639]]",
1612,train,25杭州,1697,E:\桌面\v-Net\dataset\26合并\25杭州\1697_0.0000.jpg,0.0,0.54,411.0226745605469,640,480,inferred_missing_left,-0.07195897102355957,0.6,259,320.0,91.4617919921875,502.4844665527344,296.97312927246094,411.0226745605469,411.0226745605469,1,,,"[[428, 587]]",
1613,train,25杭州,1698,E:\桌面\v-Net\dataset\26合并\25杭州\1698_0.0000.jpg,0.0,0.54,411.0226745605469,640,480,inferred_missing_left,0.0013981342315673828,0.6,259,320.0,114.93606567382812,525.958740234375,320.44740295410156,411.0226745605469,411.0226745605469,1,,,"[[432, 613]]",
1614,train,25杭州,1699,E:\桌面\v-Net\dataset\26合并\25杭州\1699_0.0000.jpg,0.0,0.54,411.0226745605469,640,480,inferred_missing_left,0.2184298038482666,0.6,259,320.0,184.38619995117188,595.4088745117188,389.8975372314453,411.0226745605469,411.0226745605469,1,,,"[[533, 639]]",
1615,train,25杭州,1700,E:\桌面\v-Net\dataset\26合并\25杭州\1700_0.0000.jpg,0.0,0.54,411.0226745605469,640,480,inferred_missing_left,0.2770218372344971,0.6,259,320.0,203.13565063476562,614.1583251953125,408.64698791503906,411.0226745605469,411.0226745605469,1,,,"[[573, 639]]",
1616,train,25杭州,1701,E:\桌面\v-Net\dataset\26合并\25杭州\1701_0.0000.jpg,0.0,0.54,411.0226745605469,640,480,inferred_missing_left,0.34465203285217283,0.6,259,320.0,224.77731323242188,635.7999877929688,430.2886505126953,411.0226745605469,411.0226745605469,1,,,"[[632, 639]]",
1617,train,25杭州,1703,E:\桌面\v-Net\dataset\26合并\25杭州\1703_0.0000.jpg,0.0,0.54,411.0226745605469,640,480,insufficient_yellow_edges,,0.0,259,320.0,,,,,,0,,,[],
1618,train,25杭州,1704,E:\桌面\v-Net\dataset\26合并\25杭州\1704_0.0000.jpg,0.0,0.54,411.0226745605469,640,480,insufficient_yellow_edges,,0.0,259,320.0,,,,,,0,,,[],
1619,train,25杭州,1706,E:\桌面\v-Net\dataset\26合并\25杭州\1706_1.5100.jpg,1.51,0.54,411.0226745605469,640,480,insufficient_yellow_edges,,0.0,259,320.0,,,,,,3,,,"[[313, 371], [399, 452], [462, 639]]",
1620,train,25杭州,1708,E:\桌面\v-Net\dataset\26合并\25杭州\1708_0.0000.jpg,0.0,0.54,411.0226745605469,640,480,ok,0.006365203857421875,1.0,259,320.0,275.997314453125,368.076416015625,322.036865234375,92.0791015625,,5,"[253, 298]","[346, 391]","[[88, 133], [161, 203], [253, 298], [346, 391], [437, 639]]",
1621,train,25杭州,1709,E:\桌面\v-Net\dataset\26合并\25杭州\1709_0.0000.jpg,0.0,0.54,411.0226745605469,640,480,ok,-0.06151249408721924,1.0,259,320.0,110.06816101074219,490.5638427734375,300.31600189208984,380.4956817626953,,2,"[87, 132]","[470, 512]","[[87, 132], [470, 512]]",
1622,train,25杭州,1710,E:\桌面\v-Net\dataset\26合并\25杭州\1710_0.0000.jpg,0.0,0.54,411.0226745605469,640,480,ok,-0.06104954481124878,1.0,259,320.0,111.10205841064453,489.82623291015625,300.4641456604004,378.7241744995117,,2,"[88, 133]","[470, 511]","[[88, 133], [470, 511]]",
1623,train,25杭州,1711,E:\桌面\v-Net\dataset\26合并\25杭州\1711_0.0000.jpg,0.0,0.54,411.0226745605469,640,480,ok,-0.06211749315261841,1.0,259,320.0,110.10283660888672,490.1419677734375,300.1224021911621,380.0391311645508,,2,"[87, 132]","[470, 511]","[[87, 132], [470, 511]]",
1624,train,25杭州,1712,E:\桌面\v-Net\dataset\26合并\25杭州\1712_0.0000.jpg,0.0,0.54,411.0226745605469,640,480,ok,-0.06046067476272583,1.0,259,320.0,109.00878143310547,492.29638671875,300.65258407592773,383.28760528564453,,2,"[86, 131]","[474, 511]","[[86, 131], [474, 511]]",
1625,train,25杭州,1713,E:\桌面\v-Net\dataset\26合并\25杭州\1713_0.0000.jpg,0.0,0.54,411.0226745605469,640,480,ok,-0.0586054801940918,1.0,259,320.0,108.34210205078125,494.150390625,301.2462463378906,385.80828857421875,,2,"[86, 130]","[478, 511]","[[86, 130], [478, 511]]",
1626,train,25杭州,1714,E:\桌面\v-Net\dataset\26合并\25杭州\1714_0.0000.jpg,0.0,0.54,411.0226745605469,640,480,ok,-0.05434474945068359,1.0,259,320.0,108.03753662109375,497.18182373046875,302.60968017578125,389.144287109375,,2,"[85, 130]","[486, 509]","[[85, 130], [486, 509]]",
1627,train,25杭州,1715,E:\桌面\v-Net\dataset\26合并\25杭州\1715_0.0000.jpg,0.0,0.54,411.0226745605469,640,480,inferred_missing_right,-0.014844512939453125,0.6,259,320.0,109.73841857910156,520.7610931396484,315.249755859375,411.0226745605469,411.0226745605469,1,,,"[[87, 132]]",
1628,train,25杭州,1716,E:\桌面\v-Net\dataset\26合并\25杭州\1716_0.0000.jpg,0.0,0.54,411.0226745605469,640,480,ok,-0.07479209899902343,1.0,259,320.0,107.97906494140625,484.15399169921875,296.0665283203125,376.1749267578125,,2,"[85, 130]","[469, 499]","[[85, 130], [469, 499]]",
1629,train,25杭州,1718,E:\桌面\v-Net\dataset\26合并\25杭州\1718_0.0000.jpg,0.0,0.54,411.0226745605469,640,480,ok,0.018789339065551757,1.0,259,320.0,279.7480773925781,372.277099609375,326.01258850097656,92.52902221679688,,5,"[257, 302]","[350, 395]","[[93, 137], [169, 207], [257, 302], [350, 395], [442, 639]]",
1630,train,25杭州,1719,E:\桌面\v-Net\dataset\26合并\25杭州\1719_0.0000.jpg,0.0,0.54,411.0226745605469,640,480,ok,-0.045492243766784665,1.0,259,320.0,115.55500793457031,495.3299560546875,305.4424819946289,379.7749481201172,,2,"[93, 137]","[475, 517]","[[93, 137], [475, 517]]",
1631,train,25杭州,1722,E:\桌面\v-Net\dataset\26合并\25杭州\1722_0.0000.jpg,0.0,0.54,411.0226745605469,640,480,ok,-0.037673544883728025,1.0,259,320.0,114.66407775878906,501.224853515625,307.94446563720703,386.56077575683594,,2,"[92, 137]","[486, 517]","[[92, 137], [486, 517]]",
1632,train,25杭州,1723,E:\桌面\v-Net\dataset\26合并\25杭州\1723_0.0000.jpg,0.0,0.54,411.0226745605469,640,480,ok,-0.034336745738983154,1.0,259,320.0,115.51361846923828,502.5108642578125,309.0122413635254,386.9972457885742,,2,"[93, 138]","[489, 517]","[[93, 138], [489, 517]]",
1633,train,25杭州,1724,E:\桌面\v-Net\dataset\26合并\25杭州\1724_0.0000.jpg,0.0,0.54,411.0226745605469,640,480,ok,-0.05753321647644043,1.0,259,320.0,115.58349609375,487.5952453613281,301.58937072753906,372.0117492675781,,2,"[93, 138]","[476, 499]","[[93, 138], [476, 499]]",
1634,train,25杭州,1725,E:\桌面\v-Net\dataset\26合并\25杭州\1725_0.0000.jpg,0.0,0.54,411.0226745605469,640,480,ok,0.014601945877075195,1.0,259,320.0,280.3296203613281,369.015625,324.67262268066406,88.68600463867188,,5,"[259, 301]","[349, 391]","[[84, 138], [163, 211], [259, 301], [349, 391], [436, 639]]",
1635,train,25杭州,1728,E:\桌面\v-Net\dataset\26合并\25杭州\1728_0.0000.jpg,0.0,0.54,411.0226745605469,640,480,ok,-0.04656505584716797,1.0,259,320.0,115.61325073242188,494.5851135253906,305.09918212890625,378.97186279296875,,2,"[93, 137]","[474, 516]","[[93, 137], [474, 516]]",
1636,train,25杭州,1729,E:\桌面\v-Net\dataset\26合并\25杭州\1729_0.0000.jpg,0.0,0.54,411.0226745605469,640,480,ok,-0.04507029056549072,1.0,259,320.0,115.45726013183594,495.69775390625,305.57750701904297,380.24049377441406,,2,"[93, 137]","[475, 517]","[[93, 137], [475, 517]]",
1637,train,25杭州,1731,E:\桌面\v-Net\dataset\26合并\25杭州\1731_0.0000.jpg,0.0,0.54,411.0226745605469,640,480,ok,-0.0385575532913208,1.0,259,320.0,113.95622253417969,501.366943359375,307.66158294677734,387.4107208251953,,2,"[91, 136]","[486, 517]","[[91, 136], [486, 517]]",
1638,train,25杭州,1733,E:\桌面\v-Net\dataset\26合并\25杭州\1733_0.0000.jpg,0.0,0.54,411.0226745605469,640,480,ok,-0.05794070959091187,1.0,259,320.0,115.6943130493164,487.2236328125,301.4589729309082,371.5293197631836,,2,"[93, 138]","[475, 499]","[[93, 138], [475, 499]]",
1639,train,25杭州,1734,E:\桌面\v-Net\dataset\26合并\25杭州\1734_0.0000.jpg,0.0,0.54,411.0226745605469,640,480,ok,0.03797001838684082,1.0,259,320.0,287.9866027832031,376.314208984375,332.15040588378906,88.32760620117188,,5,"[266, 310]","[356, 398]","[[99, 145], [170, 219], [266, 310], [356, 398], [444, 639]]",
1640,train,25杭州,1735,E:\桌面\v-Net\dataset\26合并\25杭州\1735_0.0000.jpg,0.0,0.54,411.0226745605469,640,480,ok,0.04244675636291504,1.0,259,320.0,287.28131103515625,379.8846130371094,333.5829620361328,92.60330200195312,,4,"[264, 309]","[358, 402]","[[101, 145], [264, 309], [358, 402], [450, 639]]",
1641,train,25杭州,1736,E:\桌面\v-Net\dataset\26合并\25杭州\1736_0.0000.jpg,0.0,0.54,411.0226745605469,640,480,ok,-0.023563027381896973,1.0,259,320.0,121.52250671386719,503.39715576171875,312.45983123779297,381.87464904785156,,2,"[99, 143]","[483, 525]","[[99, 143], [483, 525]]",
1642,train,25杭州,1740,E:\桌面\v-Net\dataset\26合并\25杭州\1740_0.0000.jpg,0.0,0.54,411.0226745605469,640,480,ok,-0.015064024925231933,1.0,259,320.0,121.30506896972656,509.053955078125,315.1795120239258,387.74888610839844,,2,"[99, 143]","[494, 525]","[[99, 143], [494, 525]]",
1643,train,25杭州,1741,E:\桌面\v-Net\dataset\26合并\25杭州\1741_0.0000.jpg,0.0,0.54,411.0226745605469,640,480,ok,-0.010576128959655762,1.0,259,320.0,122.17137145996094,511.0599060058594,316.61563873291016,388.88853454589844,,2,"[100, 144]","[499, 524]","[[100, 144], [499, 524]]",
1644,train,25茂华,0,E:\桌面\v-Net\dataset\26合并\25茂华\2\2 (10)\0_0.0000.jpg,0.0,0.54,411.0226745605469,640,480,ok,-0.05540558099746704,1.0,259,320.0,93.4096908569336,511.1307373046875,302.27021408081055,417.7210464477539,,2,"[65, 120]","[486, 537]","[[65, 120], [486, 537]]",
1645,train,25茂华,0,E:\桌面\v-Net\dataset\26合并\25茂华\2\2 (12)\0_0.0000.jpg,0.0,0.54,411.0226745605469,640,480,ok,-0.05762292146682739,1.0,259,320.0,94.33592987060547,508.785400390625,301.56066513061523,414.44947052001953,,2,"[69, 119]","[484, 535]","[[69, 119], [484, 535]]",
1646,train,25茂华,0,E:\桌面\v-Net\dataset\26合并\25茂华\2\2 (14)\0_0.0000.jpg,0.0,0.54,411.0226745605469,640,480,ok,-0.04654439687728882,1.0,259,320.0,97.58609771728516,512.62548828125,305.1057929992676,415.03939056396484,,2,"[72, 122]","[488, 538]","[[72, 122], [488, 538]]",
1647,train,25茂华,0,E:\桌面\v-Net\dataset\26合并\25茂华\2\2 (15)\0_0.0000.jpg,0.0,0.54,411.0226745605469,640,480,ok,-0.004270374774932861,1.0,259,320.0,110.73796844482422,526.5289916992188,318.6334800720215,415.79102325439453,,2,"[84, 136]","[502, 552]","[[84, 136], [502, 552]]",
1648,train,25茂华,0,E:\桌面\v-Net\dataset\26合并\25茂华\2\2 (16)\0_0.0000.jpg,0.0,0.54,411.0226745605469,640,480,ok,-0.02052161693572998,1.0,259,320.0,105.35505676269531,521.5111083984375,313.4330825805664,416.1560516357422,,2,"[79, 130]","[496, 548]","[[79, 130], [496, 548]]",
1649,train,25茂华,0,E:\桌面\v-Net\dataset\26合并\25茂华\2\2 (4)\0_0.0000.jpg,0.0,0.54,411.0226745605469,640,480,ok,-0.019533264636993408,1.0,259,320.0,106.63567352294922,520.863037109375,313.7493553161621,414.2273635864258,,2,"[80, 132]","[496, 547]","[[80, 132], [496, 547]]",
1650,train,25茂华,0,E:\桌面\v-Net\dataset\26合并\25茂华\2\2 (6)\0_0.0000.jpg,0.0,0.54,411.0226745605469,640,480,ok,-0.029570245742797853,1.0,259,320.0,102.56350708007812,518.5115356445312,310.5375213623047,415.9480285644531,,2,"[77, 127]","[494, 544]","[[77, 127], [494, 544]]",
1651,train,25茂华,0,E:\桌面\v-Net\dataset\26合并\25茂华\2\2 (9)\0_0.0000.jpg,0.0,0.54,411.0226745605469,640,480,ok,-0.04283838272094727,1.0,259,320.0,97.58416748046875,514.999267578125,306.2917175292969,417.41510009765625,,2,"[71, 122]","[489, 542]","[[71, 122], [489, 542]]",
1652,train,25茂华,0,E:\桌面\v-Net\dataset\26合并\25茂华\2\2\0_0.0000.jpg,0.0,0.54,411.0226745605469,640,480,ok,-0.008058977127075196,1.0,259,320.0,110.04904174804688,524.793212890625,317.42112731933594,414.7441711425781,,2,"[84, 135]","[500, 550]","[[84, 135], [500, 550]]",
1653,train,25茂华,1,E:\桌面\v-Net\dataset\26合并\25茂华\2\2 (11)\1_0.0000.jpg,0.0,0.54,411.0226745605469,640,480,ok,-0.03896782398223877,1.0,259,320.0,100.01487731933594,515.0457153320312,307.5302963256836,415.0308380126953,,2,"[73, 126]","[490, 541]","[[73, 126], [490, 541]]",
1654,train,25茂华,1,E:\桌面\v-Net\dataset\26合并\25茂华\2\2 (12)\1_0.0000.jpg,0.0,0.54,411.0226745605469,640,480,ok,-0.06015685796737671,1.0,259,320.0,92.5811538696289,508.91845703125,300.74980545043945,416.3373031616211,,2,"[66, 119]","[484, 535]","[[66, 119], [484, 535]]",
1655,train,25茂华,1,E:\桌面\v-Net\dataset\26合并\25茂华\2\2 (13)\1_0.0000.jpg,0.0,0.54,411.0226745605469,640,480,ok,-0.046449577808380126,1.0,259,320.0,96.57494354248047,513.6973266601562,305.13613510131836,417.1223831176758,,2,"[71, 121]","[489, 540]","[[71, 121], [489, 540]]",
1656,train,25茂华,1,E:\桌面\v-Net\dataset\26合并\25茂华\2\2 (14)\1_0.0000.jpg,0.0,0.54,411.0226745605469,640,480,ok,-0.048897063732147215,1.0,259,320.0,96.15058135986328,512.5552978515625,304.3529396057129,416.4047164916992,,2,"[71, 121]","[488, 538]","[[71, 121], [488, 538]]",
1657,train,25茂华,1,E:\桌面\v-Net\dataset\26合并\25茂华\2\2 (15)\1_0.0000.jpg,0.0,0.54,411.0226745605469,640,480,ok,-0.004114913940429688,1.0,259,320.0,110.28009033203125,527.0863647460938,318.6832275390625,416.8062744140625,,2,"[84, 136]","[503, 552]","[[84, 136], [503, 552]]",
1658,train,25茂华,1,E:\桌面\v-Net\dataset\26合并\25茂华\2\2 (16)\1_0.0000.jpg,0.0,0.54,411.0226745605469,640,480,ok,-0.021668756008148195,1.0,259,320.0,105.14969635009766,520.9822998046875,313.0659980773926,415.83260345458984,,2,"[79, 130]","[496, 547]","[[79, 130], [496, 547]]",
1659,train,25茂华,1,E:\桌面\v-Net\dataset\26合并\25茂华\2\2 (18)\1_0.0000.jpg,0.0,0.54,411.0226745605469,640,480,ok,-0.045187735557556154,1.0,259,320.0,98.42433166503906,512.655517578125,305.53992462158203,414.23118591308594,,2,"[72, 124]","[488, 538]","[[72, 124], [488, 538]]",
1660,train,25茂华,1,E:\桌面\v-Net\dataset\26合并\25茂华\2\2 (3)\1_0.0000.jpg,0.0,0.54,411.0226745605469,640,480,ok,-0.03220956325531006,1.0,259,320.0,102.33906555175781,517.0468139648438,309.6929397583008,414.70774841308594,,2,"[77, 127]","[492, 543]","[[77, 127], [492, 543]]",
1661,train,25茂华,1,E:\桌面\v-Net\dataset\26合并\25茂华\2\2 (4)\1_0.0000.jpg,0.0,0.54,411.0226745605469,640,480,ok,-0.020892179012298583,1.0,259,320.0,105.85233306884766,520.7766723632812,313.31450271606445,414.9243392944336,,2,"[80, 131]","[496, 547]","[[80, 131], [496, 547]]",
1662,train,25茂华,1,E:\桌面\v-Net\dataset\26合并\25茂华\2\2 (5)\1_0.0000.jpg,0.0,0.54,411.0226745605469,640,480,ok,-0.06372511386871338,1.0,259,320.0,92.63240051269531,506.5835266113281,299.6079635620117,413.9511260986328,,2,"[67, 118]","[482, 532]","[[67, 118], [482, 532]]",
1663,train,25茂华,1,E:\桌面\v-Net\dataset\26合并\25茂华\2\2 (6)\1_0.0000.jpg,0.0,0.54,411.0226745605469,640,480,ok,-0.031488454341888426,1.0,259,320.0,101.9668960571289,517.8804931640625,309.9236946105957,415.9135971069336,,2,"[76, 127]","[493, 543]","[[76, 127], [493, 543]]",
1664,train,25茂华,1,E:\桌面\v-Net\dataset\26合并\25茂华\2\2 (7)\1_0.0000.jpg,0.0,0.54,411.0226745605469,640,480,ok,-0.04586324691772461,1.0,259,320.0,96.55572509765625,514.091796875,305.3237609863281,417.53607177734375,,2,"[71, 121]","[490, 539]","[[71, 121], [490, 539]]",
1665,train,25茂华,1,E:\桌面\v-Net\dataset\26合并\25茂华\2\2 (8)\1_0.0000.jpg,0.0,0.54,411.0226745605469,640,480,ok,-0.016149628162384033,1.0,259,320.0,106.78276824951172,522.8814697265625,314.8321189880371,416.0987014770508,,2,"[80, 133]","[498, 549]","[[80, 133], [498, 549]]",
1666,train,25茂华,1,E:\桌面\v-Net\dataset\26合并\25茂华\2\2\1_0.0000.jpg,0.0,0.54,411.0226745605469,640,480,ok,-0.008336675167083741,1.0,259,320.0,109.3389663696289,525.3255615234375,317.3322639465332,415.9865951538086,,2,"[83, 135]","[501, 551]","[[83, 135], [501, 551]]",
1667,train,25茂华,2,E:\桌面\v-Net\dataset\26合并\25茂华\2\2 (10)\2_0.0000.jpg,0.0,0.54,411.0226745605469,640,480,ok,-0.06144993305206299,1.0,259,320.0,92.01200866699219,508.6600341796875,300.33602142333984,416.6480255126953,,2,"[64, 119]","[484, 535]","[[64, 119], [484, 535]]",
1668,train,25茂华,2,E:\桌面\v-Net\dataset\26合并\25茂华\2\2 (11)\2_0.0000.jpg,0.0,0.54,411.0226745605469,640,480,ok,-0.03937044143676758,1.0,259,320.0,99.6639404296875,515.1389770507812,307.4014587402344,415.47503662109375,,2,"[73, 126]","[490, 541]","[[73, 126], [490, 541]]",
1669,train,25茂华,2,E:\桌面\v-Net\dataset\26合并\25茂华\2\2 (13)\2_0.0000.jpg,0.0,0.54,411.0226745605469,640,480,ok,-0.049060714244842527,1.0,259,320.0,95.50421905517578,513.096923828125,304.3005714416504,417.5927047729492,,2,"[70, 120]","[488, 539]","[[70, 120], [488, 539]]",
1670,train,25茂华,2,E:\桌面\v-Net\dataset\26合并\25茂华\2\2 (14)\2_0.0000.jpg,0.0,0.54,411.0226745605469,640,480,ok,-0.051190948486328124,1.0,259,320.0,95.51510620117188,511.7226867675781,303.618896484375,416.20758056640625,,2,"[70, 120]","[487, 537]","[[70, 120], [487, 537]]",
1671,train,25茂华,2,E:\桌面\v-Net\dataset\26合并\25茂华\2\2 (15)\2_0.0000.jpg,0.0,0.54,411.0226745605469,640,480,ok,-0.0037926793098449706,1.0,259,320.0,110.54326629638672,527.0294189453125,318.7863426208496,416.4861526489258,,2,"[84, 136]","[503, 552]","[[84, 136], [503, 552]]",
1672,train,25茂华,2,E:\桌面\v-Net\dataset\26合并\25茂华\2\2 (17)\2_0.0000.jpg,0.0,0.54,411.0226745605469,640,480,ok,-0.05383470058441162,1.0,259,320.0,94.52268981933594,511.0231018066406,302.7728958129883,416.5004119873047,,2,"[68, 120]","[486, 537]","[[68, 120], [486, 537]]",
1673,train,25茂华,2,E:\桌面\v-Net\dataset\26合并\25茂华\2\2 (18)\2_0.0000.jpg,0.0,0.54,411.0226745605469,640,480,ok,-0.04823966026306152,1.0,259,320.0,96.13119506835938,512.9954223632812,304.5633087158203,416.8642272949219,,2,"[70, 121]","[488, 539]","[[70, 121], [488, 539]]",
1674,train,25茂华,2,E:\桌面\v-Net\dataset\26合并\25茂华\2\2 (2)\2_0.0000.jpg,0.0,0.54,411.0226745605469,640,480,ok,-0.03416588306427002,1.0,259,320.0,101.96714782714844,516.1666870117188,309.0669174194336,414.1995391845703,,2,"[76, 127]","[491, 542]","[[76, 127], [491, 542]]",
1675,train,25茂华,2,E:\桌面\v-Net\dataset\26合并\25茂华\2\2 (3)\2_0.0000.jpg,0.0,0.54,411.0226745605469,640,480,ok,-0.0342299222946167,1.0,259,320.0,101.67567443847656,516.4171752929688,309.04642486572266,414.7415008544922,,2,"[76, 127]","[492, 542]","[[76, 127], [492, 542]]",
1676,train,25茂华,2,E:\桌面\v-Net\dataset\26合并\25茂华\2\2 (4)\2_0.0000.jpg,0.0,0.54,411.0226745605469,640,480,ok,-0.021264517307281496,1.0,259,320.0,105.63802337646484,520.752685546875,313.1953544616699,415.11466217041016,,2,"[80, 131]","[496, 547]","[[80, 131], [496, 547]]",
1677,train,25茂华,2,E:\桌面\v-Net\dataset\26合并\25茂华\2\2 (5)\2_0.0000.jpg,0.0,0.54,411.0226745605469,640,480,ok,-0.06879744529724122,1.0,259,320.0,89.94039916992188,506.02923583984375,297.9848175048828,416.0888366699219,,2,"[64, 115]","[481, 532]","[[64, 115], [481, 532]]",
1678,train,25茂华,2,E:\桌面\v-Net\dataset\26合并\25茂华\2\2 (6)\2_0.0000.jpg,0.0,0.54,411.0226745605469,640,480,ok,-0.03227696418762207,1.0,259,320.0,102.40786743164062,516.9348754882812,309.67137145996094,414.5270080566406,,2,"[76, 127]","[492, 543]","[[76, 127], [492, 543]]",
1679,train,25茂华,2,E:\桌面\v-Net\dataset\26合并\25茂华\2\2 (7)\2_0.0000.jpg,0.0,0.54,411.0226745605469,640,480,ok,-0.04678276777267456,1.0,259,320.0,96.41706085205078,513.6419677734375,305.02951431274414,417.2249069213867,,2,"[71, 121]","[489, 539]","[[71, 121], [489, 539]]",
1680,train,25茂华,2,E:\桌面\v-Net\dataset\26合并\25茂华\2\2 (8)\2_0.0000.jpg,0.0,0.54,411.0226745605469,640,480,ok,-0.01631336212158203,1.0,259,320.0,106.548095703125,523.0113525390625,314.77972412109375,416.4632568359375,,2,"[80, 132]","[498, 549]","[[80, 132], [498, 549]]",
1681,train,25茂华,2,E:\桌面\v-Net\dataset\26合并\25茂华\2\2 (9)\2_0.0000.jpg,0.0,0.54,411.0226745605469,640,480,ok,-0.04656563997268677,1.0,259,320.0,95.80907440185547,514.388916015625,305.09899520874023,418.57984161376953,,2,"[70, 121]","[489, 541]","[[70, 121], [489, 541]]",
1682,train,25茂华,2,E:\桌面\v-Net\dataset\26合并\25茂华\2\2\2_0.0000.jpg,0.0,0.54,411.0226745605469,640,480,ok,-0.00976017713546753,1.0,259,320.0,108.90277862548828,524.8507080078125,316.8767433166504,415.9479293823242,,2,"[83, 134]","[500, 550]","[[83, 134], [500, 550]]",
1683,train,25茂华,3,E:\桌面\v-Net\dataset\26合并\25茂华\2\2 (11)\3_0.0000.jpg,0.0,0.54,411.0226745605469,640,480,ok,-0.04068117141723633,1.0,259,320.0,98.28656005859375,515.677490234375,306.9820251464844,417.39093017578125,,2,"[72, 124]","[491, 542]","[[72, 124], [491, 542]]",
1684,train,25茂华,3,E:\桌面\v-Net\dataset\26合并\25茂华\2\2 (13)\3_0.0000.jpg,0.0,0.54,411.0226745605469,640,480,ok,-0.05256651639938355,1.0,259,320.0,94.26636505126953,512.091064453125,303.17871475219727,417.82469940185547,,2,"[68, 119]","[488, 537]","[[68, 119], [488, 537]]",
1685,train,25茂华,3,E:\桌面\v-Net\dataset\26合并\25茂华\2\2 (14)\3_0.0000.jpg,0.0,0.54,411.0226745605469,640,480,ok,-0.054948616027832034,1.0,259,320.0,93.94961547851562,510.8832702636719,302.41644287109375,416.93365478515625,,2,"[68, 119]","[487, 536]","[[68, 119], [487, 536]]",
1686,train,25茂华,3,E:\桌面\v-Net\dataset\26合并\25茂华\2\2 (15)\3_0.0000.jpg,0.0,0.54,411.0226745605469,640,480,ok,-0.0027730464935302734,1.0,259,320.0,110.80795288085938,527.4172973632812,319.1126251220703,416.6093444824219,,2,"[84, 136]","[503, 553]","[[84, 136], [503, 553]]",
1687,train,25茂华,3,E:\桌面\v-Net\dataset\26合并\25茂华\2\2 (17)\3_0.0000.jpg,0.0,0.54,411.0226745605469,640,480,ok,-0.0576458215713501,1.0,259,320.0,92.67921447753906,510.4274597167969,301.55333709716797,417.7482452392578,,2,"[66, 118]","[487, 535]","[[66, 118], [487, 535]]",
1688,train,25茂华,3,E:\桌面\v-Net\dataset\26合并\25茂华\2\2 (18)\3_0.0000.jpg,0.0,0.54,411.0226745605469,640,480,ok,-0.04912536144256592,1.0,259,320.0,95.53669738769531,513.0230712890625,304.2798843383789,417.4863739013672,,2,"[70, 120]","[488, 539]","[[70, 120], [488, 539]]",
1689,train,25茂华,3,E:\桌面\v-Net\dataset\26合并\25茂华\2\2 (2)\3_0.0000.jpg,0.0,0.54,411.0226745605469,640,480,ok,-0.03608980178833008,1.0,259,320.0,100.04559326171875,516.85693359375,308.4512634277344,416.81134033203125,,2,"[74, 125]","[492, 543]","[[74, 125], [492, 543]]",
1690,train,25茂华,3,E:\桌面\v-Net\dataset\26合并\25茂华\2\2 (3)\3_0.0000.jpg,0.0,0.54,411.0226745605469,640,480,ok,-0.03764243125915527,1.0,259,320.0,99.98922729492188,515.9196166992188,307.9544219970703,415.9303894042969,,2,"[74, 125]","[491, 542]","[[74, 125], [491, 542]]",
1691,train,25茂华,3,E:\桌面\v-Net\dataset\26合并\25茂华\2\2 (4)\3_0.0000.jpg,0.0,0.54,411.0226745605469,640,480,ok,-0.022424328327178954,1.0,259,320.0,104.78923797607422,520.8591918945312,312.82421493530273,416.06995391845703,,2,"[79, 130]","[496, 547]","[[79, 130], [496, 547]]",
1692,train,25茂华,3,E:\桌面\v-Net\dataset\26合并\25茂华\2\2 (6)\3_0.0000.jpg,0.0,0.54,411.0226745605469,640,480,ok,-0.03279080390930176,1.0,259,320.0,101.45858764648438,517.5552978515625,309.50694274902344,416.0967102050781,,2,"[75, 127]","[493, 543]","[[75, 127], [493, 543]]",
1693,train,25茂华,3,E:\桌面\v-Net\dataset\26合并\25茂华\2\2 (8)\3_0.0000.jpg,0.0,0.54,411.0226745605469,640,480,ok,-0.015980219841003417,1.0,259,320.0,106.67066955566406,523.1019897460938,314.8863296508789,416.4313201904297,,2,"[80, 132]","[498, 549]","[[80, 132], [498, 549]]",
1694,train,25茂华,3,E:\桌面\v-Net\dataset\26合并\25茂华\2\2 (9)\3_0.0000.jpg,0.0,0.54,411.0226745605469,640,480,ok,-0.04938936233520508,1.0,259,320.0,96.18133544921875,512.20947265625,304.1954040527344,416.02813720703125,,2,"[70, 121]","[487, 538]","[[70, 121], [487, 538]]",
1695,train,25茂华,3,E:\桌面\v-Net\dataset\26合并\25茂华\2\2\3_0.0000.jpg,0.0,0.54,411.0226745605469,640,480,ok,-0.008287656307220458,1.0,259,320.0,109.1955337524414,525.5003662109375,317.34794998168945,416.3048324584961,,2,"[83, 134]","[501, 551]","[[83, 134], [501, 551]]",
1696,train,25茂华,4,E:\桌面\v-Net\dataset\26合并\25茂华\2\2 (10)\4_0.0000.jpg,0.0,0.54,411.0226745605469,640,480,ok,-0.06874847412109375,1.0,259,320.0,89.61526489257812,506.3857116699219,298.00048828125,416.77044677734375,,2,"[63, 116]","[480, 532]","[[63, 116], [480, 532]]",
1697,train,25茂华,4,E:\桌面\v-Net\dataset\26合并\25茂华\2\2 (11)\4_0.0000.jpg,0.0,0.54,411.0226745605469,640,480,ok,-0.042038023471832275,1.0,259,320.0,98.5908432006836,514.5048217773438,306.5478324890137,415.91397857666016,,2,"[72, 126]","[488, 541]","[[72, 126], [488, 541]]",
1698,train,25茂华,4,E:\桌面\v-Net\dataset\26合并\25茂华\2\2 (12)\4_0.0000.jpg,0.0,0.54,411.0226745605469,640,480,ok,-0.07195309400558472,1.0,259,320.0,89.3969497680664,504.5530700683594,296.9750099182129,415.15612030029297,,2,"[63, 116]","[478, 531]","[[63, 116], [478, 531]]",
1699,train,25茂华,4,E:\桌面\v-Net\dataset\26合并\25茂华\2\2 (13)\4_0.0000.jpg,0.0,0.54,411.0226745605469,640,480,ok,-0.05745918750762939,1.0,259,320.0,93.27430725097656,509.9518127441406,301.6130599975586,416.67750549316406,,2,"[67, 120]","[486, 535]","[[67, 120], [486, 535]]",
1700,train,25茂华,4,E:\桌面\v-Net\dataset\26合并\25茂华\2\2 (14)\4_0.0000.jpg,0.0,0.54,411.0226745605469,640,480,ok,-0.057881641387939456,1.0,259,320.0,93.83123779296875,509.12451171875,301.4778747558594,415.29327392578125,,2,"[68, 120]","[484, 535]","[[68, 120], [484, 535]]",
1701,train,25茂华,4,E:\桌面\v-Net\dataset\26合并\25茂华\2\2 (17)\4_0.0000.jpg,0.0,0.54,411.0226745605469,640,480,ok,-0.06301177740097046,1.0,259,320.0,91.73062896728516,507.94183349609375,299.83623123168945,416.2112045288086,,2,"[65, 119]","[481, 534]","[[65, 119], [481, 534]]",
1702,train,25茂华,4,E:\桌面\v-Net\dataset\26合并\25茂华\2\2 (2)\4_0.0000.jpg,0.0,0.54,411.0226745605469,640,480,ok,-0.03588392734527588,1.0,259,320.0,101.38328552246094,515.6510009765625,308.5171432495117,414.26771545410156,,2,"[75, 128]","[489, 542]","[[75, 128], [489, 542]]",
1703,train,25茂华,4,E:\桌面\v-Net\dataset\26合并\25茂华\2\2 (3)\4_0.0000.jpg,0.0,0.54,411.0226745605469,640,480,ok,-0.039476871490478516,1.0,259,320.0,100.04681396484375,514.68798828125,307.3674011230469,414.64117431640625,,2,"[74, 126]","[490, 540]","[[74, 126], [490, 540]]",
1704,train,25茂华,4,E:\桌面\v-Net\dataset\26合并\25茂华\2\2 (5)\4_0.0000.jpg,0.0,0.54,411.0226745605469,640,480,ok,-0.07464905977249145,1.0,259,320.0,88.23885345458984,503.9857482910156,296.11230087280273,415.7468948364258,,2,"[62, 114]","[479, 529]","[[62, 114], [479, 529]]",
1705,train,25茂华,4,E:\桌面\v-Net\dataset\26合并\25茂华\2\2 (8)\4_0.0000.jpg,0.0,0.54,411.0226745605469,640,480,ok,-0.01423053741455078,1.0,259,320.0,108.05877685546875,522.8336791992188,315.44622802734375,414.77490234375,,2,"[81, 135]","[496, 549]","[[81, 135], [496, 549]]",
1706,train,25茂华,4,E:\桌面\v-Net\dataset\26合并\25茂华\2\2 (9)\4_0.0000.jpg,0.0,0.54,411.0226745605469,640,480,ok,-0.052790594100952146,1.0,259,320.0,95.58364868164062,510.63037109375,303.1070098876953,415.0467224121094,,2,"[69, 122]","[486, 536]","[[69, 122], [486, 536]]",
1707,train,25茂华,4,E:\桌面\v-Net\dataset\26合并\25茂华\2\2\4_0.0000.jpg,0.0,0.54,411.0226745605469,640,480,ok,-0.008278155326843261,1.0,259,320.0,109.84846496582031,524.853515625,317.35099029541016,415.0050506591797,,2,"[84, 136]","[500, 550]","[[84, 136], [500, 550]]",
1708,train,25茂华,5,E:\桌面\v-Net\dataset\26合并\25茂华\2\2 (11)\5_0.0000.jpg,0.0,0.54,411.0226745605469,640,480,ok,-0.047775018215179446,1.0,259,320.0,97.6923599243164,511.73162841796875,304.7119941711426,414.03926849365234,,2,"[70, 124]","[487, 538]","[[70, 124], [487, 538]]",
1709,train,25茂华,5,E:\桌面\v-Net\dataset\26合并\25茂华\2\2 (12)\5_0.0000.jpg,0.0,0.54,411.0226745605469,640,480,ok,-0.0784340739250183,1.0,259,320.0,87.47257232666016,502.3296203613281,294.90109634399414,414.85704803466797,,2,"[59, 114]","[478, 528]","[[59, 114], [478, 528]]",
1710,train,25茂华,5,E:\桌面\v-Net\dataset\26合并\25茂华\2\2 (14)\5_0.0000.jpg,0.0,0.54,411.0226745605469,640,480,ok,-0.062185144424438475,1.0,259,320.0,91.68093872070312,508.52056884765625,300.1007537841797,416.8396301269531,,2,"[64, 118]","[484, 535]","[[64, 118], [484, 535]]",
1711,train,25茂华,5,E:\桌面\v-Net\dataset\26合并\25茂华\2\2 (15)\5_0.0000.jpg,0.0,0.54,411.0226745605469,640,480,ok,0.002907872200012207,1.0,259,320.0,113.99781799316406,527.8632202148438,320.9305191040039,413.8654022216797,,2,"[87, 140]","[504, 555]","[[87, 140], [504, 555]]",
1712,train,25茂华,5,E:\桌面\v-Net\dataset\26合并\25茂华\2\2 (16)\5_0.0000.jpg,0.0,0.54,411.0226745605469,640,480,ok,-0.029482150077819826,1.0,259,320.0,103.10188293457031,518.029541015625,310.56571197509766,414.9276580810547,,2,"[75, 129]","[494, 543]","[[75, 129], [494, 543]]",
1713,train,25茂华,5,E:\桌面\v-Net\dataset\26合并\25茂华\2\2 (17)\5_0.0000.jpg,0.0,0.54,411.0226745605469,640,480,ok,-0.06886854171752929,1.0,259,320.0,90.35247802734375,505.5716552734375,297.9620666503906,415.21917724609375,,2,"[62, 116]","[481, 531]","[[62, 116], [481, 531]]",
1714,train,25茂华,5,E:\桌面\v-Net\dataset\26合并\25茂华\2\2 (18)\5_0.0000.jpg,0.0,0.54,411.0226745605469,640,480,ok,-0.06147546768188476,1.0,259,320.0,91.96466064453125,508.6910400390625,300.3278503417969,416.72637939453125,,2,"[64, 118]","[484, 535]","[[64, 118], [484, 535]]",
1715,train,25茂华,5,E:\桌面\v-Net\dataset\26合并\25茂华\2\2 (2)\5_0.0000.jpg,0.0,0.54,411.0226745605469,640,480,ok,-0.03692219257354736,1.0,259,320.0,101.01249694824219,515.3572998046875,308.18489837646484,414.3448028564453,,2,"[74, 127]","[490, 543]","[[74, 127], [490, 543]]",
1716,train,25茂华,5,E:\桌面\v-Net\dataset\26合并\25茂华\2\2 (3)\5_0.0000.jpg,0.0,0.54,411.0226745605469,640,480,ok,-0.04058382511138916,1.0,259,320.0,100.10081481933594,513.925537109375,307.01317596435547,413.82472229003906,,2,"[73, 126]","[489, 540]","[[73, 126], [489, 540]]",
1717,train,25茂华,5,E:\桌面\v-Net\dataset\26合并\25茂华\2\2 (4)\5_0.0000.jpg,0.0,0.54,411.0226745605469,640,480,ok,-0.024820661544799803,1.0,259,320.0,106.54605102539062,517.5687255859375,312.05738830566406,411.0226745605469,,2,"[80, 133]","[492, 545]","[[80, 133], [492, 545]]",
1718,train,25茂华,5,E:\桌面\v-Net\dataset\26合并\25茂华\2\2 (5)\5_0.0000.jpg,0.0,0.54,411.0226745605469,640,480,ok,-0.07736527919769287,1.0,259,320.0,88.96577453613281,501.52044677734375,295.2431106567383,412.55467224121094,,2,"[62, 115]","[476, 528]","[[62, 115], [476, 528]]",
1719,train,25茂华,5,E:\桌面\v-Net\dataset\26合并\25茂华\2\2 (9)\5_0.0000.jpg,0.0,0.54,411.0226745605469,640,480,ok,-0.05414539575576782,1.0,259,320.0,96.24410247802734,509.10284423828125,302.6734733581543,412.8587417602539,,2,"[70, 122]","[485, 535]","[[70, 122], [485, 535]]",
1720,train,25茂华,5,E:\桌面\v-Net\dataset\26合并\25茂华\2\2\5_0.0000.jpg,0.0,0.54,411.0226745605469,640,480,ok,-0.009389400482177734,1.0,259,320.0,110.4671630859375,523.5236206054688,316.9953918457031,413.05645751953125,,2,"[84, 136]","[499, 550]","[[84, 136], [499, 550]]",
1721,train,25茂华,6,E:\桌面\v-Net\dataset\26合并\25茂华\2\2 (10)\6_0.0000.jpg,0.0,0.54,411.0226745605469,640,480,ok,-0.08108105659484863,1.0,259,320.0,86.780029296875,501.3280944824219,294.05406188964844,414.5480651855469,,2,"[59, 114]","[476, 527]","[[59, 114], [476, 527]]",
1722,train,25茂华,6,E:\桌面\v-Net\dataset\26合并\25茂华\2\2 (11)\6_0.0000.jpg,0.0,0.54,411.0226745605469,640,480,ok,-0.04809461832046509,1.0,259,320.0,97.66716766357422,511.5522766113281,304.6097221374512,413.8851089477539,,2,"[71, 123]","[487, 538]","[[71, 123], [487, 538]]",
1723,train,25茂华,6,E:\桌面\v-Net\dataset\26合并\25茂华\2\2 (12)\6_0.0000.jpg,0.0,0.54,411.0226745605469,640,480,ok,-0.08414711952209472,1.0,259,320.0,85.70574951171875,500.4400939941406,293.0729217529297,414.7343444824219,,2,"[59, 111]","[475, 527]","[[59, 111], [475, 527]]",
1724,train,25茂华,6,E:\桌面\v-Net\dataset\26合并\25茂华\2\2 (15)\6_0.0000.jpg,0.0,0.54,411.0226745605469,640,480,ok,5.637407302856445e-05,1.0,259,320.0,113.35242462158203,526.6836547851562,320.01803970336914,413.3312301635742,,2,"[87, 139]","[502, 552]","[[87, 139], [502, 552]]",
1725,train,25茂华,6,E:\桌面\v-Net\dataset\26合并\25茂华\2\2 (18)\6_0.0000.jpg,0.0,0.54,411.0226745605469,640,480,ok,-0.062218642234802245,1.0,259,320.0,92.08882141113281,508.09124755859375,300.0900344848633,416.00242614746094,,2,"[66, 118]","[484, 534]","[[66, 118], [484, 534]]",
1726,train,25茂华,6,E:\桌面\v-Net\dataset\26合并\25茂华\2\2 (2)\6_0.0000.jpg,0.0,0.54,411.0226745605469,640,480,ok,-0.04429600238800049,1.0,259,320.0,100.17744445800781,511.4731140136719,305.82527923583984,411.29566955566406,,2,"[74, 126]","[486, 537]","[[74, 126], [486, 537]]",
1727,train,25茂华,6,E:\桌面\v-Net\dataset\26合并\25茂华\2\2 (3)\6_0.0000.jpg,0.0,0.54,411.0226745605469,640,480,ok,-0.043920135498046874,1.0,259,320.0,99.421875,512.46923828125,305.945556640625,413.04736328125,,2,"[73, 125]","[488, 538]","[[73, 125], [488, 538]]",
1728,train,25茂华,6,E:\桌面\v-Net\dataset\26合并\25茂华\2\2 (4)\6_0.0000.jpg,0.0,0.54,411.0226745605469,640,480,ok,-0.028105449676513673,1.0,259,320.0,104.999267578125,517.0132446289062,311.0062561035156,412.01397705078125,,2,"[78, 131]","[492, 543]","[[78, 131], [492, 543]]",
1729,train,25茂华,6,E:\桌面\v-Net\dataset\26合并\25茂华\2\2 (6)\6_0.0000.jpg,0.0,0.54,411.0226745605469,640,480,ok,-0.03873474597930908,1.0,259,320.0,101.74925231933594,513.4605102539062,307.6048812866211,411.7112579345703,,2,"[75, 127]","[488, 540]","[[75, 127], [488, 540]]",
1730,train,25茂华,6,E:\桌面\v-Net\dataset\26合并\25茂华\2\2 (7)\6_0.0000.jpg,0.0,0.54,411.0226745605469,640,480,ok,-0.057990646362304686,1.0,259,320.0,95.35153198242188,507.5344543457031,301.4429931640625,412.18292236328125,,2,"[69, 121]","[483, 533]","[[69, 121], [483, 533]]",
1731,train,25茂华,6,E:\桌面\v-Net\dataset\26合并\25茂华\2\2 (9)\6_0.0000.jpg,0.0,0.54,411.0226745605469,640,480,ok,-0.05723423957824707,1.0,259,320.0,95.31918334960938,508.0509033203125,301.68504333496094,412.7317199707031,,2,"[68, 121]","[483, 534]","[[68, 121], [483, 534]]",
1732,train,25茂华,6,E:\桌面\v-Net\dataset\26合并\25茂华\2\2\6_0.0000.jpg,0.0,0.54,411.0226745605469,640,480,ok,-0.011727821826934815,1.0,259,320.0,110.86949920654297,521.6246948242188,316.24709701538086,410.7551956176758,,2,"[84, 136]","[496, 547]","[[84, 136], [496, 547]]",
1733,train,25茂华,7,E:\桌面\v-Net\dataset\26合并\25茂华\2\2 (10)\7_0.0000.jpg,0.0,0.54,411.0226745605469,640,480,ok,-0.0853200912475586,1.0,259,320.0,88.09017944335938,497.3049621582031,292.69757080078125,409.21478271484375,,2,"[61, 114]","[472, 524]","[[61, 114], [472, 524]]",
1734,train,25茂华,7,E:\桌面\v-Net\dataset\26合并\25茂华\2\2 (12)\7_0.0000.jpg,0.0,0.54,411.0226745605469,640,480,ok,-0.08909742832183838,1.0,259,320.0,86.00221252441406,496.9754333496094,291.4888229370117,410.9732208251953,,2,"[59, 112]","[472, 523]","[[59, 112], [472, 523]]",
1735,train,25茂华,7,E:\桌面\v-Net\dataset\26合并\25茂华\2\2 (13)\7_0.0000.jpg,0.0,0.54,411.0226745605469,640,480,ok,-0.0698240876197815,1.0,259,320.0,92.60759735107422,502.7049865722656,297.6562919616699,410.0973892211914,,2,"[66, 119]","[479, 528]","[[66, 119], [479, 528]]",
1736,train,25茂华,7,E:\桌面\v-Net\dataset\26合并\25茂华\2\2 (14)\7_0.0000.jpg,0.0,0.54,411.0226745605469,640,480,ok,-0.07394328117370605,1.0,259,320.0,91.47451782226562,501.2017822265625,296.33815002441406,409.7272644042969,,2,"[64, 118]","[476, 527]","[[64, 118], [476, 527]]",
1737,train,25茂华,7,E:\桌面\v-Net\dataset\26合并\25茂华\2\2 (16)\7_0.0000.jpg,0.0,0.54,411.0226745605469,640,480,ok,-0.030779123306274414,1.0,259,320.0,104.89163208007812,515.4097290039062,310.1506805419922,410.5180969238281,,2,"[79, 130]","[490, 542]","[[79, 130], [490, 542]]",
1738,train,25茂华,7,E:\桌面\v-Net\dataset\26合并\25茂华\2\2 (17)\7_0.0000.jpg,0.0,0.54,411.0226745605469,640,480,ok,-0.07824674844741822,1.0,259,320.0,89.96312713623047,499.9589538574219,294.9610404968262,409.9958267211914,,2,"[64, 115]","[475, 526]","[[64, 115], [475, 526]]",
1739,train,25茂华,7,E:\桌面\v-Net\dataset\26合并\25茂华\2\2 (18)\7_0.0000.jpg,0.0,0.54,411.0226745605469,640,480,ok,-0.06815934181213379,1.0,259,320.0,92.55630493164062,503.82171630859375,298.1890106201172,411.2654113769531,,2,"[66, 119]","[479, 530]","[[66, 119], [479, 530]]",
1740,train,25茂华,7,E:\桌面\v-Net\dataset\26合并\25茂华\2\2 (4)\7_0.0000.jpg,0.0,0.54,411.0226745605469,640,480,ok,-0.03002253770828247,1.0,259,320.0,106.24120330810547,514.5443725585938,310.3927879333496,408.3031692504883,,2,"[80, 132]","[489, 541]","[[80, 132], [489, 541]]",
1741,train,25茂华,7,E:\桌面\v-Net\dataset\26合并\25茂华\2\2 (5)\7_0.0000.jpg,0.0,0.54,411.0226745605469,640,480,ok,-0.09292016029357911,1.0,259,320.0,85.69338989257812,494.83770751953125,290.2655487060547,409.1443176269531,,2,"[59, 111]","[471, 520]","[[59, 111], [471, 520]]",
1742,train,25茂华,7,E:\桌面\v-Net\dataset\26合并\25茂华\2\2 (6)\7_0.0000.jpg,0.0,0.54,411.0226745605469,640,480,ok,-0.04348996877670288,1.0,259,320.0,101.16641998291016,511.0,306.0832099914551,409.83358001708984,,2,"[74, 127]","[486, 537]","[[74, 127], [486, 537]]",
1743,train,25茂华,7,E:\桌面\v-Net\dataset\26合并\25茂华\2\2 (8)\7_0.0000.jpg,0.0,0.54,411.0226745605469,640,480,ok,-0.01786460876464844,1.0,259,320.0,108.33673095703125,520.2299194335938,314.2833251953125,411.8931884765625,,2,"[81, 135]","[496, 546]","[[81, 135], [496, 546]]",
1744,train,25茂华,7,E:\桌面\v-Net\dataset\26合并\25茂华\2\2\7_0.0000.jpg,0.0,0.54,411.0226745605469,640,480,ok,-0.015295147895812988,1.0,259,320.0,110.45359802246094,519.7575073242188,315.10555267333984,409.3039093017578,,2,"[84, 136]","[495, 546]","[[84, 136], [495, 546]]",
1745,train,25茂华,8,E:\桌面\v-Net\dataset\26合并\25茂华\2\2 (10)\8_0.0000.jpg,0.0,0.54,411.0226745605469,640,480,ok,-0.09470772743225098,1.0,259,320.0,82.59603881835938,496.791015625,289.6935272216797,414.1949768066406,,2,"[56, 108]","[472, 523]","[[56, 108], [472, 523]]",
1746,train,25茂华,8,E:\桌面\v-Net\dataset\26合并\25茂华\2\2 (11)\8_0.0000.jpg,0.0,0.54,411.0226745605469,640,480,ok,-0.05592100620269776,1.0,259,320.0,95.05232238769531,509.1582336425781,302.1052780151367,414.1059112548828,,2,"[69, 121]","[484, 535]","[[69, 121], [484, 535]]",
1747,train,25茂华,8,E:\桌面\v-Net\dataset\26合并\25茂华\2\2 (12)\8_0.0000.jpg,0.0,0.54,411.0226745605469,640,480,ok,-0.0954397439956665,1.0,259,320.0,81.93843078613281,496.9801330566406,289.4592819213867,415.0417022705078,,2,"[56, 107]","[471, 523]","[[56, 107], [471, 523]]",
1748,train,25茂华,8,E:\桌面\v-Net\dataset\26合并\25茂华\2\2 (13)\8_0.0000.jpg,0.0,0.54,411.0226745605469,640,480,ok,-0.07767125368118286,1.0,259,320.0,87.52071380615234,502.7696838378906,295.1451988220215,415.2489700317383,,2,"[61, 113]","[478, 529]","[[61, 113], [478, 529]]",
1749,train,25茂华,8,E:\桌面\v-Net\dataset\26合并\25茂华\2\2 (16)\8_0.0000.jpg,0.0,0.54,411.0226745605469,640,480,ok,-0.0338024377822876,1.0,259,320.0,102.34111022949219,516.0253295898438,309.18321990966797,413.68421936035156,,2,"[76, 128]","[491, 542]","[[76, 128], [491, 542]]",
1750,train,25茂华,8,E:\桌面\v-Net\dataset\26合并\25茂华\2\2 (18)\8_0.0000.jpg,0.0,0.54,411.0226745605469,640,480,ok,-0.07361921072006225,1.0,259,320.0,89.69098663330078,503.1927185058594,296.4418525695801,413.5017318725586,,2,"[64, 115]","[479, 529]","[[64, 115], [479, 529]]",
1751,train,25茂华,8,E:\桌面\v-Net\dataset\26合并\25茂华\2\2 (3)\8_0.0000.jpg,0.0,0.54,411.0226745605469,640,480,ok,-0.05674774646759033,1.0,259,320.0,95.16566467285156,508.5157775878906,301.8407211303711,413.35011291503906,,2,"[69, 120]","[483, 535]","[[69, 120], [483, 535]]",
1752,train,25茂华,8,E:\桌面\v-Net\dataset\26合并\25茂华\2\2 (4)\8_0.0000.jpg,0.0,0.54,411.0226745605469,640,480,ok,-0.0330217719078064,1.0,259,320.0,102.4841079711914,516.3819580078125,309.43303298950195,413.8978500366211,,2,"[76, 128]","[491, 543]","[[76, 128], [491, 543]]",
1753,train,25茂华,8,E:\桌面\v-Net\dataset\26合并\25茂华\2\2 (5)\8_0.0000.jpg,0.0,0.54,411.0226745605469,640,480,ok,-0.09732857942581177,1.0,259,320.0,81.0793685913086,496.6303405761719,288.85485458374023,415.5509719848633,,2,"[54, 107]","[472, 523]","[[54, 107], [472, 523]]",
1754,train,25茂华,8,E:\桌面\v-Net\dataset\26合并\25茂华\2\2 (6)\8_0.0000.jpg,0.0,0.54,411.0226745605469,640,480,ok,-0.04708055257797241,1.0,259,320.0,97.62174224853516,512.2467041015625,304.9342231750488,414.62496185302734,,2,"[72, 123]","[487, 539]","[[72, 123], [487, 539]]",
1755,train,25茂华,8,E:\桌面\v-Net\dataset\26合并\25茂华\2\2 (7)\8_0.0000.jpg,0.0,0.54,411.0226745605469,640,480,ok,-0.07069075107574463,1.0,259,320.0,89.56105041503906,505.1968688964844,297.3789596557617,415.6358184814453,,2,"[64, 115]","[480, 531]","[[64, 115], [480, 531]]",
1756,train,25茂华,8,E:\桌面\v-Net\dataset\26合并\25茂华\2\2 (8)\8_0.0000.jpg,0.0,0.54,411.0226745605469,640,480,ok,-0.020553410053253174,1.0,259,320.0,106.06993865966797,520.77587890625,313.422908782959,414.70594024658203,,2,"[80, 132]","[496, 547]","[[80, 132], [496, 547]]",
1757,train,25茂华,8,E:\桌面\v-Net\dataset\26合并\25茂华\2\2 (9)\8_0.0000.jpg,0.0,0.54,411.0226745605469,640,480,ok,-0.06768070459365845,1.0,259,320.0,91.27144622802734,505.41290283203125,298.3421745300293,414.1414566040039,,2,"[65, 117]","[480, 532]","[[65, 117], [480, 532]]",
1758,train,25茂华,9,E:\桌面\v-Net\dataset\26合并\25茂华\2\2 (10)\9_0.0000.jpg,0.0,0.54,411.0226745605469,640,480,ok,-0.09919506311416626,1.0,259,320.0,79.9095687866211,496.6055908203125,288.2575798034668,416.6960220336914,,2,"[52, 106]","[471, 523]","[[52, 106], [471, 523]]",
1759,train,25茂华,9,E:\桌面\v-Net\dataset\26合并\25茂华\2\2 (11)\9_0.0000.jpg,0.0,0.54,411.0226745605469,640,480,ok,-0.05795331001281738,1.0,259,320.0,91.989013671875,510.9208679199219,301.45494079589844,418.9318542480469,,2,"[64, 119]","[485, 538]","[[64, 119], [485, 538]]",
1760,train,25茂华,9,E:\桌面\v-Net\dataset\26合并\25茂华\2\2 (12)\9_0.0000.jpg,0.0,0.54,411.0226745605469,640,480,ok,-0.10128508806228638,1.0,259,320.0,79.16728973388672,496.01025390625,287.58877182006836,416.8429641723633,,2,"[52, 105]","[471, 523]","[[52, 105], [471, 523]]",
1761,train,25茂华,9,E:\桌面\v-Net\dataset\26合并\25茂华\2\2 (13)\9_0.0000.jpg,0.0,0.54,411.0226745605469,640,480,ok,-0.0825689435005188,1.0,259,320.0,84.33208465576172,502.82379150390625,293.577938079834,418.49170684814453,,2,"[57, 110]","[477, 529]","[[57, 110], [477, 529]]",
1762,train,25茂华,9,E:\桌面\v-Net\dataset\26合并\25茂华\2\2 (14)\9_0.0000.jpg,0.0,0.54,411.0226745605469,640,480,ok,-0.08515905141830445,1.0,259,320.0,83.46314239501953,502.0350646972656,292.7491035461426,418.5719223022461,,2,"[56, 110]","[476, 529]","[[56, 110], [476, 529]]",
1763,train,25茂华,9,E:\桌面\v-Net\dataset\26合并\25茂华\2\2 (15)\9_0.0000.jpg,0.0,0.54,411.0226745605469,640,480,ok,-0.0018198609352111817,1.0,259,320.0,110.1646957397461,528.6705932617188,319.4176445007324,418.50589752197266,,2,"[83, 137]","[503, 556]","[[83, 137], [503, 556]]",
1764,train,25茂华,9,E:\桌面\v-Net\dataset\26合并\25茂华\2\2 (16)\9_0.0000.jpg,0.0,0.54,411.0226745605469,640,480,ok,-0.037372398376464847,1.0,259,320.0,98.90740966796875,517.1742553710938,308.04083251953125,418.266845703125,,2,"[72, 125]","[491, 544]","[[72, 125], [491, 544]]",
1765,train,25茂华,9,E:\桌面\v-Net\dataset\26合并\25茂华\2\2 (4)\9_0.0000.jpg,0.0,0.54,411.0226745605469,640,480,ok,-0.034794533252716066,1.0,259,320.0,100.62279510498047,517.1087036132812,308.86574935913086,416.4859085083008,,2,"[73, 128]","[491, 544]","[[73, 128], [491, 544]]",
1766,train,25茂华,9,E:\桌面\v-Net\dataset\26合并\25茂华\2\2 (5)\9_0.0000.jpg,0.0,0.54,411.0226745605469,640,480,ok,-0.10272456407546997,1.0,259,320.0,79.08141326904297,495.17486572265625,287.1281394958496,416.0934524536133,,2,"[53, 103]","[470, 522]","[[53, 103], [470, 522]]",
1767,train,25茂华,9,E:\桌面\v-Net\dataset\26合并\25茂华\2\2 (7)\9_0.0000.jpg,0.0,0.54,411.0226745605469,640,480,ok,-0.07323306798934937,1.0,259,320.0,87.18421173095703,505.9466247558594,296.5654182434082,418.76241302490234,,2,"[60, 113]","[480, 533]","[[60, 113], [480, 533]]",
1768,train,25茂华,9,E:\桌面\v-Net\dataset\26合并\25茂华\2\2 (9)\9_0.0000.jpg,0.0,0.54,411.0226745605469,640,480,ok,-0.07356232404708862,1.0,259,320.0,87.50037384033203,505.41973876953125,296.46005630493164,417.9193649291992,,2,"[60, 114]","[480, 532]","[[60, 114], [480, 532]]",
1769,train,25茂华,10,E:\桌面\v-Net\dataset\26合并\25茂华\2\2 (10)\10_0.0000.jpg,0.0,0.54,411.0226745605469,640,480,ok,-0.11159267425537109,1.0,259,320.0,74.42739868164062,494.1532897949219,284.29034423828125,419.72589111328125,,2,"[50, 97]","[468, 521]","[[50, 97], [468, 521]]",
1770,train,25茂华,10,E:\桌面\v-Net\dataset\26合并\25茂华\2\2 (11)\10_0.0000.jpg,0.0,0.54,411.0226745605469,640,480,ok,-0.064383864402771,1.0,259,320.0,90.67308044433594,508.1212463378906,299.3971633911133,417.4481658935547,,2,"[65, 113]","[482, 535]","[[65, 113], [482, 535]]",
1771,train,25茂华,10,E:\桌面\v-Net\dataset\26合并\25茂华\2\2 (12)\10_0.0000.jpg,0.0,0.54,411.0226745605469,640,480,ok,-0.11324775218963623,1.0,259,320.0,73.59449768066406,493.92694091796875,283.7607192993164,420.3324432373047,,2,"[49, 97]","[468, 521]","[[49, 97], [468, 521]]",
1772,train,25茂华,10,E:\桌面\v-Net\dataset\26合并\25茂华\2\2 (14)\10_0.0000.jpg,0.0,0.54,411.0226745605469,640,480,ok,-0.09671852588653565,1.0,259,320.0,79.22972106933594,498.87042236328125,289.0500717163086,419.6407012939453,,2,"[56, 102]","[472, 526]","[[56, 102], [472, 526]]",
1773,train,25茂华,10,E:\桌面\v-Net\dataset\26合并\25茂华\2\2 (16)\10_0.0000.jpg,0.0,0.54,411.0226745605469,640,480,ok,-0.04300136566162109,1.0,259,320.0,97.571533203125,514.9075927734375,306.23956298828125,417.3360595703125,,2,"[72, 120]","[488, 542]","[[72, 120], [488, 542]]",
1774,train,25茂华,10,E:\桌面\v-Net\dataset\26合并\25茂华\2\2 (17)\10_0.0000.jpg,0.0,0.54,411.0226745605469,640,480,ok,-0.11016563177108765,1.0,259,320.0,73.7031021118164,495.7908935546875,284.74699783325195,422.0877914428711,,2,"[50, 97]","[470, 523]","[[50, 97], [470, 523]]",
1775,train,25茂华,10,E:\桌面\v-Net\dataset\26合并\25茂华\2\2 (18)\10_0.0000.jpg,0.0,0.54,411.0226745605469,640,480,ok,-0.08928841352462769,1.0,259,320.0,80.90238189697266,501.9530334472656,291.42770767211914,421.05065155029297,,2,"[56, 104]","[476, 529]","[[56, 104], [476, 529]]",
1776,train,25茂华,10,E:\桌面\v-Net\dataset\26合并\25茂华\2\2 (2)\10_0.0000.jpg,0.0,0.54,411.0226745605469,640,480,ok,-0.06302722692489623,1.0,259,320.0,91.75739288330078,507.9051818847656,299.8312873840332,416.14778900146484,,2,"[67, 114]","[481, 535]","[[67, 114], [481, 535]]",
1777,train,25茂华,10,E:\桌面\v-Net\dataset\26合并\25茂华\2\2 (3)\10_0.0000.jpg,0.0,0.54,411.0226745605469,640,480,ok,-0.07031116485595704,1.0,259,320.0,88.248291015625,506.7525634765625,297.50042724609375,418.5042724609375,,2,"[64, 111]","[480, 534]","[[64, 111], [480, 534]]",
1778,train,25茂华,10,E:\桌面\v-Net\dataset\26合并\25茂华\2\2 (4)\10_0.0000.jpg,0.0,0.54,411.0226745605469,640,480,ok,-0.043588685989379886,1.0,259,320.0,96.64865112304688,515.45458984375,306.05162048339844,418.8059387207031,,2,"[72, 119]","[489, 543]","[[72, 119], [489, 543]]",
1779,train,25茂华,10,E:\桌面\v-Net\dataset\26合并\25茂华\2\2 (6)\10_0.0000.jpg,0.0,0.54,411.0226745605469,640,480,ok,-0.057441985607147215,1.0,259,320.0,93.20694732666016,510.0301818847656,301.6185646057129,416.82323455810547,,2,"[69, 116]","[484, 537]","[[69, 116], [484, 537]]",
1780,train,25茂华,10,E:\桌面\v-Net\dataset\26合并\25茂华\2\2 (7)\10_0.0000.jpg,0.0,0.54,411.0226745605469,640,480,ok,-0.08415547609329224,1.0,259,320.0,83.48302459716797,502.657470703125,293.0702476501465,419.17444610595703,,2,"[60, 106]","[476, 529]","[[60, 106], [476, 529]]",
1781,train,25茂华,10,E:\桌面\v-Net\dataset\26合并\25茂华\2\2 (8)\10_0.0000.jpg,0.0,0.54,411.0226745605469,640,480,ok,-0.024553906917572022,1.0,259,320.0,102.80460357666016,521.4808959960938,312.14274978637695,418.6762924194336,,2,"[78, 125]","[495, 549]","[[78, 125], [495, 549]]",
1782,train,25茂华,10,E:\桌面\v-Net\dataset\26合并\25茂华\2\2 (9)\10_0.0000.jpg,0.0,0.54,411.0226745605469,640,480,ok,-0.08284456729888916,1.0,259,320.0,84.00440979003906,502.9750671386719,293.48973846435547,418.9706573486328,,2,"[58, 107]","[477, 530]","[[58, 107], [477, 530]]",
1783,train,25茂华,10,E:\桌面\v-Net\dataset\26合并\25茂华\2\2\10_0.0000.jpg,0.0,0.54,411.0226745605469,640,480,ok,-0.023668384552001952,1.0,259,320.0,103.27099609375,521.5812377929688,312.4261169433594,418.31024169921875,,2,"[79, 126]","[496, 549]","[[79, 126], [496, 549]]",
1784,train,25茂华,11,E:\桌面\v-Net\dataset\26合并\25茂华\2\2 (11)\11_0.0000.jpg,0.0,0.54,411.0226745605469,640,480,ok,-0.0855940341949463,1.0,259,320.0,79.40194702148438,505.81787109375,292.6099090576172,426.4159240722656,,2,"[56, 102]","[479, 534]","[[56, 102], [479, 534]]",
1785,train,25茂华,11,E:\桌面\v-Net\dataset\26合并\25茂华\2\2 (12)\11_0.0000.jpg,0.0,0.54,411.0226745605469,640,480,ok,-0.14131914973258972,1.0,259,320.0,60.11186599731445,489.4438781738281,274.7778720855713,429.3320121765137,,2,"[36, 83]","[463, 517]","[[36, 83], [463, 517]]",
1786,train,25茂华,11,E:\桌面\v-Net\dataset\26合并\25茂华\2\2 (15)\11_0.0000.jpg,0.0,0.54,411.0226745605469,640,480,ok,-0.022541534900665284,1.0,259,320.0,99.83116912841797,525.7422485351562,312.7867088317871,425.9110794067383,,2,"[78, 122]","[498, 554]","[[78, 122], [498, 554]]",
1787,train,25茂华,11,E:\桌面\v-Net\dataset\26合并\25茂华\2\2 (17)\11_0.0000.jpg,0.0,0.54,411.0226745605469,640,480,ok,-0.12865979671478273,1.0,259,320.0,64.12971496582031,493.52801513671875,278.82886505126953,429.39830017089844,,2,"[40, 87]","[466, 521]","[[40, 87], [466, 521]]",
1788,train,25茂华,11,E:\桌面\v-Net\dataset\26合并\25茂华\2\2 (18)\11_0.0000.jpg,0.0,0.54,411.0226745605469,640,480,ok,-0.11515631675720214,1.0,259,320.0,68.55609130859375,497.7438659667969,283.1499786376953,429.1877746582031,,2,"[45, 92]","[471, 526]","[[45, 92], [471, 526]]",
1789,train,25茂华,11,E:\桌面\v-Net\dataset\26合并\25茂华\2\2 (5)\11_0.0000.jpg,0.0,0.54,411.0226745605469,640,480,ok,-0.15216618180274963,1.0,259,320.0,55.01919174194336,487.5944519042969,271.3068218231201,432.5752601623535,,2,"[32, 78]","[460, 516]","[[32, 78], [460, 516]]",
1790,train,25茂华,11,E:\桌面\v-Net\dataset\26合并\25茂华\2\2 (7)\11_0.0000.jpg,0.0,0.54,411.0226745605469,640,480,ok,-0.10787427425384521,1.0,259,320.0,71.41902160644531,499.54144287109375,285.48023223876953,428.12242126464844,,2,"[48, 95]","[472, 527]","[[48, 95], [472, 527]]",
1791,train,25茂华,11,E:\桌面\v-Net\dataset\26合并\25茂华\2\2 (8)\11_0.0000.jpg,0.0,0.54,411.0226745605469,640,480,ok,-0.0460300087928772,1.0,259,320.0,91.8913803100586,518.6494140625,305.2703971862793,426.7580337524414,,2,"[69, 115]","[491, 547]","[[69, 115], [491, 547]]",
1792,train,25茂华,11,E:\桌面\v-Net\dataset\26合并\25茂华\2\2 (9)\11_0.0000.jpg,0.0,0.54,411.0226745605469,640,480,ok,-0.1040999174118042,1.0,259,320.0,73.21986389160156,500.15618896484375,286.68802642822266,426.9363250732422,,2,"[49, 96]","[473, 527]","[[49, 96], [473, 527]]",
1793,train,25茂华,11,E:\桌面\v-Net\dataset\26合并\25茂华\2\2\11_0.0000.jpg,0.0,0.54,411.0226745605469,640,480,ok,-0.04476408958435059,1.0,259,320.0,92.69436645507812,518.6566162109375,305.6754913330078,425.9622497558594,,2,"[70, 115]","[491, 547]","[[70, 115], [491, 547]]",
1794,train,25茂华,12,E:\桌面\v-Net\dataset\26合并\25茂华\2\2 (10)\12_0.0000.jpg,0.0,0.54,411.0226745605469,640,480,ok,-0.18392485976219178,1.0,259,320.0,39.206302642822266,483.081787109375,261.14404487609863,443.87548446655273,,2,"[14, 63]","[455, 512]","[[14, 63], [455, 512]]",
1795,train,25茂华,12,E:\桌面\v-Net\dataset\26合并\25茂华\2\2 (11)\12_0.0000.jpg,0.0,0.54,411.0226745605469,640,480,ok,-0.11949173212051392,1.0,259,320.0,63.47496795654297,500.0503234863281,281.76264572143555,436.57535552978516,,2,"[40, 87]","[472, 529]","[[40, 87], [472, 529]]",
1796,train,25茂华,12,E:\桌面\v-Net\dataset\26合并\25茂华\2\2 (13)\12_0.0000.jpg,0.0,0.54,411.0226745605469,640,480,ok,-0.15052984952926635,1.0,259,320.0,52.740943908691406,490.9199523925781,271.83044815063477,438.1790084838867,,2,"[29, 76]","[464, 519]","[[29, 76], [464, 519]]",
1797,train,25茂华,12,E:\桌面\v-Net\dataset\26合并\25茂华\2\2 (14)\12_0.0000.jpg,0.0,0.54,411.0226745605469,640,480,ok,-0.16163034439086915,1.0,259,320.0,47.771942138671875,488.7846374511719,268.2782897949219,441.0126953125,,2,"[23, 72]","[461, 518]","[[23, 72], [461, 518]]",
1798,train,25茂华,12,E:\桌面\v-Net\dataset\26合并\25茂华\2\2 (15)\12_0.0000.jpg,0.0,0.54,411.0226745605469,640,480,ok,-0.05278444290161133,1.0,259,320.0,86.34228515625,519.8756713867188,303.1089782714844,433.53338623046875,,2,"[63, 109]","[492, 549]","[[63, 109], [492, 549]]",
1799,train,25茂华,12,E:\桌面\v-Net\dataset\26合并\25茂华\2\2 (18)\12_0.0000.jpg,0.0,0.54,411.0226745605469,640,480,ok,-0.15557912588119507,1.0,259,320.0,50.09265899658203,490.3367004394531,270.2146797180176,440.2440414428711,,2,"[25, 74]","[463, 519]","[[25, 74], [463, 519]]",
1800,train,25茂华,12,E:\桌面\v-Net\dataset\26合并\25茂华\2\2 (2)\12_0.0000.jpg,0.0,0.54,411.0226745605469,640,480,ok,-0.11838692426681519,1.0,259,320.0,64.09671783447266,500.1356506347656,282.11618423461914,436.03893280029297,,2,"[40, 88]","[472, 529]","[[40, 88], [472, 529]]",
1801,train,25茂华,12,E:\桌面\v-Net\dataset\26合并\25茂华\2\2 (4)\12_0.0000.jpg,0.0,0.54,411.0226745605469,640,480,ok,-0.10029327869415283,1.0,259,320.0,70.17234802246094,505.63995361328125,287.9061508178711,435.4676055908203,,2,"[47, 93]","[478, 535]","[[47, 93], [478, 535]]",
1802,train,25茂华,12,E:\桌面\v-Net\dataset\26合并\25茂华\2\2 (6)\12_0.0000.jpg,0.0,0.54,411.0226745605469,640,480,ok,-0.11670075058937072,1.0,259,320.0,63.952877044677734,501.358642578125,282.65575981140137,437.40576553344727,,2,"[40, 87]","[473, 530]","[[40, 87], [473, 530]]",
1803,train,25茂华,12,E:\桌面\v-Net\dataset\26合并\25茂华\2\2 (7)\12_0.0000.jpg,0.0,0.54,411.0226745605469,640,480,ok,-0.1440299093723297,1.0,259,320.0,54.745052337646484,493.0758056640625,273.9104290008545,438.330753326416,,2,"[30, 79]","[465, 522]","[[30, 79], [465, 522]]",
1804,train,25茂华,12,E:\桌面\v-Net\dataset\26合并\25茂华\2\2 (8)\12_0.0000.jpg,0.0,0.54,411.0226745605469,640,480,ok,-0.07873455286026002,1.0,259,320.0,78.1307601928711,511.4791259765625,294.8049430847168,433.3483657836914,,2,"[55, 101]","[484, 540]","[[55, 101], [484, 540]]",
1805,train,25茂华,12,E:\桌面\v-Net\dataset\26合并\25茂华\2\2 (9)\12_0.0000.jpg,0.0,0.54,411.0226745605469,640,480,ok,-0.140138840675354,1.0,259,320.0,56.25749206542969,494.05364990234375,275.1555709838867,437.79615783691406,,2,"[33, 80]","[466, 523]","[[33, 80], [466, 523]]",
1806,train,25茂华,13,E:\桌面\v-Net\dataset\26合并\25茂华\2\2 (10)\13_0.0000.jpg,0.0,0.54,411.0226745605469,640,480,ok,-0.23985290229320527,1.0,259,320.0,16.167543411254883,470.32659912109375,243.24707126617432,454.15905570983887,,2,"[0, 37]","[440, 501]","[[0, 37], [440, 501]]",
1807,train,25茂华,13,E:\桌面\v-Net\dataset\26合并\25茂华\2\2 (11)\13_0.0000.jpg,0.0,0.54,411.0226745605469,640,480,ok,-0.18169009685516357,1.0,259,320.0,33.16941833496094,490.5489196777344,261.85916900634766,457.37950134277344,,2,"[0, 63]","[461, 520]","[[0, 63], [461, 520]]",
1808,train,25茂华,13,E:\桌面\v-Net\dataset\26合并\25茂华\2\2 (12)\13_0.0000.jpg,0.0,0.54,411.0226745605469,640,480,ok,-0.24135874807834626,1.0,259,320.0,15.335180282592773,470.1952209472656,242.7652006149292,454.86004066467285,,2,"[0, 35]","[440, 501]","[[0, 35], [440, 501]]",
1809,train,25茂华,13,E:\桌面\v-Net\dataset\26合并\25茂华\2\2 (13)\13_0.0000.jpg,0.0,0.54,411.0226745605469,640,480,ok,-0.21071231961250306,1.0,259,320.0,23.837566375732422,481.3065490722656,252.57205772399902,457.4689826965332,,2,"[0, 51]","[451, 511]","[[0, 51], [451, 511]]",
1810,train,25茂华,13,E:\桌面\v-Net\dataset\26合并\25茂华\2\2 (14)\13_0.0000.jpg,0.0,0.54,411.0226745605469,640,480,ok,-0.22074287235736847,1.0,259,320.0,20.663251876831055,478.0613098144531,249.3622808456421,457.39805793762207,,2,"[0, 46]","[448, 508]","[[0, 46], [448, 508]]",
1811,train,25茂华,13,E:\桌面\v-Net\dataset\26合并\25茂华\2\2 (15)\13_0.0000.jpg,0.0,0.54,411.0226745605469,640,480,ok,-0.1108438491821289,1.0,259,320.0,59.817626953125,509.2423095703125,284.52996826171875,449.4246826171875,,2,"[28, 88]","[479, 540]","[[28, 88], [479, 540]]",
1812,train,25茂华,13,E:\桌面\v-Net\dataset\26合并\25茂华\2\2 (16)\13_0.0000.jpg,0.0,0.54,411.0226745605469,640,480,ok,-0.15429482460021973,1.0,259,320.0,43.5640869140625,497.6872253417969,270.6256561279297,454.1231384277344,,2,"[11, 73]","[467, 528]","[[11, 73], [467, 528]]",
1813,train,25茂华,13,E:\桌面\v-Net\dataset\26合并\25茂华\2\2 (18)\13_0.0000.jpg,0.0,0.54,411.0226745605469,640,480,ok,-0.21639083325862885,1.0,259,320.0,21.905405044555664,479.6044616699219,250.75493335723877,457.6990566253662,,2,"[0, 48]","[449, 510]","[[0, 48], [449, 510]]",
1814,train,25茂华,13,E:\桌面\v-Net\dataset\26合并\25茂华\2\2 (5)\13_0.0000.jpg,0.0,0.54,411.0226745605469,640,480,ok,-0.25467137843370435,1.0,259,320.0,11.36780071258545,465.64251708984375,238.5051589012146,454.2747163772583,,2,"[0, 28]","[435, 497]","[[0, 28], [435, 497]]",
1815,train,25茂华,13,E:\桌面\v-Net\dataset\26合并\25茂华\2\2 (8)\13_0.0000.jpg,0.0,0.54,411.0226745605469,640,480,ok,-0.14072421193122864,1.0,259,320.0,48.0557975769043,501.8807067871094,274.96825218200684,453.8249092102051,,2,"[15, 78]","[472, 532]","[[15, 78], [472, 532]]",
1816,train,25茂华,13,E:\桌面\v-Net\dataset\26合并\25茂华\2\2 (9)\13_0.0000.jpg,0.0,0.54,411.0226745605469,640,480,ok,-0.2042480766773224,1.0,259,320.0,26.364849090576172,482.9163818359375,254.64061546325684,456.5515327453613,,2,"[0, 55]","[453, 512]","[[0, 55], [453, 512]]",
1817,train,25茂华,14,E:\桌面\v-Net\dataset\26合并\25茂华\2\2 (10)\14_0.0000.jpg,0.0,0.54,411.0226745605469,640,480,inferred_missing_left,-0.22153658866882325,0.6,259,320.0,43.596954345703125,454.61962890625,249.10829162597656,411.0226745605469,411.0226745605469,1,,,"[[423, 486]]",
1818,train,25茂华,14,E:\桌面\v-Net\dataset\26合并\25茂华\2\2 (11)\14_0.0000.jpg,0.0,0.54,411.0226745605469,640,480,ok,-0.24196217209100723,1.0,259,320.0,10.437819480895996,474.7063903808594,242.57210493087769,464.2685708999634,,2,"[0, 26]","[444, 506]","[[0, 26], [444, 506]]",
1819,train,25茂华,14,E:\桌面\v-Net\dataset\26合并\25茂华\2\2 (13)\14_0.0000.jpg,0.0,0.54,411.0226745605469,640,480,ok,-0.26175380423665046,1.0,259,320.0,5.700892925262451,466.77667236328125,236.23878264427185,461.0757794380188,,2,"[0, 14]","[437, 497]","[[0, 14], [437, 497]]",
1820,train,25茂华,14,E:\桌面\v-Net\dataset\26合并\25茂华\2\2 (15)\14_0.0000.jpg,0.0,0.54,411.0226745605469,640,480,ok,-0.18644706308841705,1.0,259,320.0,23.93941307067871,496.7344665527344,260.33693981170654,472.79505348205566,,2,"[0, 55]","[465, 528]","[[0, 55], [465, 528]]",
1821,train,25茂华,14,E:\桌面\v-Net\dataset\26合并\25茂华\2\2 (16)\14_0.0000.jpg,0.0,0.54,411.0226745605469,640,480,ok,-0.21805624067783355,1.0,259,320.0,15.834905624389648,484.6091003417969,250.22200298309326,468.7741947174072,,2,"[0, 39]","[454, 516]","[[0, 39], [454, 516]]",
1822,train,25茂华,14,E:\桌面\v-Net\dataset\26合并\25茂华\2\2 (17)\14_0.0000.jpg,0.0,0.54,411.0226745605469,640,480,inferred_missing_left,-0.21060442924499512,0.6,259,320.0,47.095245361328125,458.117919921875,252.60658264160156,411.0226745605469,411.0226745605469,1,,,"[[427, 489]]",
1823,train,25茂华,14,E:\桌面\v-Net\dataset\26合并\25茂华\2\2 (18)\14_0.0000.jpg,0.0,0.54,411.0226745605469,640,480,ok,-0.27062173672020434,1.0,259,320.0,3.453608274459839,463.3484802246094,233.4010442495346,459.89487195014954,,2,"[0, 8]","[432, 495]","[[0, 8], [432, 495]]",
1824,train,25茂华,14,E:\桌面\v-Net\dataset\26合并\25茂华\2\2 (2)\14_0.0000.jpg,0.0,0.54,411.0226745605469,640,480,ok,-0.23868995457887648,1.0,259,320.0,10.875605583190918,476.3628234863281,243.61921453475952,465.4872179031372,,2,"[0, 27]","[446, 508]","[[0, 27], [446, 508]]",
1825,train,25茂华,14,E:\桌面\v-Net\dataset\26合并\25茂华\2\2 (3)\14_0.0000.jpg,0.0,0.54,411.0226745605469,640,480,ok,-0.24826256334781646,1.0,259,320.0,8.120321273803711,472.99163818359375,240.55597972869873,464.87131690979004,,2,"[0, 20]","[442, 504]","[[0, 20], [442, 504]]",
1826,train,25茂华,14,E:\桌面\v-Net\dataset\26合并\25茂华\2\2 (5)\14_0.0000.jpg,0.0,0.54,411.0226745605469,640,480,inferred_missing_left,-0.23557429313659667,0.6,259,320.0,39.104888916015625,450.1275634765625,244.61622619628906,411.0226745605469,411.0226745605469,1,,,"[[419, 482]]",
1827,train,25茂华,14,E:\桌面\v-Net\dataset\26合并\25茂华\2\2 (6)\14_0.0000.jpg,0.0,0.54,411.0226745605469,640,480,ok,-0.23894504755735396,1.0,259,320.0,9.590062141418457,477.485107421875,243.53758478164673,467.89504528045654,,2,"[0, 24]","[447, 509]","[[0, 24], [447, 509]]",
1828,train,25茂华,14,E:\桌面\v-Net\dataset\26合并\25茂华\2\2 (7)\14_0.0000.jpg,0.0,0.54,411.0226745605469,640,480,ok,-0.2585232503712177,1.0,259,320.0,5.761062145233154,468.7840576171875,237.27255988121033,463.02299547195435,,2,"[0, 14]","[438, 500]","[[0, 14], [438, 500]]",
1829,train,25茂华,14,E:\桌面\v-Net\dataset\26合并\25茂华\2\2 (8)\14_0.0000.jpg,0.0,0.54,411.0226745605469,640,480,ok,-0.20902974903583527,1.0,259,320.0,17.78297233581543,488.43798828125,253.11048030853271,470.65501594543457,,2,"[0, 43]","[457, 520]","[[0, 43], [457, 520]]",
1830,train,25茂华,14,E:\桌面\v-Net\dataset\26合并\25茂华\2\2 (9)\14_0.0000.jpg,0.0,0.54,411.0226745605469,640,480,ok,-0.256596415489912,1.0,259,320.0,6.974522113800049,468.80377197265625,237.88914704322815,461.8292498588562,,2,"[0, 17]","[438, 500]","[[0, 17], [438, 500]]",
1831,train,25茂华,14,E:\桌面\v-Net\dataset\26合并\25茂华\2\2\14_0.0000.jpg,0.0,0.54,411.0226745605469,640,480,ok,-0.20768534243106843,1.0,259,320.0,17.74873924255371,489.3326416015625,253.5406904220581,471.5839023590088,,2,"[0, 43]","[458, 521]","[[0, 43], [458, 521]]",
1832,train,25茂华,15,E:\桌面\v-Net\dataset\26合并\25茂华\2\2 (10)\15_0.0000.jpg,0.0,0.54,411.0226745605469,640,480,inferred_missing_left,-0.2790235996246338,0.6,259,320.0,25.20111083984375,436.2237854003906,230.7124481201172,411.0226745605469,411.0226745605469,1,,,"[[404, 469]]",
1833,train,25茂华,15,E:\桌面\v-Net\dataset\26合并\25茂华\2\2 (11)\15_1.4700.jpg,1.47,0.54,411.0226745605469,640,480,inferred_missing_left,-0.20586791038513183,0.6,259,320.0,48.610931396484375,459.63360595703125,254.1222686767578,411.0226745605469,411.0226745605469,1,,,"[[427, 492]]",
1834,train,25茂华,15,E:\桌面\v-Net\dataset\26合并\25茂华\2\2 (14)\15_1.4800.jpg,1.48,0.54,411.0226745605469,640,480,inferred_missing_left,-0.24697375297546387,0.6,259,320.0,35.457061767578125,446.479736328125,240.96839904785156,411.0226745605469,411.0226745605469,1,,,"[[414, 479]]",
1835,train,25茂华,15,E:\桌面\v-Net\dataset\26合并\25茂华\2\2 (15)\15_1.4800.jpg,1.48,0.54,411.0226745605469,640,480,inferred_missing_left,-0.1420663356781006,0.6,259,320.0,69.02743530273438,480.05010986328125,274.5387725830078,411.0226745605469,411.0226745605469,1,,,"[[448, 512]]",
1836,train,25茂华,15,E:\桌面\v-Net\dataset\26合并\25茂华\2\2 (16)\15_0.0000.jpg,0.0,0.54,411.0226745605469,640,480,inferred_missing_left,-0.18170132637023925,0.6,259,320.0,56.34423828125,467.3669128417969,261.85557556152344,411.0226745605469,411.0226745605469,1,,,"[[435, 500]]",
1837,train,25茂华,15,E:\桌面\v-Net\dataset\26合并\25茂华\2\2 (17)\15_1.4800.jpg,1.48,0.54,411.0226745605469,640,480,inferred_missing_left,-0.26523356437683104,0.6,259,320.0,29.613922119140625,440.6365966796875,235.12525939941406,411.0226745605469,411.0226745605469,1,,,"[[408, 473]]",
1838,train,25茂华,15,E:\桌面\v-Net\dataset\26合并\25茂华\2\2 (18)\15_1.4800.jpg,1.48,0.54,411.0226745605469,640,480,inferred_missing_left,-0.2476046085357666,0.6,259,320.0,35.25518798828125,446.2778625488281,240.7665252685547,411.0226745605469,411.0226745605469,1,,,"[[414, 479]]",
1839,train,25茂华,15,E:\桌面\v-Net\dataset\26合并\25茂华\2\2 (3)\15_0.0000.jpg,0.0,0.54,411.0226745605469,640,480,inferred_missing_left,-0.2198103427886963,0.6,259,320.0,44.14935302734375,455.1720275878906,249.6606903076172,411.0226745605469,411.0226745605469,1,,,"[[423, 488]]",
1840,train,25茂华,15,E:\桌面\v-Net\dataset\26合并\25茂华\2\2 (4)\15_0.0000.jpg,0.0,0.54,411.0226745605469,640,480,inferred_missing_left,-0.19021811485290527,0.6,259,320.0,53.618865966796875,464.64154052734375,259.1302032470703,411.0226745605469,411.0226745605469,1,,,"[[432, 497]]",
1841,train,25茂华,15,E:\桌面\v-Net\dataset\26合并\25茂华\2\2 (6)\15_0.0000.jpg,0.0,0.54,411.0226745605469,640,480,inferred_missing_left,-0.21178441047668456,0.6,259,320.0,46.7176513671875,457.7403259277344,252.22898864746094,411.0226745605469,411.0226745605469,1,,,"[[425, 491]]",
1842,train,25茂华,15,E:\桌面\v-Net\dataset\26合并\25茂华\2\2 (7)\15_0.0000.jpg,0.0,0.54,411.0226745605469,640,480,inferred_missing_left,-0.23100619316101073,0.6,259,320.0,40.566680908203125,451.58935546875,246.07801818847656,411.0226745605469,411.0226745605469,1,,,"[[419, 485]]",
1843,train,25茂华,15,E:\桌面\v-Net\dataset\26合并\25茂华\2\2 (9)\15_0.0000.jpg,0.0,0.54,411.0226745605469,640,480,inferred_missing_left,-0.22667641639709474,0.6,259,320.0,41.95220947265625,452.9748840332031,247.4635467529297,411.0226745605469,411.0226745605469,1,,,"[[421, 486]]",
1844,train,25茂华,15,E:\桌面\v-Net\dataset\26合并\25茂华\2\2\15_0.0000.jpg,0.0,0.54,411.0226745605469,640,480,inferred_missing_left,-0.16546950340270997,0.6,259,320.0,61.538421630859375,472.56109619140625,267.0497589111328,411.0226745605469,411.0226745605469,1,,,"[[440, 505]]",
1845,train,25茂华,16,E:\桌面\v-Net\dataset\26合并\25茂华\2\2 (10)\16_1.4700.jpg,1.47,0.54,411.0226745605469,640,480,inferred_missing_left,-0.3563863277435303,0.6,259,320.0,0.445037841796875,411.46771240234375,205.9563751220703,411.0226745605469,411.0226745605469,1,,,"[[376, 447]]",
1846,train,25茂华,16,E:\桌面\v-Net\dataset\26合并\25茂华\2\2 (12)\16_1.4700.jpg,1.47,0.54,411.0226745605469,640,480,inferred_missing_left,-0.3603931427001953,0.6,259,320.0,0.0,409.348388671875,204.6741943359375,409.348388671875,411.0226745605469,1,,,"[[374, 445]]",
1847,train,25茂华,16,E:\桌面\v-Net\dataset\26合并\25茂华\2\2 (13)\16_1.4800.jpg,1.48,0.54,411.0226745605469,640,480,inferred_missing_left,-0.3018204212188721,0.6,259,320.0,17.9061279296875,428.9288024902344,223.41746520996094,411.0226745605469,411.0226745605469,1,,,"[[395, 463]]",
1848,train,25茂华,16,E:\桌面\v-Net\dataset\26合并\25茂华\2\2 (14)\16_1.4800.jpg,1.48,0.54,411.0226745605469,640,480,inferred_missing_left,-0.31894545555114745,0.6,259,320.0,12.426116943359375,423.44879150390625,217.9374542236328,411.0226745605469,411.0226745605469,1,,,"[[388, 459]]",
1849,train,25茂华,16,E:\桌面\v-Net\dataset\26合并\25茂华\2\2 (15)\16_1.4800.jpg,1.48,0.54,411.0226745605469,640,480,inferred_missing_left,-0.20538935661315919,0.6,259,320.0,48.764068603515625,459.7867431640625,254.27540588378906,411.0226745605469,411.0226745605469,1,,,"[[425, 495]]",
1850,train,25茂华,16,E:\桌面\v-Net\dataset\26合并\25茂华\2\2 (16)\16_1.4800.jpg,1.48,0.54,411.0226745605469,640,480,inferred_missing_left,-0.25235419273376464,0.6,259,320.0,33.735321044921875,444.75799560546875,239.2466583251953,411.0226745605469,411.0226745605469,1,,,"[[410, 479]]",
1851,train,25茂华,16,E:\桌面\v-Net\dataset\26合并\25茂华\2\2 (18)\16_1.4800.jpg,1.48,0.54,411.0226745605469,640,480,inferred_missing_left,-0.32224364280700685,0.6,259,320.0,11.370697021484375,422.39337158203125,216.8820343017578,411.0226745605469,411.0226745605469,1,,,"[[388, 457]]",
1852,train,25茂华,16,E:\桌面\v-Net\dataset\26合并\25茂华\2\2 (2)\16_1.4700.jpg,1.47,0.54,411.0226745605469,640,480,inferred_missing_left,-0.2793454647064209,0.6,259,320.0,25.098114013671875,436.12078857421875,230.6094512939453,411.0226745605469,411.0226745605469,1,,,"[[401, 471]]",
1853,train,25茂华,16,E:\桌面\v-Net\dataset\26合并\25茂华\2\2 (3)\16_1.4700.jpg,1.47,0.54,411.0226745605469,640,480,inferred_missing_left,-0.31676554679870605,0.6,259,320.0,13.123687744140625,424.1463623046875,218.63502502441406,411.0226745605469,411.0226745605469,1,,,"[[389, 460]]",
1854,train,25茂华,16,E:\桌面\v-Net\dataset\26合并\25茂华\2\2 (4)\16_1.4700.jpg,1.47,0.54,411.0226745605469,640,480,inferred_missing_left,-0.25985541343688967,0.6,259,320.0,31.334930419921875,442.35760498046875,236.8462677001953,411.0226745605469,411.0226745605469,1,,,"[[407, 478]]",
1855,train,25茂华,16,E:\桌面\v-Net\dataset\26合并\25茂华\2\2 (5)\16_1.4700.jpg,1.47,0.54,411.0226745605469,640,480,inferred_missing_left,-0.3605228900909424,0.6,259,320.0,0.0,409.2653503417969,204.63267517089844,409.2653503417969,411.0226745605469,1,,,"[[374, 445]]",
1856,train,25茂华,16,E:\桌面\v-Net\dataset\26合并\25茂华\2\2 (7)\16_1.4700.jpg,1.47,0.54,411.0226745605469,640,480,inferred_missing_left,-0.3076747417449951,0.6,259,320.0,16.032745361328125,427.055419921875,221.54408264160156,411.0226745605469,411.0226745605469,1,,,"[[392, 462]]",
1857,train,25茂华,16,E:\桌面\v-Net\dataset\26合并\25茂华\2\2 (8)\16_1.4700.jpg,1.47,0.54,411.0226745605469,640,480,inferred_missing_left,-0.23379092216491698,0.6,259,320.0,39.675567626953125,450.6982421875,245.18690490722656,411.0226745605469,411.0226745605469,1,,,"[[416, 486]]",
1858,train,25茂华,16,E:\桌面\v-Net\dataset\26合并\25茂华\2\2 (9)\16_1.4700.jpg,1.47,0.54,411.0226745605469,640,480,inferred_missing_left,-0.3035738468170166,0.6,259,320.0,17.34503173828125,428.3677062988281,222.8563690185547,411.0226745605469,411.0226745605469,1,,,"[[393, 463]]",
1859,train,25茂华,16,E:\桌面\v-Net\dataset\26合并\25茂华\2\2\16_1.4700.jpg,1.47,0.54,411.0226745605469,640,480,inferred_missing_left,-0.23284382820129396,0.6,259,320.0,39.9786376953125,451.0013122558594,245.48997497558594,411.0226745605469,411.0226745605469,1,,,"[[416, 486]]",
1860,train,25茂华,17,E:\桌面\v-Net\dataset\26合并\25茂华\2\2 (13)\17_1.4800.jpg,1.48,0.54,411.0226745605469,640,480,inferred_missing_left,-0.32056612968444825,0.6,259,320.0,11.907501220703125,422.93017578125,217.41883850097656,411.0226745605469,411.0226745605469,1,,,"[[388, 458]]",
1861,train,25茂华,17,E:\桌面\v-Net\dataset\26合并\25茂华\2\2 (15)\17_1.4800.jpg,1.48,0.54,411.0226745605469,640,480,inferred_missing_left,-0.22123408317565918,0.6,259,320.0,43.693756103515625,454.7164306640625,249.20509338378906,411.0226745605469,411.0226745605469,1,,,"[[419, 490]]",
1862,train,25茂华,17,E:\桌面\v-Net\dataset\26合并\25茂华\2\2 (17)\17_1.4800.jpg,1.48,0.54,411.0226745605469,640,480,inferred_missing_left,-0.3610241413116455,0.6,259,320.0,0.0,408.9445495605469,204.47227478027344,408.9445495605469,411.0226745605469,1,,,"[[373, 445]]",
1863,train,25茂华,17,E:\桌面\v-Net\dataset\26合并\25茂华\2\2 (18)\17_1.4800.jpg,1.48,0.54,411.0226745605469,640,480,inferred_missing_left,-0.34201607704162595,0.6,259,320.0,5.04351806640625,416.0661926269531,210.5548553466797,411.0226745605469,411.0226745605469,1,,,"[[381, 452]]",
1864,train,25茂华,17,E:\桌面\v-Net\dataset\26合并\25茂华\2\2 (2)\17_1.4700.jpg,1.47,0.54,411.0226745605469,640,480,inferred_missing_left,-0.3436290264129639,0.6,259,320.0,4.527374267578125,415.550048828125,210.03871154785156,411.0226745605469,411.0226745605469,1,,,"[[379, 452]]",
1865,train,25茂华,17,E:\桌面\v-Net\dataset\26合并\25茂华\2\2 (3)\17_1.4700.jpg,1.47,0.54,411.0226745605469,640,480,inferred_missing_left,-0.3582455635070801,0.6,259,320.0,0.0,410.72283935546875,205.36141967773438,410.72283935546875,411.0226745605469,1,,,"[[374, 447]]",
1866,train,25茂华,17,E:\桌面\v-Net\dataset\26合并\25茂华\2\2 (4)\17_1.4700.jpg,1.47,0.54,411.0226745605469,640,480,inferred_missing_left,-0.3286468982696533,0.6,259,320.0,9.3216552734375,420.3443298339844,214.83299255371094,411.0226745605469,411.0226745605469,1,,,"[[383, 457]]",
1867,train,25茂华,17,E:\桌面\v-Net\dataset\26合并\25茂华\2\2 (5)\17_1.4700.jpg,1.47,0.54,411.0226745605469,640,480,inferred_missing_left,-0.3719128131866455,0.6,259,320.0,0.0,401.9757995605469,200.98789978027344,401.9757995605469,411.0226745605469,1,,,"[[366, 438]]",
1868,train,25茂华,17,E:\桌面\v-Net\dataset\26合并\25茂华\2\2 (6)\17_1.4700.jpg,1.47,0.54,411.0226745605469,640,480,inferred_missing_left,-0.3499870777130127,0.6,259,320.0,2.4927978515625,413.5154724121094,208.00413513183594,411.0226745605469,411.0226745605469,1,,,"[[377, 450]]",
1869,train,25茂华,17,E:\桌面\v-Net\dataset\26合并\25茂华\2\2 (7)\17_1.4700.jpg,1.47,0.54,411.0226745605469,640,480,inferred_missing_left,-0.36763863563537597,0.6,259,320.0,0.0,404.7112731933594,202.3556365966797,404.7112731933594,411.0226745605469,1,,,"[[368, 441]]",
1870,train,25茂华,17,E:\桌面\v-Net\dataset\26合并\25茂华\2\2 (8)\17_1.4700.jpg,1.47,0.54,411.0226745605469,640,480,inferred_missing_left,-0.2964367389678955,0.6,259,320.0,19.62890625,430.6515808105469,225.14024353027344,411.0226745605469,411.0226745605469,1,,,"[[394, 467]]",
1871,train,25茂华,17,E:\桌面\v-Net\dataset\26合并\25茂华\2\2 (9)\17_1.4700.jpg,1.47,0.54,411.0226745605469,640,480,inferred_missing_left,-0.3654644012451172,0.6,259,320.0,0.0,406.102783203125,203.0513916015625,406.102783203125,411.0226745605469,1,,,"[[370, 443]]",
1872,train,25茂华,17,E:\桌面\v-Net\dataset\26合并\25茂华\2\2\17_1.4700.jpg,1.47,0.54,411.0226745605469,640,480,inferred_missing_left,-0.29834704399108886,0.6,259,320.0,19.017608642578125,430.040283203125,224.52894592285156,411.0226745605469,411.0226745605469,1,,,"[[393, 467]]",
1873,train,25茂华,18,E:\桌面\v-Net\dataset\26合并\25茂华\2\2 (10)\18_1.4700.jpg,1.47,0.54,411.0226745605469,640,480,inferred_missing_left,-0.4125083923339844,0.6,259,320.0,0.0,375.99462890625,187.997314453125,375.99462890625,411.0226745605469,1,,,"[[338, 414]]",
1874,train,25茂华,18,E:\桌面\v-Net\dataset\26合并\25茂华\2\2 (12)\18_1.4700.jpg,1.47,0.54,411.0226745605469,640,480,inferred_missing_left,-0.3729417324066162,0.6,259,320.0,0.0,401.3172912597656,200.6586456298828,401.3172912597656,411.0226745605469,1,,,"[[365, 438]]",
1875,train,25茂华,18,E:\桌面\v-Net\dataset\26合并\25茂华\2\2 (13)\18_1.4800.jpg,1.48,0.54,411.0226745605469,640,480,inferred_missing_left,-0.3135007381439209,0.6,259,320.0,14.168426513671875,425.19110107421875,219.6797637939453,411.0226745605469,411.0226745605469,1,,,"[[391, 461]]",
1876,train,25茂华,18,E:\桌面\v-Net\dataset\26合并\25茂华\2\2 (14)\18_1.4800.jpg,1.48,0.54,411.0226745605469,640,480,inferred_missing_left,-0.3414191722869873,0.6,259,320.0,5.234527587890625,416.2572021484375,210.74586486816406,411.0226745605469,411.0226745605469,1,,,"[[380, 453]]",
1877,train,25茂华,18,E:\桌面\v-Net\dataset\26合并\25茂华\2\2 (16)\18_1.4800.jpg,1.48,0.54,411.0226745605469,640,480,inferred_missing_left,-0.34139437675476075,0.6,259,320.0,5.242462158203125,416.26513671875,210.75379943847656,411.0226745605469,411.0226745605469,1,,,"[[380, 454]]",
1878,train,25茂华,18,E:\桌面\v-Net\dataset\26合并\25茂华\2\2 (17)\18_1.4800.jpg,1.48,0.54,411.0226745605469,640,480,inferred_missing_left,-0.3597757816314697,0.6,259,320.0,0.0,409.7434997558594,204.8717498779297,409.7434997558594,411.0226745605469,1,,,"[[374, 446]]",
1879,train,25茂华,18,E:\桌面\v-Net\dataset\26合并\25茂华\2\2 (18)\18_1.4800.jpg,1.48,0.54,411.0226745605469,640,480,inferred_missing_left,-0.33727564811706545,0.6,259,320.0,6.560455322265625,417.5831298828125,212.07179260253906,411.0226745605469,411.0226745605469,1,,,"[[382, 454]]",
1880,train,25茂华,18,E:\桌面\v-Net\dataset\26合并\25茂华\2\2 (2)\18_1.4700.jpg,1.47,0.54,411.0226745605469,640,480,inferred_missing_left,-0.36883249282836916,0.6,259,320.0,0.0,403.94720458984375,201.97360229492188,403.94720458984375,411.0226745605469,1,,,"[[367, 441]]",
1881,train,25茂华,18,E:\桌面\v-Net\dataset\26合并\25茂华\2\2 (3)\18_1.4700.jpg,1.47,0.54,411.0226745605469,640,480,inferred_missing_left,-0.3766446590423584,0.6,259,320.0,0.0,398.9474182128906,199.4737091064453,398.9474182128906,411.0226745605469,1,,,"[[361, 437]]",
1882,train,25茂华,18,E:\桌面\v-Net\dataset\26合并\25茂华\2\2 (4)\18_1.4700.jpg,1.47,0.54,411.0226745605469,640,480,inferred_missing_left,-0.36342391967773435,0.6,259,320.0,0.0,407.40869140625,203.704345703125,407.40869140625,411.0226745605469,1,,,"[[369, 446]]",
1883,train,25茂华,18,E:\桌面\v-Net\dataset\26合并\25茂华\2\2 (6)\18_1.4700.jpg,1.47,0.54,411.0226745605469,640,480,inferred_missing_left,-0.3732276916503906,0.6,259,320.0,0.0,401.13427734375,200.567138671875,401.13427734375,411.0226745605469,1,,,"[[363, 439]]",
1884,train,25茂华,18,E:\桌面\v-Net\dataset\26合并\25茂华\2\2 (7)\18_1.4700.jpg,1.47,0.54,411.0226745605469,640,480,inferred_missing_left,-0.3847211360931396,0.6,259,320.0,0.0,393.7784729003906,196.8892364501953,393.7784729003906,411.0226745605469,1,,,"[[357, 431]]",
1885,train,25茂华,18,E:\桌面\v-Net\dataset\26合并\25茂华\2\2 (8)\18_1.4700.jpg,1.47,0.54,411.0226745605469,640,480,inferred_missing_left,-0.3341060161590576,0.6,259,320.0,7.574737548828125,418.597412109375,213.08607482910156,411.0226745605469,411.0226745605469,1,,,"[[381, 456]]",
1886,train,25茂华,19,E:\桌面\v-Net\dataset\26合并\25茂华\2\2 (10)\19_1.4700.jpg,1.47,0.54,411.0226745605469,640,480,inferred_missing_left,-0.4218320846557617,0.6,259,320.0,0.0,370.0274658203125,185.01373291015625,370.0274658203125,411.0226745605469,1,,,"[[331, 409]]",
1887,train,25茂华,19,E:\桌面\v-Net\dataset\26合并\25茂华\2\2 (11)\19_1.4700.jpg,1.47,0.54,411.0226745605469,640,480,inferred_missing_left,-0.2781792163848877,0.6,259,320.0,25.4713134765625,436.4939880371094,230.98265075683594,411.0226745605469,411.0226745605469,1,,,"[[400, 473]]",
1888,train,25茂华,19,E:\桌面\v-Net\dataset\26合并\25茂华\2\2 (12)\19_1.4700.jpg,1.47,0.54,411.0226745605469,640,480,inferred_missing_left,-0.37263174057006837,0.6,259,320.0,0.0,401.51568603515625,200.75784301757812,401.51568603515625,411.0226745605469,1,,,"[[365, 438]]",
1889,train,25茂华,19,E:\桌面\v-Net\dataset\26合并\25茂华\2\2 (15)\19_1.4800.jpg,1.48,0.54,411.0226745605469,640,480,inferred_missing_left,-0.2090991497039795,0.6,259,320.0,47.576934814453125,458.599609375,253.08827209472656,411.0226745605469,411.0226745605469,1,,,"[[422, 495]]",
1890,train,25茂华,19,E:\桌面\v-Net\dataset\26合并\25茂华\2\2 (16)\19_1.4800.jpg,1.48,0.54,411.0226745605469,640,480,inferred_missing_left,-0.3524631023406982,0.6,259,320.0,1.700469970703125,412.72314453125,207.21180725097656,411.0226745605469,411.0226745605469,1,,,"[[374, 451]]",
1891,train,25茂华,19,E:\桌面\v-Net\dataset\26合并\25茂华\2\2 (17)\19_1.4800.jpg,1.48,0.54,411.0226745605469,640,480,inferred_missing_left,-0.3495481967926025,0.6,259,320.0,2.63323974609375,413.6559143066406,208.1445770263672,411.0226745605469,411.0226745605469,1,,,"[[377, 450]]",
1892,train,25茂华,19,E:\桌面\v-Net\dataset\26合并\25茂华\2\2 (18)\19_1.4800.jpg,1.48,0.54,411.0226745605469,640,480,inferred_missing_left,-0.32601141929626465,0.6,259,320.0,10.165008544921875,421.18768310546875,215.6763458251953,411.0226745605469,411.0226745605469,1,,,"[[384, 458]]",
1893,train,25茂华,19,E:\桌面\v-Net\dataset\26合并\25茂华\2\2 (2)\19_1.4700.jpg,1.47,0.54,411.0226745605469,640,480,inferred_missing_left,-0.3742739200592041,0.6,259,320.0,0.0,400.4646911621094,200.2323455810547,400.4646911621094,411.0226745605469,1,,,"[[362, 439]]",
1894,train,25茂华,19,E:\桌面\v-Net\dataset\26合并\25茂华\2\2 (3)\19_1.4700.jpg,1.47,0.54,411.0226745605469,640,480,inferred_missing_left,-0.3829016208648682,0.6,259,320.0,0.0,394.9429626464844,197.4714813232422,394.9429626464844,411.0226745605469,1,,,"[[357, 433]]",
1895,train,25茂华,19,E:\桌面\v-Net\dataset\26合并\25茂华\2\2 (5)\19_1.4700.jpg,1.47,0.54,411.0226745605469,640,480,inferred_missing_left,-0.3644350528717041,0.6,259,320.0,0.0,406.7615661621094,203.3807830810547,406.7615661621094,411.0226745605469,1,,,"[[369, 444]]",
1896,train,25茂华,19,E:\桌面\v-Net\dataset\26合并\25茂华\2\2 (6)\19_1.4700.jpg,1.47,0.54,411.0226745605469,640,480,inferred_missing_left,-0.37826123237609866,0.6,259,320.0,0.0,397.9128112792969,198.95640563964844,397.9128112792969,411.0226745605469,1,,,"[[359, 437]]",
1897,train,25茂华,19,E:\桌面\v-Net\dataset\26合并\25茂华\2\2 (7)\19_1.4700.jpg,1.47,0.54,411.0226745605469,640,480,inferred_missing_left,-0.3938727855682373,0.6,259,320.0,0.0,387.9214172363281,193.96070861816406,387.9214172363281,411.0226745605469,1,,,"[[349, 426]]",
1898,train,25茂华,19,E:\桌面\v-Net\dataset\26合并\25茂华\2\2 (8)\19_1.4700.jpg,1.47,0.54,411.0226745605469,640,480,inferred_missing_left,-0.34863553047180174,0.6,259,320.0,2.92529296875,413.9479675292969,208.43663024902344,411.0226745605469,411.0226745605469,1,,,"[[375, 453]]",
1899,train,25茂华,19,E:\桌面\v-Net\dataset\26合并\25茂华\2\2 (9)\19_1.4700.jpg,1.47,0.54,411.0226745605469,640,480,inferred_missing_left,-0.3903691291809082,0.6,259,320.0,0.0,390.16375732421875,195.08187866210938,390.16375732421875,411.0226745605469,1,,,"[[352, 429]]",
1900,train,25茂华,20,E:\桌面\v-Net\dataset\26合并\25茂华\2\2 (11)\20_1.4700.jpg,1.47,0.54,411.0226745605469,640,480,inferred_missing_left,-0.25879855155944825,0.6,259,320.0,31.673126220703125,442.69580078125,237.18446350097656,411.0226745605469,411.0226745605469,1,,,"[[407, 479]]",
1901,train,25茂华,20,E:\桌面\v-Net\dataset\26合并\25茂华\2\2 (13)\20_1.4800.jpg,1.48,0.54,411.0226745605469,640,480,inferred_missing_left,-0.28123698234558103,0.6,259,320.0,24.492828369140625,435.5155029296875,230.00416564941406,411.0226745605469,411.0226745605469,1,,,"[[400, 472]]",
1902,train,25茂华,20,E:\桌面\v-Net\dataset\26合并\25茂华\2\2 (14)\20_1.4800.jpg,1.48,0.54,411.0226745605469,640,480,inferred_missing_left,-0.31403117179870604,0.6,259,320.0,13.998687744140625,425.0213623046875,219.51002502441406,411.0226745605469,411.0226745605469,1,,,"[[389, 462]]",
1903,train,25茂华,20,E:\桌面\v-Net\dataset\26合并\25茂华\2\2 (15)\20_1.4800.jpg,1.48,0.54,411.0226745605469,640,480,inferred_missing_left,-0.194752836227417,0.6,259,320.0,52.167755126953125,463.1904296875,257.67909240722656,411.0226745605469,411.0226745605469,1,,,"[[426, 501]]",
1904,train,25茂华,20,E:\桌面\v-Net\dataset\26合并\25茂华\2\2 (17)\20_1.4800.jpg,1.48,0.54,411.0226745605469,640,480,inferred_missing_left,-0.3270401477813721,0.6,259,320.0,9.8358154296875,420.8584899902344,215.34715270996094,411.0226745605469,411.0226745605469,1,,,"[[385, 457]]",
1905,train,25茂华,20,E:\桌面\v-Net\dataset\26合并\25茂华\2\2 (18)\20_1.4800.jpg,1.48,0.54,411.0226745605469,640,480,inferred_missing_left,-0.31190037727355957,0.6,259,320.0,14.6805419921875,425.7032165527344,220.19187927246094,411.0226745605469,411.0226745605469,1,,,"[[389, 463]]",
1906,train,25茂华,20,E:\桌面\v-Net\dataset\26合并\25茂华\2\2 (2)\20_1.4700.jpg,1.47,0.54,411.0226745605469,640,480,inferred_missing_left,-0.37234983444213865,0.6,259,320.0,0.0,401.69610595703125,200.84805297851562,401.69610595703125,411.0226745605469,1,,,"[[363, 440]]",
1907,train,25茂华,20,E:\桌面\v-Net\dataset\26合并\25茂华\2\2 (3)\20_1.4700.jpg,1.47,0.54,411.0226745605469,640,480,inferred_missing_left,-0.3823427200317383,0.6,259,320.0,0.0,395.3006591796875,197.65032958984375,395.3006591796875,411.0226745605469,1,,,"[[357, 434]]",
1908,train,25茂华,20,E:\桌面\v-Net\dataset\26合并\25茂华\2\2 (6)\20_1.4700.jpg,1.47,0.54,411.0226745605469,640,480,inferred_missing_left,-0.3786076545715332,0.6,259,320.0,0.0,397.69110107421875,198.84555053710938,397.69110107421875,411.0226745605469,1,,,"[[359, 437]]",
1909,train,25茂华,20,E:\桌面\v-Net\dataset\26合并\25茂华\2\2 (7)\20_1.4700.jpg,1.47,0.54,411.0226745605469,640,480,inferred_missing_left,-0.3927407741546631,0.6,259,320.0,0.0,388.6459045410156,194.3229522705078,388.6459045410156,411.0226745605469,1,,,"[[351, 428]]",
1910,train,25茂华,20,E:\桌面\v-Net\dataset\26合并\25茂华\2\2 (9)\20_1.4700.jpg,1.47,0.54,411.0226745605469,640,480,inferred_missing_left,-0.38877215385437014,0.6,259,320.0,0.0,391.1858215332031,195.59291076660156,391.1858215332031,411.0226745605469,1,,,"[[353, 430]]",
1911,train,25茂华,21,E:\桌面\v-Net\dataset\26合并\25茂华\2\2 (12)\21_1.4700.jpg,1.47,0.54,411.0226745605469,640,480,inferred_missing_left,-0.332537317276001,0.6,259,320.0,8.07672119140625,419.0993957519531,213.5880584716797,411.0226745605469,411.0226745605469,1,,,"[[382, 456]]",
1912,train,25茂华,21,E:\桌面\v-Net\dataset\26合并\25茂华\2\2 (13)\21_1.4800.jpg,1.48,0.54,411.0226745605469,640,480,inferred_missing_left,-0.25637478828430177,0.6,259,320.0,32.44873046875,443.4714050292969,237.96006774902344,411.0226745605469,411.0226745605469,1,,,"[[407, 480]]",
1913,train,25茂华,21,E:\桌面\v-Net\dataset\26合并\25茂华\2\2 (15)\21_1.4800.jpg,1.48,0.54,411.0226745605469,640,480,inferred_missing_left,-0.17895007133483887,0.6,259,320.0,57.224639892578125,468.247314453125,262.73597717285156,411.0226745605469,411.0226745605469,1,,,"[[431, 506]]",
1914,train,25茂华,21,E:\桌面\v-Net\dataset\26合并\25茂华\2\2 (16)\21_1.4800.jpg,1.48,0.54,411.0226745605469,640,480,inferred_missing_left,-0.34390549659729003,0.6,259,320.0,4.43890380859375,415.4615783691406,209.9502410888672,411.0226745605469,411.0226745605469,1,,,"[[377, 454]]",
1915,train,25茂华,21,E:\桌面\v-Net\dataset\26合并\25茂华\2\2 (17)\21_1.4800.jpg,1.48,0.54,411.0226745605469,640,480,inferred_missing_left,-0.30503134727478026,0.6,259,320.0,16.878631591796875,427.90130615234375,222.3899688720703,411.0226745605469,411.0226745605469,1,,,"[[391, 465]]",
1916,train,25茂华,21,E:\桌面\v-Net\dataset\26合并\25茂华\2\2 (18)\21_1.4800.jpg,1.48,0.54,411.0226745605469,640,480,inferred_missing_left,-0.2978783130645752,0.6,259,320.0,19.1676025390625,430.1902770996094,224.67893981933594,411.0226745605469,411.0226745605469,1,,,"[[393, 467]]",
1917,train,25茂华,21,E:\桌面\v-Net\dataset\26合并\25茂华\2\2 (2)\21_1.4700.jpg,1.47,0.54,411.0226745605469,640,480,inferred_missing_left,-0.36852245330810546,0.6,259,320.0,0.0,404.1456298828125,202.07281494140625,404.1456298828125,411.0226745605469,1,,,"[[366, 442]]",
1918,train,25茂华,21,E:\桌面\v-Net\dataset\26合并\25茂华\2\2 (3)\21_1.4700.jpg,1.47,0.54,411.0226745605469,640,480,inferred_missing_left,-0.38381233215332033,0.6,259,320.0,0.0,394.360107421875,197.1800537109375,394.360107421875,411.0226745605469,1,,,"[[355, 433]]",
1919,train,25茂华,21,E:\桌面\v-Net\dataset\26合并\25茂华\2\2 (4)\21_1.4700.jpg,1.47,0.54,411.0226745605469,640,480,inferred_missing_left,-0.3668872833251953,0.6,259,320.0,0.0,405.192138671875,202.5960693359375,405.192138671875,411.0226745605469,1,,,"[[366, 444]]",
1920,train,25茂华,21,E:\桌面\v-Net\dataset\26合并\25茂华\2\2 (6)\21_1.4700.jpg,1.47,0.54,411.0226745605469,640,480,inferred_missing_left,-0.3767984390258789,0.6,259,320.0,0.0,398.8489990234375,199.42449951171875,398.8489990234375,411.0226745605469,1,,,"[[360, 438]]",
1921,train,25茂华,21,E:\桌面\v-Net\dataset\26合并\25茂华\2\2 (7)\21_1.4700.jpg,1.47,0.54,411.0226745605469,640,480,inferred_missing_left,-0.390806770324707,0.6,259,320.0,0.0,389.8836669921875,194.94183349609375,389.8836669921875,411.0226745605469,1,,,"[[351, 429]]",
1922,train,25茂华,21,E:\桌面\v-Net\dataset\26合并\25茂华\2\2 (8)\21_1.4700.jpg,1.47,0.54,411.0226745605469,640,480,inferred_missing_left,-0.345485258102417,0.6,259,320.0,3.933380126953125,414.9560546875,209.44471740722656,411.0226745605469,411.0226745605469,1,,,"[[376, 454]]",
1923,train,25茂华,21,E:\桌面\v-Net\dataset\26合并\25茂华\2\2 (9)\21_1.4700.jpg,1.47,0.54,411.0226745605469,640,480,inferred_missing_left,-0.39288129806518557,0.6,259,320.0,0.0,388.55596923828125,194.27798461914062,388.55596923828125,411.0226745605469,1,,,"[[350, 427]]",
1924,train,25茂华,22,E:\桌面\v-Net\dataset\26合并\25茂华\2\2 (10)\22_1.4700.jpg,1.47,0.54,411.0226745605469,640,480,inferred_missing_left,-0.4113567352294922,0.6,259,320.0,0.0,376.731689453125,188.3658447265625,376.731689453125,411.0226745605469,1,,,"[[338, 415]]",
1925,train,25茂华,22,E:\桌面\v-Net\dataset\26合并\25茂华\2\2 (11)\22_1.4700.jpg,1.47,0.54,411.0226745605469,640,480,inferred_missing_left,-0.22013344764709472,0.6,259,320.0,44.04595947265625,455.0686340332031,249.5572967529297,411.0226745605469,411.0226745605469,1,,,"[[417, 493]]",
1926,train,25茂华,22,E:\桌面\v-Net\dataset\26合并\25茂华\2\2 (13)\22_1.4800.jpg,1.48,0.54,411.0226745605469,640,480,inferred_missing_left,-0.23874983787536622,0.6,259,320.0,38.088714599609375,449.11138916015625,243.6000518798828,411.0226745605469,411.0226745605469,1,,,"[[412, 486]]",
1927,train,25茂华,22,E:\桌面\v-Net\dataset\26合并\25茂华\2\2 (17)\22_1.4800.jpg,1.48,0.54,411.0226745605469,640,480,inferred_missing_left,-0.2900079250335693,0.6,259,320.0,21.686126708984375,432.70880126953125,227.1974639892578,411.0226745605469,411.0226745605469,1,,,"[[396, 470]]",
1928,train,25茂华,22,E:\桌面\v-Net\dataset\26合并\25茂华\2\2 (3)\22_1.4700.jpg,1.47,0.54,411.0226745605469,640,480,inferred_missing_left,-0.3770771503448486,0.6,259,320.0,0.0,398.6706237792969,199.33531188964844,398.6706237792969,411.0226745605469,1,,,"[[360, 438]]",
1929,train,25茂华,22,E:\桌面\v-Net\dataset\26合并\25茂华\2\2 (4)\22_1.4700.jpg,1.47,0.54,411.0226745605469,640,480,inferred_missing_left,-0.359863805770874,0.6,259,320.0,0.0,409.6871643066406,204.8435821533203,409.6871643066406,411.0226745605469,1,,,"[[370, 449]]",
1930,train,25茂华,22,E:\桌面\v-Net\dataset\26合并\25茂华\2\2 (5)\22_1.4700.jpg,1.47,0.54,411.0226745605469,640,480,inferred_missing_left,-0.31317963600158694,0.6,259,320.0,14.27117919921875,425.2938537597656,219.7825164794922,411.0226745605469,411.0226745605469,1,,,"[[389, 462]]",
1931,train,25茂华,22,E:\桌面\v-Net\dataset\26合并\25茂华\2\2 (7)\22_1.4700.jpg,1.47,0.54,411.0226745605469,640,480,inferred_missing_left,-0.38509979248046877,0.6,259,320.0,0.0,393.5361328125,196.76806640625,393.5361328125,411.0226745605469,1,,,"[[355, 432]]",
1932,train,25茂华,22,E:\桌面\v-Net\dataset\26合并\25茂华\2\2 (9)\22_1.4700.jpg,1.47,0.54,411.0226745605469,640,480,inferred_missing_left,-0.3848012924194336,0.6,259,320.0,0.0,393.7271728515625,196.86358642578125,393.7271728515625,411.0226745605469,1,,,"[[355, 432]]",
1933,train,25茂华,23,E:\桌面\v-Net\dataset\26合并\25茂华\2\2 (10)\23_1.4700.jpg,1.47,0.54,411.0226745605469,640,480,inferred_missing_left,-0.40434775352478025,0.6,259,320.0,0.0,381.2174377441406,190.6087188720703,381.2174377441406,411.0226745605469,1,,,"[[342, 420]]",
1934,train,25茂华,23,E:\桌面\v-Net\dataset\26合并\25茂华\2\2 (11)\23_1.4700.jpg,1.47,0.54,411.0226745605469,640,480,inferred_missing_left,-0.21399569511413574,0.6,259,320.0,46.010040283203125,457.03271484375,251.52137756347656,411.0226745605469,411.0226745605469,1,,,"[[421, 494]]",
1935,train,25茂华,23,E:\桌面\v-Net\dataset\26合并\25茂华\2\2 (14)\23_1.4800.jpg,1.48,0.54,411.0226745605469,640,480,inferred_missing_left,-0.27819371223449707,0.6,259,320.0,25.4666748046875,436.4893493652344,230.97801208496094,411.0226745605469,411.0226745605469,1,,,"[[399, 474]]",
1936,train,25茂华,23,E:\桌面\v-Net\dataset\26合并\25茂华\2\2 (15)\23_1.4800.jpg,1.48,0.54,411.0226745605469,640,480,inferred_missing_left,-0.17242274284362794,0.6,259,320.0,59.313385009765625,470.3360595703125,264.82472229003906,411.0226745605469,411.0226745605469,1,,,"[[432, 509]]",
1937,train,25茂华,23,E:\桌面\v-Net\dataset\26合并\25茂华\2\2 (18)\23_1.4800.jpg,1.48,0.54,411.0226745605469,640,480,inferred_missing_left,-0.27057662010192873,0.6,259,320.0,27.904144287109375,438.92681884765625,233.4154815673828,411.0226745605469,411.0226745605469,1,,,"[[402, 476]]",
1938,train,25茂华,23,E:\桌面\v-Net\dataset\26合并\25茂华\2\2 (3)\23_1.4700.jpg,1.47,0.54,411.0226745605469,640,480,inferred_missing_left,-0.37423033714294435,0.6,259,320.0,0.0,400.4925842285156,200.2462921142578,400.4925842285156,411.0226745605469,1,,,"[[361, 439]]",
1939,train,25茂华,23,E:\桌面\v-Net\dataset\26合并\25茂华\2\2 (5)\23_1.4700.jpg,1.47,0.54,411.0226745605469,640,480,inferred_missing_left,-0.2939116954803467,0.6,259,320.0,20.436920166015625,431.4595947265625,225.94825744628906,411.0226745605469,411.0226745605469,1,,,"[[395, 468]]",
1940,train,25茂华,23,E:\桌面\v-Net\dataset\26合并\25茂华\2\2 (8)\23_1.4700.jpg,1.47,0.54,411.0226745605469,640,480,inferred_missing_left,-0.3521596431732178,0.6,259,320.0,1.797576904296875,412.82025146484375,207.3089141845703,411.0226745605469,411.0226745605469,1,,,"[[374, 452]]",
1941,train,25茂华,23,E:\桌面\v-Net\dataset\26合并\25茂华\2\2 (9)\23_1.4700.jpg,1.47,0.54,411.0226745605469,640,480,inferred_missing_left,-0.37735595703125,0.6,259,320.0,0.0,398.4921875,199.24609375,398.4921875,411.0226745605469,1,,,"[[360, 437]]",
1942,train,25茂华,23,E:\桌面\v-Net\dataset\26合并\25茂华\2\2\23_1.4700.jpg,1.47,0.54,411.0226745605469,640,480,inferred_missing_left,-0.3363654613494873,0.6,259,320.0,6.851715087890625,417.8743896484375,212.36305236816406,411.0226745605469,411.0226745605469,1,,,"[[379, 457]]",
1943,train,25茂华,24,E:\桌面\v-Net\dataset\26合并\25茂华\2\2 (11)\24_1.4700.jpg,1.47,0.54,411.0226745605469,640,480,inferred_missing_left,-0.19864134788513182,0.6,259,320.0,50.923431396484375,461.94610595703125,256.4347686767578,411.0226745605469,411.0226745605469,1,,,"[[425, 499]]",
1944,train,25茂华,24,E:\桌面\v-Net\dataset\26合并\25茂华\2\2 (12)\24_1.4700.jpg,1.47,0.54,411.0226745605469,640,480,inferred_missing_left,-0.2904374599456787,0.6,259,320.0,21.548675537109375,432.57135009765625,227.0600128173828,411.0226745605469,411.0226745605469,1,,,"[[396, 469]]",
1945,train,25茂华,24,E:\桌面\v-Net\dataset\26合并\25茂华\2\2 (13)\24_1.4800.jpg,1.48,0.54,411.0226745605469,640,480,inferred_missing_left,-0.21470131874084472,0.6,259,320.0,45.78424072265625,456.8069152832031,251.2955780029297,411.0226745605469,411.0226745605469,1,,,"[[420, 494]]",
1946,train,25茂华,24,E:\桌面\v-Net\dataset\26合并\25茂华\2\2 (14)\24_1.4800.jpg,1.48,0.54,411.0226745605469,640,480,inferred_missing_left,-0.2632110118865967,0.6,259,320.0,30.261138916015625,441.2838134765625,235.77247619628906,411.0226745605469,411.0226745605469,1,,,"[[405, 478]]",
1947,train,25茂华,24,E:\桌面\v-Net\dataset\26合并\25茂华\2\2 (15)\24_1.4800.jpg,1.48,0.54,411.0226745605469,640,480,inferred_missing_left,-0.17119717597961426,0.6,259,320.0,59.70556640625,470.7282409667969,265.21690368652344,411.0226745605469,411.0226745605469,1,,,"[[432, 509]]",
1948,train,25茂华,24,E:\桌面\v-Net\dataset\26合并\25茂华\2\2 (18)\24_1.4800.jpg,1.48,0.54,411.0226745605469,640,480,inferred_missing_left,-0.24932198524475097,0.6,259,320.0,34.70562744140625,445.7283020019531,240.2169647216797,411.0226745605469,411.0226745605469,1,,,"[[409, 483]]",
1949,train,25茂华,24,E:\桌面\v-Net\dataset\26合并\25茂华\2\2 (2)\24_1.4700.jpg,1.47,0.54,411.0226745605469,640,480,inferred_missing_left,-0.3414642810821533,0.6,259,320.0,5.2200927734375,416.2427673339844,210.73143005371094,411.0226745605469,411.0226745605469,1,,,"[[378, 454]]",
1950,train,25茂华,24,E:\桌面\v-Net\dataset\26合并\25茂华\2\2 (3)\24_1.4700.jpg,1.47,0.54,411.0226745605469,640,480,inferred_missing_left,-0.36805238723754885,0.6,259,320.0,0.0,404.44647216796875,202.22323608398438,404.44647216796875,411.0226745605469,1,,,"[[367, 442]]",
1951,train,25茂华,24,E:\桌面\v-Net\dataset\26合并\25茂华\2\2 (6)\24_1.4700.jpg,1.47,0.54,411.0226745605469,640,480,inferred_missing_left,-0.3581594944000244,0.6,259,320.0,0.0,410.7779235839844,205.3889617919922,410.7779235839844,411.0226745605469,1,,,"[[373, 449]]",
1952,train,25茂华,24,E:\桌面\v-Net\dataset\26合并\25茂华\2\2 (9)\24_1.4700.jpg,1.47,0.54,411.0226745605469,640,480,inferred_missing_left,-0.37365431785583497,0.6,259,320.0,0.0,400.8612365722656,200.4306182861328,400.8612365722656,411.0226745605469,1,,,"[[363, 439]]",
1953,train,25茂华,24,E:\桌面\v-Net\dataset\26合并\25茂华\2\2\24_1.4700.jpg,1.47,0.54,411.0226745605469,640,480,inferred_missing_left,-0.33370795249938967,0.6,259,320.0,7.702117919921875,418.72479248046875,213.2134552001953,411.0226745605469,411.0226745605469,1,,,"[[380, 457]]",
1954,train,25茂华,25,E:\桌面\v-Net\dataset\26合并\25茂华\2\2 (10)\25_1.4700.jpg,1.47,0.54,411.0226745605469,640,480,inferred_missing_left,-0.3900615215301514,0.6,259,320.0,0.0,390.3606262207031,195.18031311035156,390.3606262207031,411.0226745605469,1,,,"[[353, 428]]",
1955,train,25茂华,25,E:\桌面\v-Net\dataset\26合并\25茂华\2\2 (11)\25_1.4700.jpg,1.47,0.54,411.0226745605469,640,480,inferred_missing_left,-0.18747334480285643,0.6,259,320.0,54.4971923828125,465.5198669433594,260.00852966308594,411.0226745605469,411.0226745605469,1,,,"[[428, 503]]",
1956,train,25茂华,25,E:\桌面\v-Net\dataset\26合并\25茂华\2\2 (13)\25_1.4800.jpg,1.48,0.54,411.0226745605469,640,480,inferred_missing_left,-0.21238322257995607,0.6,259,320.0,46.526031494140625,457.5487060546875,252.03736877441406,411.0226745605469,411.0226745605469,1,,,"[[420, 495]]",
1957,train,25茂华,25,E:\桌面\v-Net\dataset\26合并\25茂华\2\2 (14)\25_1.4800.jpg,1.48,0.54,411.0226745605469,640,480,inferred_missing_left,-0.2498932361602783,0.6,259,320.0,34.5228271484375,445.5455017089844,240.03416442871094,411.0226745605469,411.0226745605469,1,,,"[[408, 483]]",
1958,train,25茂华,25,E:\桌面\v-Net\dataset\26合并\25茂华\2\2 (16)\25_1.4800.jpg,1.48,0.54,411.0226745605469,640,480,inferred_missing_left,-0.3260935306549072,0.6,259,320.0,10.13873291015625,421.1614074707031,215.6500701904297,411.0226745605469,411.0226745605469,1,,,"[[383, 460]]",
1959,train,25茂华,25,E:\桌面\v-Net\dataset\26合并\25茂华\2\2 (17)\25_1.4800.jpg,1.48,0.54,411.0226745605469,640,480,inferred_missing_left,-0.24991707801818847,0.6,259,320.0,34.51519775390625,445.5378723144531,240.0265350341797,411.0226745605469,411.0226745605469,1,,,"[[408, 483]]",
1960,train,25茂华,25,E:\桌面\v-Net\dataset\26合并\25茂华\2\2 (18)\25_1.4800.jpg,1.48,0.54,411.0226745605469,640,480,inferred_missing_left,-0.24113640785217286,0.6,259,320.0,37.32501220703125,448.3476867675781,242.8363494873047,411.0226745605469,411.0226745605469,1,,,"[[411, 486]]",
1961,train,25茂华,25,E:\桌面\v-Net\dataset\26合并\25茂华\2\2 (3)\25_1.4700.jpg,1.47,0.54,411.0226745605469,640,480,inferred_missing_left,-0.3663529872894287,0.6,259,320.0,0.0,405.5340881347656,202.7670440673828,405.5340881347656,411.0226745605469,1,,,"[[367, 444]]",
1962,train,25茂华,25,E:\桌面\v-Net\dataset\26合并\25茂华\2\2 (4)\25_1.4700.jpg,1.47,0.54,411.0226745605469,640,480,inferred_missing_left,-0.34433722496032715,0.6,259,320.0,4.300750732421875,415.32342529296875,209.8120880126953,411.0226745605469,411.0226745605469,1,,,"[[377, 454]]",
1963,train,25茂华,25,E:\桌面\v-Net\dataset\26合并\25茂华\2\2 (5)\25_1.4700.jpg,1.47,0.54,411.0226745605469,640,480,inferred_missing_left,-0.2560746669769287,0.6,259,320.0,32.544769287109375,443.56744384765625,238.0561065673828,411.0226745605469,411.0226745605469,1,,,"[[407, 480]]",
1964,train,25茂华,25,E:\桌面\v-Net\dataset\26合并\25茂华\2\2 (6)\25_1.4700.jpg,1.47,0.54,411.0226745605469,640,480,inferred_missing_left,-0.3554864406585693,0.6,259,320.0,0.733001708984375,411.75567626953125,206.2443389892578,411.0226745605469,411.0226745605469,1,,,"[[374, 450]]",
1965,train,25茂华,25,E:\桌面\v-Net\dataset\26合并\25茂华\2\2 (7)\25_1.4700.jpg,1.47,0.54,411.0226745605469,640,480,inferred_missing_left,-0.37140836715698244,0.6,259,320.0,0.0,402.29864501953125,201.14932250976562,402.29864501953125,411.0226745605469,1,,,"[[365, 440]]",
1966,train,25茂华,25,E:\桌面\v-Net\dataset\26合并\25茂华\2\2 (9)\25_1.4700.jpg,1.47,0.54,411.0226745605469,640,480,inferred_missing_left,-0.3648989200592041,0.6,259,320.0,0.0,406.4646911621094,203.2323455810547,406.4646911621094,411.0226745605469,1,,,"[[369, 444]]",
1967,train,25茂华,25,E:\桌面\v-Net\dataset\26合并\25茂华\2\2\25_1.4700.jpg,1.47,0.54,411.0226745605469,640,480,inferred_missing_left,-0.3330946445465088,0.6,259,320.0,7.89837646484375,418.9210510253906,213.4097137451172,411.0226745605469,411.0226745605469,1,,,"[[380, 458]]",
1968,train,25茂华,26,E:\桌面\v-Net\dataset\26合并\25茂华\2\2 (11)\26_1.4700.jpg,1.47,0.54,411.0226745605469,640,480,inferred_missing_left,-0.1778027057647705,0.6,259,320.0,57.591796875,468.6144714355469,263.10313415527344,411.0226745605469,411.0226745605469,1,,,"[[431, 507]]",
1969,train,25茂华,26,E:\桌面\v-Net\dataset\26合并\25茂华\2\2 (12)\26_1.4700.jpg,1.47,0.54,411.0226745605469,640,480,inferred_missing_left,-0.25870232582092284,0.6,259,320.0,31.70391845703125,442.7265930175781,237.2152557373047,411.0226745605469,411.0226745605469,1,,,"[[406, 480]]",
1970,train,25茂华,26,E:\桌面\v-Net\dataset\26合并\25茂华\2\2 (14)\26_1.4800.jpg,1.48,0.54,411.0226745605469,640,480,inferred_missing_left,-0.2339526653289795,0.6,259,320.0,39.623809814453125,450.646484375,245.13514709472656,411.0226745605469,411.0226745605469,1,,,"[[413, 488]]",
1971,train,25茂华,26,E:\桌面\v-Net\dataset\26合并\25茂华\2\2 (15)\26_1.4800.jpg,1.48,0.54,411.0226745605469,640,480,inferred_missing_left,-0.1707099437713623,0.6,259,320.0,59.861480712890625,470.8841552734375,265.37281799316406,411.0226745605469,411.0226745605469,1,,,"[[432, 510]]",
1972,train,25茂华,26,E:\桌面\v-Net\dataset\26合并\25茂华\2\2 (16)\26_1.4800.jpg,1.48,0.54,411.0226745605469,640,480,inferred_missing_left,-0.32706437110900877,0.6,259,320.0,9.82806396484375,420.8507385253906,215.3394012451172,411.0226745605469,411.0226745605469,1,,,"[[382, 460]]",
1973,train,25茂华,26,E:\桌面\v-Net\dataset\26合并\25茂华\2\2 (17)\26_1.4800.jpg,1.48,0.54,411.0226745605469,640,480,inferred_missing_left,-0.2320329189300537,0.6,259,320.0,40.238128662109375,451.26080322265625,245.7494659423828,411.0226745605469,411.0226745605469,1,,,"[[414, 489]]",
1974,train,25茂华,26,E:\桌面\v-Net\dataset\26合并\25茂华\2\2 (18)\26_1.4800.jpg,1.48,0.54,411.0226745605469,640,480,inferred_missing_left,-0.22269854545593262,0.6,259,320.0,43.225128173828125,454.247802734375,248.73646545410156,411.0226745605469,411.0226745605469,1,,,"[[416, 492]]",
1975,train,25茂华,26,E:\桌面\v-Net\dataset\26合并\25茂华\2\2 (2)\26_1.4700.jpg,1.47,0.54,411.0226745605469,640,480,inferred_missing_left,-0.3312545299530029,0.6,259,320.0,8.487213134765625,419.5098876953125,213.99855041503906,411.0226745605469,411.0226745605469,1,,,"[[382, 457]]",
1976,train,25茂华,26,E:\桌面\v-Net\dataset\26合并\25茂华\2\2 (3)\26_1.4700.jpg,1.47,0.54,411.0226745605469,640,480,inferred_missing_left,-0.36448168754577637,0.6,259,320.0,0.0,406.7317199707031,203.36585998535156,406.7317199707031,411.0226745605469,1,,,"[[368, 445]]",
1977,train,25茂华,26,E:\桌面\v-Net\dataset\26合并\25茂华\2\2 (5)\26_1.4700.jpg,1.47,0.54,411.0226745605469,640,480,inferred_missing_left,-0.2331385135650635,0.6,259,320.0,39.88433837890625,450.9070129394531,245.3956756591797,411.0226745605469,411.0226745605469,1,,,"[[415, 487]]",
1978,train,25茂华,26,E:\桌面\v-Net\dataset\26合并\25茂华\2\2 (6)\26_1.4700.jpg,1.47,0.54,411.0226745605469,640,480,inferred_missing_left,-0.34288506507873534,0.6,259,320.0,4.76544189453125,415.7881164550781,210.2767791748047,411.0226745605469,411.0226745605469,1,,,"[[378, 454]]",
1979,train,25茂华,26,E:\桌面\v-Net\dataset\26合并\25茂华\2\2 (9)\26_1.4700.jpg,1.47,0.54,411.0226745605469,640,480,inferred_missing_left,-0.3670822620391846,0.6,259,320.0,0.0,405.0673522949219,202.53367614746094,405.0673522949219,411.0226745605469,1,,,"[[367, 443]]",
1980,train,25茂华,26,E:\桌面\v-Net\dataset\26合并\25茂华\2\2\26_1.4700.jpg,1.47,0.54,411.0226745605469,640,480,inferred_missing_left,-0.3333727359771729,0.6,259,320.0,7.80938720703125,418.8320617675781,213.3207244873047,411.0226745605469,411.0226745605469,1,,,"[[379, 458]]",
1981,train,25茂华,27,E:\桌面\v-Net\dataset\26合并\25茂华\2\2 (10)\27_1.4700.jpg,1.47,0.54,411.0226745605469,640,480,inferred_missing_left,-0.36557865142822266,0.6,259,320.0,0.0,406.0296630859375,203.01483154296875,406.0296630859375,411.0226745605469,1,,,"[[369, 443]]",
1982,train,25茂华,27,E:\桌面\v-Net\dataset\26合并\25茂华\2\2 (14)\27_1.4800.jpg,1.48,0.54,411.0226745605469,640,480,inferred_missing_left,-0.23422846794128419,0.6,259,320.0,39.535552978515625,450.5582275390625,245.04689025878906,411.0226745605469,411.0226745605469,1,,,"[[413, 488]]",
1983,train,25茂华,27,E:\桌面\v-Net\dataset\26合并\25茂华\2\2 (15)\27_1.4800.jpg,1.48,0.54,411.0226745605469,640,480,inferred_missing_left,-0.18290905952453612,0.6,259,320.0,55.957763671875,466.9804382324219,261.46910095214844,411.0226745605469,411.0226745605469,1,,,"[[427, 507]]",
1984,train,25茂华,27,E:\桌面\v-Net\dataset\26合并\25茂华\2\2 (16)\27_1.4800.jpg,1.48,0.54,411.0226745605469,640,480,inferred_missing_left,-0.32067456245422366,0.6,259,320.0,11.872802734375,422.8954772949219,217.38414001464844,411.0226745605469,411.0226745605469,1,,,"[[384, 462]]",
1985,train,25茂华,27,E:\桌面\v-Net\dataset\26合并\25茂华\2\2 (17)\27_1.4800.jpg,1.48,0.54,411.0226745605469,640,480,inferred_missing_left,-0.23336281776428222,0.6,259,320.0,39.81256103515625,450.8352355957031,245.3238983154297,411.0226745605469,411.0226745605469,1,,,"[[414, 488]]",
1986,train,25茂华,27,E:\桌面\v-Net\dataset\26合并\25茂华\2\2 (18)\27_1.4800.jpg,1.48,0.54,411.0226745605469,640,480,inferred_missing_left,-0.21487822532653808,0.6,259,320.0,45.727630615234375,456.75030517578125,251.2389678955078,411.0226745605469,411.0226745605469,1,,,"[[420, 494]]",
1987,train,25茂华,27,E:\桌面\v-Net\dataset\26合并\25茂华\2\2 (2)\27_1.4700.jpg,1.47,0.54,411.0226745605469,640,480,inferred_missing_left,-0.32186293601989746,0.6,259,320.0,11.492523193359375,422.51519775390625,217.0038604736328,411.0226745605469,411.0226745605469,1,,,"[[384, 461]]",
1988,train,25茂华,27,E:\桌面\v-Net\dataset\26合并\25茂华\2\2 (3)\27_1.4700.jpg,1.47,0.54,411.0226745605469,640,480,inferred_missing_left,-0.35959157943725584,0.6,259,320.0,0.0,409.86138916015625,204.93069458007812,409.86138916015625,411.0226745605469,1,,,"[[372, 448]]",
1989,train,25茂华,27,E:\桌面\v-Net\dataset\26合并\25茂华\2\2 (4)\27_1.4700.jpg,1.47,0.54,411.0226745605469,640,480,inferred_missing_left,-0.33238682746887205,0.6,259,320.0,8.1248779296875,419.1475524902344,213.63621520996094,411.0226745605469,411.0226745605469,1,,,"[[381, 457]]",
1990,train,25茂华,27,E:\桌面\v-Net\dataset\26合并\25茂华\2\2 (6)\27_1.4700.jpg,1.47,0.54,411.0226745605469,640,480,inferred_missing_left,-0.3390369892120361,0.6,259,320.0,5.996826171875,417.0195007324219,211.50816345214844,411.0226745605469,411.0226745605469,1,,,"[[379, 455]]",
1991,train,25茂华,27,E:\桌面\v-Net\dataset\26合并\25茂华\2\2 (9)\27_1.4700.jpg,1.47,0.54,411.0226745605469,640,480,inferred_missing_left,-0.35940375328063967,0.6,259,320.0,0.0,409.9815979003906,204.9907989501953,409.9815979003906,411.0226745605469,1,,,"[[373, 447]]",
1992,train,25茂华,28,E:\桌面\v-Net\dataset\26合并\25茂华\2\2 (10)\28_1.4700.jpg,1.47,0.54,411.0226745605469,640,480,inferred_missing_left,-0.3627449989318848,0.6,259,320.0,0.0,407.84320068359375,203.92160034179688,407.84320068359375,411.0226745605469,1,,,"[[371, 445]]",
1993,train,25茂华,28,E:\桌面\v-Net\dataset\26合并\25茂华\2\2 (11)\28_1.4700.jpg,1.47,0.54,411.0226745605469,640,480,inferred_missing_left,-0.17795891761779786,0.6,259,320.0,57.54180908203125,468.5644836425781,263.0531463623047,411.0226745605469,411.0226745605469,1,,,"[[429, 508]]",
1994,train,25茂华,28,E:\桌面\v-Net\dataset\26合并\25茂华\2\2 (12)\28_1.4700.jpg,1.47,0.54,411.0226745605469,640,480,inferred_missing_left,-0.24575600624084473,0.6,259,320.0,35.84674072265625,446.8694152832031,241.3580780029297,411.0226745605469,411.0226745605469,1,,,"[[410, 484]]",
1995,train,25茂华,28,E:\桌面\v-Net\dataset\26合并\25茂华\2\2 (13)\28_1.4800.jpg,1.48,0.54,411.0226745605469,640,480,inferred_missing_left,-0.20113940238952638,0.6,259,320.0,50.124053955078125,461.146728515625,255.63539123535156,411.0226745605469,411.0226745605469,1,,,"[[424, 499]]",
1996,train,25茂华,28,E:\桌面\v-Net\dataset\26合并\25茂华\2\2 (14)\28_1.4800.jpg,1.48,0.54,411.0226745605469,640,480,inferred_missing_left,-0.23211731910705566,0.6,259,320.0,40.21112060546875,451.2337951660156,245.7224578857422,411.0226745605469,411.0226745605469,1,,,"[[413, 489]]",
1997,train,25茂华,28,E:\桌面\v-Net\dataset\26合并\25茂华\2\2 (15)\28_1.4800.jpg,1.48,0.54,411.0226745605469,640,480,inferred_missing_left,-0.18886303901672363,0.6,259,320.0,54.052490234375,465.0751647949219,259.56382751464844,411.0226745605469,411.0226745605469,1,,,"[[425, 505]]",
1998,train,25茂华,28,E:\桌面\v-Net\dataset\26合并\25茂华\2\2 (18)\28_1.4800.jpg,1.48,0.54,411.0226745605469,640,480,inferred_missing_left,-0.21809210777282714,0.6,259,320.0,44.699188232421875,455.72186279296875,250.2105255126953,411.0226745605469,411.0226745605469,1,,,"[[418, 494]]",
1999,train,25茂华,28,E:\桌面\v-Net\dataset\26合并\25茂华\2\2 (2)\28_1.4700.jpg,1.47,0.54,411.0226745605469,640,480,inferred_missing_left,-0.31662602424621583,0.6,259,320.0,13.1683349609375,424.1910095214844,218.67967224121094,411.0226745605469,411.0226745605469,1,,,"[[386, 462]]",
2000,train,25茂华,28,E:\桌面\v-Net\dataset\26合并\25茂华\2\2 (3)\28_1.4700.jpg,1.47,0.54,411.0226745605469,640,480,inferred_missing_left,-0.35573735237121584,0.6,259,320.0,0.6527099609375,411.6753845214844,206.16404724121094,411.0226745605469,411.0226745605469,1,,,"[[374, 450]]",
2001,train,25茂华,28,E:\桌面\v-Net\dataset\26合并\25茂华\2\2 (4)\28_1.4700.jpg,1.47,0.54,411.0226745605469,640,480,inferred_missing_left,-0.3304895877838135,0.6,259,320.0,8.73199462890625,419.7546691894531,214.2433319091797,411.0226745605469,411.0226745605469,1,,,"[[381, 458]]",
2002,train,25茂华,28,E:\桌面\v-Net\dataset\26合并\25茂华\2\2 (5)\28_1.4700.jpg,1.47,0.54,411.0226745605469,640,480,inferred_missing_left,-0.20732245445251465,0.6,259,320.0,48.145477294921875,459.16815185546875,253.6568145751953,411.0226745605469,411.0226745605469,1,,,"[[423, 496]]",
2003,train,25茂华,28,E:\桌面\v-Net\dataset\26合并\25茂华\2\2 (7)\28_1.4700.jpg,1.47,0.54,411.0226745605469,640,480,inferred_missing_left,-0.36670489311218263,0.6,259,320.0,0.0,405.3088684082031,202.65443420410156,405.3088684082031,411.0226745605469,1,,,"[[368, 443]]",
2004,train,25茂华,28,E:\桌面\v-Net\dataset\26合并\25茂华\2\2 (8)\28_1.4700.jpg,1.47,0.54,411.0226745605469,640,480,inferred_missing_left,-0.36550254821777345,0.6,259,320.0,0.0,406.078369140625,203.0391845703125,406.078369140625,411.0226745605469,1,,,"[[367, 446]]",
2005,train,25茂华,28,E:\桌面\v-Net\dataset\26合并\25茂华\2\2\28_1.4700.jpg,1.47,0.54,411.0226745605469,640,480,inferred_missing_left,-0.34871630668640136,0.6,259,320.0,2.899444580078125,413.922119140625,208.41078186035156,411.0226745605469,411.0226745605469,1,,,"[[374, 454]]",
2006,train,25茂华,29,E:\桌面\v-Net\dataset\26合并\25茂华\2\2 (10)\29_1.4700.jpg,1.47,0.54,411.0226745605469,640,480,inferred_missing_left,-0.3582441806793213,0.6,259,320.0,0.0,410.7237243652344,205.3618621826172,410.7237243652344,411.0226745605469,1,,,"[[374, 447]]",
2007,train,25茂华,29,E:\桌面\v-Net\dataset\26合并\25茂华\2\2 (11)\29_1.4700.jpg,1.47,0.54,411.0226745605469,640,480,inferred_missing_left,-0.18114075660705567,0.6,259,320.0,56.52362060546875,467.5462951660156,262.0349578857422,411.0226745605469,411.0226745605469,1,,,"[[428, 507]]",
2008,train,25茂华,29,E:\桌面\v-Net\dataset\26合并\25茂华\2\2 (13)\29_1.4800.jpg,1.48,0.54,411.0226745605469,640,480,inferred_missing_left,-0.20012707710266114,0.6,259,320.0,50.447998046875,461.4706726074219,255.95933532714844,411.0226745605469,411.0226745605469,1,,,"[[423, 500]]",
2009,train,25茂华,29,E:\桌面\v-Net\dataset\26合并\25茂华\2\2 (14)\29_1.4800.jpg,1.48,0.54,411.0226745605469,640,480,inferred_missing_left,-0.23553366661071778,0.6,259,320.0,39.117889404296875,450.14056396484375,244.6292266845703,411.0226745605469,411.0226745605469,1,,,"[[412, 488]]",
2010,train,25茂华,29,E:\桌面\v-Net\dataset\26合并\25茂华\2\2 (16)\29_1.4800.jpg,1.48,0.54,411.0226745605469,640,480,inferred_missing_left,-0.32259259223937986,0.6,259,320.0,11.259033203125,422.2817077636719,216.77037048339844,411.0226745605469,411.0226745605469,1,,,"[[383, 462]]",
2011,train,25茂华,29,E:\桌面\v-Net\dataset\26合并\25茂华\2\2 (18)\29_1.4800.jpg,1.48,0.54,411.0226745605469,640,480,inferred_missing_left,-0.21997170448303222,0.6,259,320.0,44.09771728515625,455.1203918457031,249.6090545654297,411.0226745605469,411.0226745605469,1,,,"[[416, 494]]",
2012,train,25茂华,29,E:\桌面\v-Net\dataset\26合并\25茂华\2\2 (2)\29_1.4700.jpg,1.47,0.54,411.0226745605469,640,480,inferred_missing_left,-0.32057480812072753,0.6,259,320.0,11.90472412109375,422.9273986816406,217.4160614013672,411.0226745605469,411.0226745605469,1,,,"[[384, 461]]",
2013,train,25茂华,29,E:\桌面\v-Net\dataset\26合并\25茂华\2\2 (3)\29_1.4700.jpg,1.47,0.54,411.0226745605469,640,480,insufficient_yellow_edges,,0.0,259,320.0,,,,,,3,,,"[[374, 451], [541, 555], [599, 612]]",
2014,train,25茂华,29,E:\桌面\v-Net\dataset\26合并\25茂华\2\2 (4)\29_1.4700.jpg,1.47,0.54,411.0226745605469,640,480,inferred_missing_left,-0.3317418575286865,0.6,259,320.0,8.331268310546875,419.35394287109375,213.8426055908203,411.0226745605469,411.0226745605469,1,,,"[[381, 458]]",
2015,train,25茂华,29,E:\桌面\v-Net\dataset\26合并\25茂华\2\2 (5)\29_1.4700.jpg,1.47,0.54,411.0226745605469,640,480,inferred_missing_left,-0.2014448642730713,0.6,259,320.0,50.02630615234375,461.0489807128906,255.5376434326172,411.0226745605469,411.0226745605469,1,,,"[[423, 499]]",
2016,train,25茂华,29,E:\桌面\v-Net\dataset\26合并\25茂华\2\2 (6)\29_1.4700.jpg,1.47,0.54,411.0226745605469,640,480,inferred_missing_left,-0.3383462429046631,0.6,259,320.0,6.217864990234375,417.24053955078125,211.7292022705078,411.0226745605469,411.0226745605469,1,,,"[[378, 456]]",
2017,train,25茂华,29,E:\桌面\v-Net\dataset\26合并\25茂华\2\2 (9)\29_1.4700.jpg,1.47,0.54,411.0226745605469,640,480,inferred_missing_left,-0.3516209125518799,0.6,259,320.0,1.969970703125,412.9926452636719,207.48130798339844,411.0226745605469,411.0226745605469,1,,,"[[375, 451]]",
2018,train,25茂华,29,E:\桌面\v-Net\dataset\26合并\25茂华\2\2\29_1.4700.jpg,1.47,0.54,411.0226745605469,640,480,inferred_missing_left,-0.3496114253997803,0.6,259,320.0,2.613006591796875,413.63568115234375,208.1243438720703,411.0226745605469,411.0226745605469,1,,,"[[374, 453]]",
2019,train,25茂华,30,E:\桌面\v-Net\dataset\26合并\25茂华\2\2 (10)\30_1.4700.jpg,1.47,0.54,411.0226745605469,640,480,inferred_missing_left,-0.3503564357757568,0.6,259,320.0,2.374603271484375,413.39727783203125,207.8859405517578,411.0226745605469,411.0226745605469,1,,,"[[376, 451]]",
2020,train,25茂华,30,E:\桌面\v-Net\dataset\26合并\25茂华\2\2 (12)\30_1.4700.jpg,1.47,0.54,411.0226745605469,640,480,inferred_missing_left,-0.24106984138488768,0.6,259,320.0,37.3463134765625,448.3689880371094,242.85765075683594,411.0226745605469,411.0226745605469,1,,,"[[410, 487]]",
2021,train,25茂华,30,E:\桌面\v-Net\dataset\26合并\25茂华\2\2 (13)\30_1.4800.jpg,1.48,0.54,411.0226745605469,640,480,inferred_missing_left,-0.2023282527923584,0.6,259,320.0,49.743621826171875,460.76629638671875,255.2549591064453,411.0226745605469,411.0226745605469,1,,,"[[422, 500]]",
2022,train,25茂华,30,E:\桌面\v-Net\dataset\26合并\25茂华\2\2 (14)\30_1.4800.jpg,1.48,0.54,411.0226745605469,640,480,inferred_missing_left,-0.2374267101287842,0.6,259,320.0,38.512115478515625,449.5347900390625,244.02345275878906,411.0226745605469,411.0226745605469,1,,,"[[410, 489]]",
2023,train,25茂华,30,E:\桌面\v-Net\dataset\26合并\25茂华\2\2 (15)\30_1.4800.jpg,1.48,0.54,411.0226745605469,640,480,inferred_missing_left,-0.21089549064636232,0.6,259,320.0,47.002105712890625,458.0247802734375,252.51344299316406,411.0226745605469,411.0226745605469,1,,,"[[416, 500]]",
2024,train,25茂华,30,E:\桌面\v-Net\dataset\26合并\25茂华\2\2 (17)\30_1.4800.jpg,1.48,0.54,411.0226745605469,640,480,inferred_missing_left,-0.22146992683410643,0.6,259,320.0,43.6182861328125,454.6409606933594,249.12962341308594,411.0226745605469,411.0226745605469,1,,,"[[416, 494]]",
2025,train,25茂华,30,E:\桌面\v-Net\dataset\26合并\25茂华\2\2 (18)\30_1.4800.jpg,1.48,0.54,411.0226745605469,640,480,insufficient_yellow_edges,,0.0,259,320.0,,,,,,2,,,"[[415, 494], [555, 565]]",
2026,train,25茂华,30,E:\桌面\v-Net\dataset\26合并\25茂华\2\2 (2)\30_1.4700.jpg,1.47,0.54,411.0226745605469,640,480,inferred_missing_left,-0.3155630588531494,0.6,259,320.0,13.50848388671875,424.5311584472656,219.0198211669922,411.0226745605469,411.0226745605469,1,,,"[[385, 463]]",
2027,train,25茂华,30,E:\桌面\v-Net\dataset\26合并\25茂华\2\2 (3)\30_1.4700.jpg,1.47,0.54,411.0226745605469,640,480,insufficient_yellow_edges,,0.0,259,320.0,,,,,,3,,,"[[373, 451], [549, 561], [575, 584]]",
2028,train,25茂华,30,E:\桌面\v-Net\dataset\26合并\25茂华\2\2 (4)\30_1.4700.jpg,1.47,0.54,411.0226745605469,640,480,inferred_missing_left,-0.32514538764953616,0.6,259,320.0,10.442138671875,421.4648132324219,215.95347595214844,411.0226745605469,411.0226745605469,1,,,"[[383, 461]]",
2029,train,25茂华,30,E:\桌面\v-Net\dataset\26合并\25茂华\2\2 (5)\30_1.4700.jpg,1.47,0.54,411.0226745605469,640,480,inferred_missing_left,-0.19045872688293458,0.6,259,320.0,53.5418701171875,464.5645446777344,259.05320739746094,411.0226745605469,411.0226745605469,1,,,"[[426, 503]]",
2030,train,25茂华,30,E:\桌面\v-Net\dataset\26合并\25茂华\2\2 (6)\30_1.4700.jpg,1.47,0.54,411.0226745605469,640,480,inferred_missing_left,-0.33361010551452636,0.6,259,320.0,7.733428955078125,418.756103515625,213.24476623535156,411.0226745605469,411.0226745605469,1,,,"[[379, 458]]",
2031,train,25茂华,30,E:\桌面\v-Net\dataset\26合并\25茂华\2\2 (7)\30_1.4700.jpg,1.47,0.54,411.0226745605469,640,480,inferred_missing_left,-0.36130695343017577,0.6,259,320.0,0.0,408.7635498046875,204.38177490234375,408.7635498046875,411.0226745605469,1,,,"[[370, 447]]",
2032,train,25茂华,30,E:\桌面\v-Net\dataset\26合并\25茂华\2\2 (9)\30_1.4700.jpg,1.47,0.54,411.0226745605469,640,480,inferred_missing_left,-0.3502481937408447,0.6,259,320.0,2.40924072265625,413.4319152832031,207.9205780029297,411.0226745605469,411.0226745605469,1,,,"[[375, 452]]",
2033,train,25茂华,30,E:\桌面\v-Net\dataset\26合并\25茂华\2\2\30_1.4700.jpg,1.47,0.54,411.0226745605469,640,480,inferred_missing_left,-0.3531740665435791,0.6,259,320.0,1.47296142578125,412.4956359863281,206.9842987060547,411.0226745605469,411.0226745605469,1,,,"[[372, 453]]",
2034,train,25茂华,31,E:\桌面\v-Net\dataset\26合并\25茂华\2\2 (10)\31_1.4700.jpg,1.47,0.54,411.0226745605469,640,480,insufficient_yellow_edges,,0.0,259,320.0,,,,,,2,,,"[[378, 454], [527, 534]]",
2035,train,25茂华,31,E:\桌面\v-Net\dataset\26合并\25茂华\2\2 (11)\31_1.4700.jpg,1.47,0.54,411.0226745605469,640,480,inferred_missing_left,-0.191284704208374,0.6,259,320.0,53.277557373046875,464.30023193359375,258.7888946533203,411.0226745605469,411.0226745605469,1,,,"[[423, 505]]",
2036,train,25茂华,31,E:\桌面\v-Net\dataset\26合并\25茂华\2\2 (12)\31_1.4700.jpg,1.47,0.54,411.0226745605469,640,480,inferred_missing_left,-0.23759703636169432,0.6,259,320.0,38.457611083984375,449.48028564453125,243.9689483642578,411.0226745605469,411.0226745605469,1,,,"[[411, 488]]",
2037,train,25茂华,31,E:\桌面\v-Net\dataset\26合并\25茂华\2\2 (13)\31_1.4800.jpg,1.48,0.54,411.0226745605469,640,480,inferred_missing_left,-0.19043889045715331,0.6,259,320.0,53.5482177734375,464.5708923339844,259.05955505371094,411.0226745605469,411.0226745605469,1,,,"[[425, 504]]",
2038,train,25茂华,31,E:\桌面\v-Net\dataset\26合并\25茂华\2\2 (14)\31_1.4800.jpg,1.48,0.54,411.0226745605469,640,480,inferred_missing_left,-0.23663058280944824,0.6,259,320.0,38.766876220703125,449.78955078125,244.27821350097656,411.0226745605469,411.0226745605469,1,,,"[[410, 489]]",
2039,train,25茂华,31,E:\桌面\v-Net\dataset\26合并\25茂华\2\2 (15)\31_1.4800.jpg,1.48,0.54,411.0226745605469,640,480,inferred_missing_left,-0.22253451347351075,0.6,259,320.0,43.277618408203125,454.30029296875,248.78895568847656,411.0226745605469,411.0226745605469,1,,,"[[413, 496]]",
2040,train,25茂华,31,E:\桌面\v-Net\dataset\26合并\25茂华\2\2 (18)\31_1.4800.jpg,1.48,0.54,411.0226745605469,640,480,inferred_missing_left,-0.22273240089416504,0.6,259,320.0,43.21429443359375,454.2369689941406,248.7256317138672,411.0226745605469,411.0226745605469,1,,,"[[415, 494]]",
2041,train,25茂华,31,E:\桌面\v-Net\dataset\26合并\25茂华\2\2 (2)\31_1.4700.jpg,1.47,0.54,411.0226745605469,640,480,insufficient_yellow_edges,,0.0,259,320.0,,,,,,3,,,"[[388, 465], [509, 531], [540, 568]]",
2042,train,25茂华,31,E:\桌面\v-Net\dataset\26合并\25茂华\2\2 (3)\31_1.4700.jpg,1.47,0.54,411.0226745605469,640,480,insufficient_yellow_edges,,0.0,259,320.0,,,,,,3,,,"[[375, 453], [493, 514], [525, 542]]",
2043,train,25茂华,31,E:\桌面\v-Net\dataset\26合并\25茂华\2\2 (4)\31_1.4700.jpg,1.47,0.54,411.0226745605469,640,480,inferred_missing_left,-0.3255662441253662,0.6,259,320.0,10.307464599609375,421.33013916015625,215.8188018798828,411.0226745605469,411.0226745605469,1,,,"[[382, 461]]",
2044,train,25茂华,31,E:\桌面\v-Net\dataset\26合并\25茂华\2\2 (6)\31_1.4700.jpg,1.47,0.54,411.0226745605469,640,480,inferred_missing_left,-0.3338485240936279,0.6,259,320.0,7.657135009765625,418.6798095703125,213.16847229003906,411.0226745605469,411.0226745605469,1,,,"[[379, 458]]",
2045,train,25茂华,31,E:\桌面\v-Net\dataset\26合并\25茂华\2\2 (9)\31_1.4700.jpg,1.47,0.54,411.0226745605469,640,480,inferred_missing_left,-0.35007824897766116,0.6,259,320.0,2.463623046875,413.4862976074219,207.97496032714844,411.0226745605469,411.0226745605469,1,,,"[[375, 452]]",
2046,train,25茂华,31,E:\桌面\v-Net\dataset\26合并\25茂华\2\2\31_1.4700.jpg,1.47,0.54,411.0226745605469,640,480,inferred_missing_left,-0.35831751823425295,0.6,259,320.0,0.0,410.6767883300781,205.33839416503906,410.6767883300781,411.0226745605469,1,,,"[[369, 452]]",
2047,train,25茂华,32,E:\桌面\v-Net\dataset\26合并\25茂华\2\2 (11)\32_1.4700.jpg,1.47,0.54,411.0226745605469,640,480,inferred_missing_left,-0.19906001091003417,0.6,259,320.0,50.789459228515625,461.8121337890625,256.30079650878906,411.0226745605469,411.0226745605469,1,,,"[[420, 503]]",
2048,train,25茂华,32,E:\桌面\v-Net\dataset\26合并\25茂华\2\2 (13)\32_1.4800.jpg,1.48,0.54,411.0226745605469,640,480,inferred_missing_left,-0.1861513614654541,0.6,259,320.0,54.92022705078125,465.9429016113281,260.4315643310547,411.0226745605469,411.0226745605469,1,,,"[[428, 505]]",
2049,train,25茂华,32,E:\桌面\v-Net\dataset\26合并\25茂华\2\2 (14)\32_1.4800.jpg,1.48,0.54,411.0226745605469,640,480,inferred_missing_left,-0.23890976905822753,0.6,259,320.0,38.03753662109375,449.0602111816406,243.5488739013672,411.0226745605469,411.0226745605469,1,,,"[[410, 489]]",
2050,train,25茂华,32,E:\桌面\v-Net\dataset\26合并\25茂华\2\2 (15)\32_1.4800.jpg,1.48,0.54,411.0226745605469,640,480,inferred_missing_left,-0.24100041389465332,0.6,259,320.0,37.3685302734375,448.3912048339844,242.87986755371094,411.0226745605469,411.0226745605469,1,,,"[[406, 491]]",
2051,train,25茂华,32,E:\桌面\v-Net\dataset\26合并\25茂华\2\2 (16)\32_1.4800.jpg,1.48,0.54,411.0226745605469,640,480,inferred_missing_left,-0.33505921363830565,0.6,259,320.0,7.26971435546875,418.2923889160156,212.7810516357422,411.0226745605469,411.0226745605469,1,,,"[[378, 458]]",
2052,train,25茂华,32,E:\桌面\v-Net\dataset\26合并\25茂华\2\2 (17)\32_1.4800.jpg,1.48,0.54,411.0226745605469,640,480,insufficient_yellow_edges,,0.0,259,320.0,,,,,,2,,,"[[416, 495], [599, 606]]",
2053,train,25茂华,32,E:\桌面\v-Net\dataset\26合并\25茂华\2\2 (18)\32_1.4800.jpg,1.48,0.54,411.0226745605469,640,480,inferred_missing_left,-0.22223715782165526,0.6,259,320.0,43.372772216796875,454.39544677734375,248.8841094970703,411.0226745605469,411.0226745605469,1,,,"[[415, 494]]",
2054,train,25茂华,32,E:\桌面\v-Net\dataset\26合并\25茂华\2\2 (3)\32_1.4700.jpg,1.47,0.54,411.0226745605469,640,480,insufficient_yellow_edges,,0.0,259,320.0,,,,,,2,,,"[[377, 456], [517, 526]]",
2055,train,25茂华,32,E:\桌面\v-Net\dataset\26合并\25茂华\2\2 (4)\32_1.4700.jpg,1.47,0.54,411.0226745605469,640,480,inferred_missing_left,-0.3253899097442627,0.6,259,320.0,10.3638916015625,421.3865661621094,215.87522888183594,411.0226745605469,411.0226745605469,1,,,"[[382, 461]]",
2056,train,25茂华,32,E:\桌面\v-Net\dataset\26合并\25茂华\2\2 (5)\32_1.4700.jpg,1.47,0.54,411.0226745605469,640,480,inferred_missing_left,-0.1847867488861084,0.6,259,320.0,55.356903076171875,466.37957763671875,260.8682403564453,411.0226745605469,411.0226745605469,1,,,"[[428, 505]]",
2057,train,25茂华,32,E:\桌面\v-Net\dataset\26合并\25茂华\2\2 (6)\32_1.4700.jpg,1.47,0.54,411.0226745605469,640,480,inferred_missing_left,-0.3231447696685791,0.6,259,320.0,11.08233642578125,422.1050109863281,216.5936737060547,411.0226745605469,411.0226745605469,1,,,"[[383, 462]]",
2058,train,25茂华,32,E:\桌面\v-Net\dataset\26合并\25茂华\2\2 (8)\32_1.4700.jpg,1.47,0.54,411.0226745605469,640,480,inferred_missing_left,-0.37486858367919923,0.6,259,320.0,0.0,400.0841064453125,200.04205322265625,400.0841064453125,411.0226745605469,1,,,"[[359, 441]]",
2059,train,25茂华,32,E:\桌面\v-Net\dataset\26合并\25茂华\2\2 (9)\32_1.4700.jpg,1.47,0.54,411.0226745605469,640,480,insufficient_yellow_edges,,0.0,259,320.0,,,,,,2,,,"[[380, 457], [543, 555]]",
2060,train,25茂华,33,E:\桌面\v-Net\dataset\26合并\25茂华\2\2 (10)\33_1.4700.jpg,1.47,0.54,411.0226745605469,640,480,inferred_missing_left,-0.3145606517791748,0.6,259,320.0,13.829254150390625,424.8519287109375,219.34059143066406,411.0226745605469,411.0226745605469,1,,,"[[388, 462]]",
2061,train,25茂华,33,E:\桌面\v-Net\dataset\26合并\25茂华\2\2 (11)\33_1.4700.jpg,1.47,0.54,411.0226745605469,640,480,inferred_missing_left,-0.20859894752502442,0.6,259,320.0,47.73699951171875,458.7596740722656,253.2483367919922,411.0226745605469,411.0226745605469,1,,,"[[417, 500]]",
2062,train,25茂华,33,E:\桌面\v-Net\dataset\26合并\25茂华\2\2 (12)\33_1.4700.jpg,1.47,0.54,411.0226745605469,640,480,inferred_missing_left,-0.22141566276550292,0.6,259,320.0,43.635650634765625,454.6583251953125,249.14698791503906,411.0226745605469,411.0226745605469,1,,,"[[416, 494]]",
2063,train,25茂华,33,E:\桌面\v-Net\dataset\26合并\25茂华\2\2 (13)\33_1.4800.jpg,1.48,0.54,411.0226745605469,640,480,inferred_missing_left,-0.18794684410095214,0.6,259,320.0,54.345672607421875,465.36834716796875,259.8570098876953,411.0226745605469,411.0226745605469,1,,,"[[426, 505]]",
2064,train,25茂华,33,E:\桌面\v-Net\dataset\26合并\25茂华\2\2 (14)\33_1.4800.jpg,1.48,0.54,411.0226745605469,640,480,inferred_missing_left,-0.24653172492980957,0.6,259,320.0,35.5985107421875,446.6211853027344,241.10984802246094,411.0226745605469,411.0226745605469,1,,,"[[407, 487]]",
2065,train,25茂华,33,E:\桌面\v-Net\dataset\26合并\25茂华\2\2 (15)\33_1.4800.jpg,1.48,0.54,411.0226745605469,640,480,inferred_missing_left,-0.2673837184906006,0.6,259,320.0,28.925872802734375,439.94854736328125,234.4372100830078,411.0226745605469,411.0226745605469,1,,,"[[398, 482]]",
2066,train,25茂华,33,E:\桌面\v-Net\dataset\26合并\25茂华\2\2 (16)\33_1.4800.jpg,1.48,0.54,411.0226745605469,640,480,inferred_missing_left,-0.3394876003265381,0.6,259,320.0,5.852630615234375,416.87530517578125,211.3639678955078,411.0226745605469,411.0226745605469,1,,,"[[377, 457]]",
2067,train,25茂华,33,E:\桌面\v-Net\dataset\26合并\25茂华\2\2 (17)\33_1.4800.jpg,1.48,0.54,411.0226745605469,640,480,insufficient_yellow_edges,,0.0,259,320.0,,,,,,2,,,"[[417, 496], [597, 618]]",
2068,train,25茂华,33,E:\桌面\v-Net\dataset\26合并\25茂华\2\2 (18)\33_1.4800.jpg,1.48,0.54,411.0226745605469,640,480,inferred_missing_left,-0.23030190467834472,0.6,259,320.0,40.79205322265625,451.8147277832031,246.3033905029297,411.0226745605469,411.0226745605469,1,,,"[[412, 492]]",
2069,train,25茂华,33,E:\桌面\v-Net\dataset\26合并\25茂华\2\2 (2)\33_1.4700.jpg,1.47,0.54,411.0226745605469,640,480,insufficient_yellow_edges,,0.0,259,320.0,,,,,,2,,,"[[396, 474], [575, 591]]",
2070,train,25茂华,33,E:\桌面\v-Net\dataset\26合并\25茂华\2\2 (3)\33_1.4700.jpg,1.47,0.54,411.0226745605469,640,480,inferred_missing_left,-0.32906031608581543,0.6,259,320.0,9.189361572265625,420.2120361328125,214.70069885253906,411.0226745605469,411.0226745605469,1,,,"[[381, 459]]",
2071,train,25茂华,33,E:\桌面\v-Net\dataset\26合并\25茂华\2\2 (4)\33_1.4700.jpg,1.47,0.54,411.0226745605469,640,480,inferred_missing_left,-0.3209072589874268,0.6,259,320.0,11.79833984375,422.8210144042969,217.30967712402344,411.0226745605469,411.0226745605469,1,,,"[[383, 462]]",
2072,train,25茂华,33,E:\桌面\v-Net\dataset\26合并\25茂华\2\2 (5)\33_1.4700.jpg,1.47,0.54,411.0226745605469,640,480,inferred_missing_left,-0.1843797206878662,0.6,259,320.0,55.487152099609375,466.50982666015625,260.9984893798828,411.0226745605469,411.0226745605469,1,,,"[[427, 506]]",
2073,train,25茂华,33,E:\桌面\v-Net\dataset\26合并\25茂华\2\2 (6)\33_1.4700.jpg,1.47,0.54,411.0226745605469,640,480,inferred_missing_left,-0.31082539558410643,0.6,259,320.0,15.0245361328125,426.0472106933594,220.53587341308594,411.0226745605469,411.0226745605469,1,,,"[[385, 466]]",
2074,train,25茂华,33,E:\桌面\v-Net\dataset\26合并\25茂华\2\2 (8)\33_1.4700.jpg,1.47,0.54,411.0226745605469,640,480,inferred_missing_left,-0.3786006450653076,0.6,259,320.0,0.0,397.6955871582031,198.84779357910156,397.6955871582031,411.0226745605469,1,,,"[[357, 438]]",
2075,train,25茂华,33,E:\桌面\v-Net\dataset\26合并\25茂华\2\2 (9)\33_1.4700.jpg,1.47,0.54,411.0226745605469,640,480,inferred_missing_left,-0.3133712291717529,0.6,259,320.0,14.209869384765625,425.2325439453125,219.72120666503906,411.0226745605469,411.0226745605469,1,,,"[[388, 463]]",
2076,train,25茂华,33,E:\桌面\v-Net\dataset\26合并\25茂华\2\2\33_1.4700.jpg,1.47,0.54,411.0226745605469,640,480,inferred_missing_left,-0.36519732475280764,0.6,259,320.0,0.0,406.2737121582031,203.13685607910156,406.2737121582031,411.0226745605469,1,,,"[[365, 447]]",
2077,train,25茂华,34,E:\桌面\v-Net\dataset\26合并\25茂华\2\2 (10)\34_1.4700.jpg,1.47,0.54,411.0226745605469,640,480,inferred_missing_left,-0.3018501758575439,0.6,259,320.0,17.8966064453125,428.9192810058594,223.40794372558594,411.0226745605469,411.0226745605469,1,,,"[[391, 467]]",
2078,train,25茂华,34,E:\桌面\v-Net\dataset\26合并\25茂华\2\2 (12)\34_1.4700.jpg,1.47,0.54,411.0226745605469,640,480,inferred_missing_left,-0.22584023475646972,0.6,259,320.0,42.21978759765625,453.2424621582031,247.7311248779297,411.0226745605469,411.0226745605469,1,,,"[[415, 492]]",
2079,train,25茂华,34,E:\桌面\v-Net\dataset\26合并\25茂华\2\2 (13)\34_1.4800.jpg,1.48,0.54,411.0226745605469,640,480,inferred_missing_left,-0.19441885948181153,0.6,259,320.0,52.274627685546875,463.29730224609375,257.7859649658203,411.0226745605469,411.0226745605469,1,,,"[[424, 503]]",
2080,train,25茂华,34,E:\桌面\v-Net\dataset\26合并\25茂华\2\2 (14)\34_1.4800.jpg,1.48,0.54,411.0226745605469,640,480,inferred_missing_left,-0.2664379596710205,0.6,259,320.0,29.228515625,440.2511901855469,234.73985290527344,411.0226745605469,411.0226745605469,1,,,"[[400, 480]]",
2081,train,25茂华,34,E:\桌面\v-Net\dataset\26合并\25茂华\2\2 (16)\34_1.4800.jpg,1.48,0.54,411.0226745605469,640,480,inferred_missing_left,-0.35032172203063966,0.6,259,320.0,2.385711669921875,413.40838623046875,207.8970489501953,411.0226745605469,411.0226745605469,1,,,"[[373, 454]]",
2082,train,25茂华,34,E:\桌面\v-Net\dataset\26合并\25茂华\2\2 (17)\34_1.4800.jpg,1.48,0.54,411.0226745605469,640,480,inferred_missing_left,-0.22875800132751464,0.6,259,320.0,41.286102294921875,452.30877685546875,246.7974395751953,411.0226745605469,411.0226745605469,1,,,"[[413, 492]]",
2083,train,25茂华,34,E:\桌面\v-Net\dataset\26合并\25茂华\2\2 (18)\34_1.4800.jpg,1.48,0.54,411.0226745605469,640,480,inferred_missing_left,-0.2510225772857666,0.6,259,320.0,34.16143798828125,445.1841125488281,239.6727752685547,411.0226745605469,411.0226745605469,1,,,"[[405, 486]]",
2084,train,25茂华,34,E:\桌面\v-Net\dataset\26合并\25茂华\2\2 (2)\34_1.4700.jpg,1.47,0.54,411.0226745605469,640,480,insufficient_yellow_edges,,0.0,259,320.0,,,,,,2,,,"[[399, 477], [594, 615]]",
2085,train,25茂华,34,E:\桌面\v-Net\dataset\26合并\25茂华\2\2 (3)\34_1.4700.jpg,1.47,0.54,411.0226745605469,640,480,inferred_missing_left,-0.3210862636566162,0.6,259,320.0,11.741058349609375,422.76373291015625,217.2523956298828,411.0226745605469,411.0226745605469,1,,,"[[384, 462]]",
2086,train,25茂华,34,E:\桌面\v-Net\dataset\26合并\25茂华\2\2 (4)\34_1.4700.jpg,1.47,0.54,411.0226745605469,640,480,insufficient_yellow_edges,,0.0,259,320.0,,,,,,2,,,"[[382, 462], [595, 603]]",
2087,train,25茂华,34,E:\桌面\v-Net\dataset\26合并\25茂华\2\2 (5)\34_1.4700.jpg,1.47,0.54,411.0226745605469,640,480,inferred_missing_left,-0.1979994297027588,0.6,259,320.0,51.12884521484375,462.1515197753906,256.6401824951172,411.0226745605469,411.0226745605469,1,,,"[[423, 502]]",
2088,train,25茂华,34,E:\桌面\v-Net\dataset\26合并\25茂华\2\2 (6)\34_1.4700.jpg,1.47,0.54,411.0226745605469,640,480,inferred_missing_left,-0.30910353660583495,0.6,259,320.0,15.575531005859375,426.59820556640625,221.0868682861328,411.0226745605469,411.0226745605469,1,,,"[[387, 466]]",
2089,train,25茂华,34,E:\桌面\v-Net\dataset\26合并\25茂华\2\2 (7)\34_1.4700.jpg,1.47,0.54,411.0226745605469,640,480,inferred_missing_left,-0.3330893039703369,0.6,259,320.0,7.90008544921875,418.9227600097656,213.4114227294922,411.0226745605469,411.0226745605469,1,,,"[[381, 457]]",
2090,train,25茂华,34,E:\桌面\v-Net\dataset\26合并\25茂华\2\2 (9)\34_1.4700.jpg,1.47,0.54,411.0226745605469,640,480,inferred_missing_left,-0.3031189441680908,0.6,259,320.0,17.4906005859375,428.5132751464844,223.00193786621094,411.0226745605469,411.0226745605469,1,,,"[[390, 468]]",
2091,train,25茂华,34,E:\桌面\v-Net\dataset\26合并\25茂华\2\2\34_1.4700.jpg,1.47,0.54,411.0226745605469,640,480,inferred_missing_left,-0.36976990699768064,0.6,259,320.0,0.0,403.3472595214844,201.6736297607422,403.3472595214844,411.0226745605469,1,,,"[[362, 444]]",
2092,train,25茂华,35,E:\桌面\v-Net\dataset\26合并\25茂华\2\2 (12)\35_1.4700.jpg,1.47,0.54,411.0226745605469,640,480,inferred_missing_left,-0.2220137119293213,0.6,259,320.0,43.44427490234375,454.4669494628906,248.9556121826172,411.0226745605469,411.0226745605469,1,,,"[[415, 494]]",
2093,train,25茂华,35,E:\桌面\v-Net\dataset\26合并\25茂华\2\2 (13)\35_1.4800.jpg,1.48,0.54,411.0226745605469,640,480,inferred_missing_left,-0.19849247932434083,0.6,259,320.0,50.9710693359375,461.9937438964844,256.48240661621094,411.0226745605469,411.0226745605469,1,,,"[[422, 502]]",
2094,train,25茂华,35,E:\桌面\v-Net\dataset\26合并\25茂华\2\2 (14)\35_1.4800.jpg,1.48,0.54,411.0226745605469,640,480,inferred_missing_left,-0.262363862991333,0.6,259,320.0,30.5322265625,441.5549011230469,236.04356384277344,411.0226745605469,411.0226745605469,1,,,"[[401, 482]]",
2095,train,25茂华,35,E:\桌面\v-Net\dataset\26合并\25茂华\2\2 (15)\35_1.4800.jpg,1.48,0.54,411.0226745605469,640,480,inferred_missing_left,-0.29028658866882323,0.6,259,320.0,21.596954345703125,432.61962890625,227.10829162597656,411.0226745605469,411.0226745605469,1,,,"[[390, 475]]",
2096,train,25茂华,35,E:\桌面\v-Net\dataset\26合并\25茂华\2\2 (17)\35_1.4800.jpg,1.48,0.54,411.0226745605469,640,480,inferred_missing_left,-0.22135796546936035,0.6,259,320.0,43.65411376953125,454.6767883300781,249.1654510498047,411.0226745605469,411.0226745605469,1,,,"[[415, 495]]",
2097,train,25茂华,35,E:\桌面\v-Net\dataset\26合并\25茂华\2\2 (2)\35_1.4700.jpg,1.47,0.54,411.0226745605469,640,480,inferred_missing_left,-0.28296427726745604,0.6,259,320.0,23.940093994140625,434.9627685546875,229.45143127441406,411.0226745605469,411.0226745605469,1,,,"[[396, 474]]",
2098,train,25茂华,35,E:\桌面\v-Net\dataset\26合并\25茂华\2\2 (4)\35_1.4700.jpg,1.47,0.54,411.0226745605469,640,480,inferred_missing_left,-0.3311462879180908,0.6,259,320.0,8.5218505859375,419.5445251464844,214.03318786621094,411.0226745605469,411.0226745605469,1,,,"[[379, 460]]",
2099,train,25茂华,35,E:\桌面\v-Net\dataset\26合并\25茂华\2\2 (5)\35_1.4700.jpg,1.47,0.54,411.0226745605469,640,480,inferred_missing_left,-0.19414887428283692,0.6,259,320.0,52.36102294921875,463.3836975097656,257.8723602294922,411.0226745605469,411.0226745605469,1,,,"[[423, 504]]",
2100,train,25茂华,35,E:\桌面\v-Net\dataset\26合并\25茂华\2\2 (7)\35_1.4700.jpg,1.47,0.54,411.0226745605469,640,480,inferred_missing_left,-0.34152865409851074,0.6,259,320.0,5.199493408203125,416.22216796875,210.71083068847656,411.0226745605469,411.0226745605469,1,,,"[[377, 455]]",
2101,train,25茂华,35,E:\桌面\v-Net\dataset\26合并\25茂华\2\2 (8)\35_1.4700.jpg,1.47,0.54,411.0226745605469,640,480,inferred_missing_left,-0.3865250587463379,0.6,259,320.0,0.0,392.62396240234375,196.31198120117188,392.62396240234375,411.0226745605469,1,,,"[[352, 433]]",
2102,train,25茂华,35,E:\桌面\v-Net\dataset\26合并\25茂华\2\2 (9)\35_1.4700.jpg,1.47,0.54,411.0226745605469,640,480,inferred_missing_left,-0.3029763698577881,0.6,259,320.0,17.536224365234375,428.55889892578125,223.0475616455078,411.0226745605469,411.0226745605469,1,,,"[[390, 467]]",
2103,train,25茂华,35,E:\桌面\v-Net\dataset\26合并\25茂华\2\2\35_1.4700.jpg,1.47,0.54,411.0226745605469,640,480,inferred_missing_left,-0.3695420742034912,0.6,259,320.0,0.0,403.4930725097656,201.7465362548828,403.4930725097656,411.0226745605469,1,,,"[[362, 445]]",
2104,train,25茂华,36,E:\桌面\v-Net\dataset\26合并\25茂华\2\2 (12)\36_1.4700.jpg,1.47,0.54,411.0226745605469,640,480,inferred_missing_left,-0.22420821189880372,0.6,259,320.0,42.742034912109375,453.76470947265625,248.2533721923828,411.0226745605469,411.0226745605469,1,,,"[[415, 493]]",
2105,train,25茂华,36,E:\桌面\v-Net\dataset\26合并\25茂华\2\2 (13)\36_1.4800.jpg,1.48,0.54,411.0226745605469,640,480,inferred_missing_left,-0.20773959159851074,0.6,259,320.0,48.011993408203125,459.03466796875,253.52333068847656,411.0226745605469,411.0226745605469,1,,,"[[418, 500]]",
2106,train,25茂华,36,E:\桌面\v-Net\dataset\26合并\25茂华\2\2 (14)\36_1.4800.jpg,1.48,0.54,411.0226745605469,640,480,inferred_missing_left,-0.2631783962249756,0.6,259,320.0,30.271575927734375,441.29425048828125,235.7829132080078,411.0226745605469,411.0226745605469,1,,,"[[400, 482]]",
2107,train,25茂华,36,E:\桌面\v-Net\dataset\26合并\25茂华\2\2 (15)\36_1.4800.jpg,1.48,0.54,411.0226745605469,640,480,inferred_missing_left,-0.310978364944458,0.6,259,320.0,14.9755859375,425.9982604980469,220.48692321777344,411.0226745605469,411.0226745605469,1,,,"[[384, 468]]",
2108,train,25茂华,36,E:\桌面\v-Net\dataset\26合并\25茂华\2\2 (16)\36_1.4800.jpg,1.48,0.54,411.0226745605469,640,480,inferred_missing_left,-0.3652606964111328,0.6,259,320.0,0.0,406.233154296875,203.1165771484375,406.233154296875,411.0226745605469,1,,,"[[365, 447]]",
2109,train,25茂华,36,E:\桌面\v-Net\dataset\26合并\25茂华\2\2 (17)\36_1.4800.jpg,1.48,0.54,411.0226745605469,640,480,inferred_missing_left,-0.21887946128845215,0.6,259,320.0,44.447235107421875,455.46990966796875,249.9585723876953,411.0226745605469,411.0226745605469,1,,,"[[415, 496]]",
2110,train,25茂华,36,E:\桌面\v-Net\dataset\26合并\25茂华\2\2 (18)\36_1.4800.jpg,1.48,0.54,411.0226745605469,640,480,inferred_missing_left,-0.2542765140533447,0.6,259,320.0,33.12017822265625,444.1428527832031,238.6315155029297,411.0226745605469,411.0226745605469,1,,,"[[403, 485]]",
2111,train,25茂华,36,E:\桌面\v-Net\dataset\26合并\25茂华\2\2 (2)\36_1.4700.jpg,1.47,0.54,411.0226745605469,640,480,inferred_missing_left,-0.27170138359069823,0.6,259,320.0,27.544219970703125,438.56689453125,233.05555725097656,411.0226745605469,411.0226745605469,1,,,"[[399, 478]]",
2112,train,25茂华,36,E:\桌面\v-Net\dataset\26合并\25茂华\2\2 (3)\36_1.4700.jpg,1.47,0.54,411.0226745605469,640,480,inferred_missing_left,-0.31833634376525877,0.6,259,320.0,12.62103271484375,423.6437072753906,218.1323699951172,411.0226745605469,411.0226745605469,1,,,"[[384, 463]]",
2113,train,25茂华,36,E:\桌面\v-Net\dataset\26合并\25茂华\2\2 (4)\36_1.4700.jpg,1.47,0.54,411.0226745605469,640,480,inferred_missing_left,-0.3293426036834717,0.6,259,320.0,9.099029541015625,420.1217041015625,214.61036682128906,411.0226745605469,411.0226745605469,1,,,"[[379, 461]]",
2114,train,25茂华,36,E:\桌面\v-Net\dataset\26合并\25茂华\2\2 (5)\36_1.4700.jpg,1.47,0.54,411.0226745605469,640,480,inferred_missing_left,-0.2017216205596924,0.6,259,320.0,49.937744140625,460.9604187011719,255.44908142089844,411.0226745605469,411.0226745605469,1,,,"[[420, 502]]",
2115,train,25茂华,36,E:\桌面\v-Net\dataset\26合并\25茂华\2\2 (6)\36_1.4700.jpg,1.47,0.54,411.0226745605469,640,480,inferred_missing_left,-0.2985045909881592,0.6,259,320.0,18.967193603515625,429.9898681640625,224.47853088378906,411.0226745605469,411.0226745605469,1,,,"[[390, 470]]",
2116,train,25茂华,36,E:\桌面\v-Net\dataset\26合并\25茂华\2\2 (8)\36_1.4700.jpg,1.47,0.54,411.0226745605469,640,480,inferred_missing_left,-0.3884763240814209,0.6,259,320.0,0.0,391.3751525878906,195.6875762939453,391.3751525878906,411.0226745605469,1,,,"[[351, 431]]",
2117,train,25茂华,36,E:\桌面\v-Net\dataset\26合并\25茂华\2\2 (9)\36_1.4700.jpg,1.47,0.54,411.0226745605469,640,480,inferred_missing_left,-0.2896692752838135,0.6,259,320.0,21.79449462890625,432.8171691894531,227.3058319091797,411.0226745605469,411.0226745605469,1,,,"[[394, 471]]",
2118,train,25茂华,36,E:\桌面\v-Net\dataset\26合并\25茂华\2\2\36_1.4700.jpg,1.47,0.54,411.0226745605469,640,480,inferred_missing_left,-0.3715806484222412,0.6,259,320.0,0.0,402.1883850097656,201.0941925048828,402.1883850097656,411.0226745605469,1,,,"[[361, 443]]",
2119,train,25茂华,37,E:\桌面\v-Net\dataset\26合并\25茂华\2\2 (11)\37_1.4700.jpg,1.47,0.54,411.0226745605469,640,480,inferred_missing_left,-0.25063357353210447,0.6,259,320.0,34.285919189453125,445.30859375,239.79725646972656,411.0226745605469,411.0226745605469,1,,,"[[403, 487]]",
2120,train,25茂华,37,E:\桌面\v-Net\dataset\26合并\25茂华\2\2 (12)\37_1.4700.jpg,1.47,0.54,411.0226745605469,640,480,inferred_missing_left,-0.22854914665222167,0.6,259,320.0,41.352935791015625,452.3756103515625,246.86427307128906,411.0226745605469,411.0226745605469,1,,,"[[413, 492]]",
2121,train,25茂华,37,E:\桌面\v-Net\dataset\26合并\25茂华\2\2 (14)\37_1.4800.jpg,1.48,0.54,411.0226745605469,640,480,inferred_missing_left,-0.2623266696929932,0.6,259,320.0,30.54412841796875,441.5668029785156,236.0554656982422,411.0226745605469,411.0226745605469,1,,,"[[401, 482]]",
2122,train,25茂华,37,E:\桌面\v-Net\dataset\26合并\25茂华\2\2 (16)\37_1.4800.jpg,1.48,0.54,411.0226745605469,640,480,inferred_missing_left,-0.36426634788513185,0.6,259,320.0,0.0,406.8695373535156,203.4347686767578,406.8695373535156,411.0226745605469,1,,,"[[366, 448]]",
2123,train,25茂华,37,E:\桌面\v-Net\dataset\26合并\25茂华\2\2 (18)\37_1.4800.jpg,1.48,0.54,411.0226745605469,640,480,inferred_missing_left,-0.255619478225708,0.6,259,320.0,32.6904296875,443.7131042480469,238.20176696777344,411.0226745605469,411.0226745605469,1,,,"[[403, 485]]",
2124,train,25茂华,37,E:\桌面\v-Net\dataset\26合并\25茂华\2\2 (3)\37_1.4700.jpg,1.47,0.54,411.0226745605469,640,480,inferred_missing_left,-0.3177794933319092,0.6,259,320.0,12.799224853515625,423.8218994140625,218.31056213378906,411.0226745605469,411.0226745605469,1,,,"[[384, 463]]",
2125,train,25茂华,37,E:\桌面\v-Net\dataset\26合并\25茂华\2\2 (5)\37_1.4700.jpg,1.47,0.54,411.0226745605469,640,480,inferred_missing_left,-0.2159630298614502,0.6,259,320.0,45.3804931640625,456.4031677246094,250.89183044433594,411.0226745605469,411.0226745605469,1,,,"[[416, 497]]",
2126,train,25茂华,37,E:\桌面\v-Net\dataset\26合并\25茂华\2\2 (7)\37_1.4700.jpg,1.47,0.54,411.0226745605469,640,480,inferred_missing_left,-0.3475039958953857,0.6,259,320.0,3.287384033203125,414.31005859375,208.79872131347656,411.0226745605469,411.0226745605469,1,,,"[[375, 454]]",
2127,train,25茂华,37,E:\桌面\v-Net\dataset\26合并\25茂华\2\2 (8)\37_1.4700.jpg,1.47,0.54,411.0226745605469,640,480,inferred_missing_left,-0.3902721881866455,0.6,259,320.0,0.0,390.2257995605469,195.11289978027344,390.2257995605469,411.0226745605469,1,,,"[[349, 431]]",
2128,train,25茂华,37,E:\桌面\v-Net\dataset\26合并\25茂华\2\2\37_1.4700.jpg,1.47,0.54,411.0226745605469,640,480,inferred_missing_left,-0.3721893310546875,0.6,259,320.0,0.0,401.798828125,200.8994140625,401.798828125,411.0226745605469,1,,,"[[361, 443]]",
2129,train,25茂华,38,E:\桌面\v-Net\dataset\26合并\25茂华\2\2 (10)\38_1.4700.jpg,1.47,0.54,411.0226745605469,640,480,inferred_missing_left,-0.28316826820373536,0.6,259,320.0,23.87481689453125,434.8974914550781,229.3861541748047,411.0226745605469,411.0226745605469,1,,,"[[397, 473]]",
2130,train,25茂华,38,E:\桌面\v-Net\dataset\26合并\25茂华\2\2 (11)\38_1.4700.jpg,1.47,0.54,411.0226745605469,640,480,inferred_missing_left,-0.25751214027404784,0.6,259,320.0,32.08477783203125,443.1074523925781,237.5961151123047,411.0226745605469,411.0226745605469,1,,,"[[401, 485]]",
2131,train,25茂华,38,E:\桌面\v-Net\dataset\26合并\25茂华\2\2 (12)\38_1.4700.jpg,1.47,0.54,411.0226745605469,640,480,inferred_missing_left,-0.2455427646636963,0.6,259,320.0,35.91497802734375,446.9376525878906,241.4263153076172,411.0226745605469,411.0226745605469,1,,,"[[407, 487]]",
2132,train,25茂华,38,E:\桌面\v-Net\dataset\26合并\25茂华\2\2 (13)\38_1.4800.jpg,1.48,0.54,411.0226745605469,640,480,inferred_missing_left,-0.22941327095031738,0.6,259,320.0,41.076416015625,452.0990905761719,246.58775329589844,411.0226745605469,411.0226745605469,1,,,"[[410, 494]]",
2133,train,25茂华,38,E:\桌面\v-Net\dataset\26合并\25茂华\2\2 (14)\38_1.4800.jpg,1.48,0.54,411.0226745605469,640,480,inferred_missing_left,-0.26654677391052245,0.6,259,320.0,29.193695068359375,440.21636962890625,234.7050323486328,411.0226745605469,411.0226745605469,1,,,"[[399, 481]]",
2134,train,25茂华,38,E:\桌面\v-Net\dataset\26合并\25茂华\2\2 (15)\38_1.4800.jpg,1.48,0.54,411.0226745605469,640,480,inferred_missing_left,-0.3469689846038818,0.6,259,320.0,3.458587646484375,414.48126220703125,208.9699249267578,411.0226745605469,411.0226745605469,1,,,"[[372, 457]]",
2135,train,25茂华,38,E:\桌面\v-Net\dataset\26合并\25茂华\2\2 (16)\38_1.4800.jpg,1.48,0.54,411.0226745605469,640,480,inferred_missing_left,-0.3657818794250488,0.6,259,320.0,0.0,405.89959716796875,202.94979858398438,405.89959716796875,411.0226745605469,1,,,"[[365, 446]]",
2136,train,25茂华,38,E:\桌面\v-Net\dataset\26合并\25茂华\2\2 (17)\38_1.4800.jpg,1.48,0.54,411.0226745605469,640,480,inferred_missing_left,-0.23801350593566895,0.6,259,320.0,38.3243408203125,449.3470153808594,243.83567810058594,411.0226745605469,411.0226745605469,1,,,"[[408, 491]]",
2137,train,25茂华,38,E:\桌面\v-Net\dataset\26合并\25茂华\2\2 (18)\38_1.4800.jpg,1.48,0.54,411.0226745605469,640,480,inferred_missing_left,-0.2632726192474365,0.6,259,320.0,30.241424560546875,441.26409912109375,235.7527618408203,411.0226745605469,411.0226745605469,1,,,"[[400, 483]]",
2138,train,25茂华,38,E:\桌面\v-Net\dataset\26合并\25茂华\2\2 (2)\38_1.4700.jpg,1.47,0.54,411.0226745605469,640,480,inferred_missing_left,-0.26194195747375487,0.6,259,320.0,30.667236328125,441.6899108886719,236.17857360839844,411.0226745605469,411.0226745605469,1,,,"[[402, 481]]",
2139,train,25茂华,38,E:\桌面\v-Net\dataset\26合并\25茂华\2\2 (3)\38_1.4700.jpg,1.47,0.54,411.0226745605469,640,480,inferred_missing_left,-0.31308979988098146,0.6,259,320.0,14.2999267578125,425.3226013183594,219.81126403808594,411.0226745605469,411.0226745605469,1,,,"[[386, 464]]",
2140,train,25茂华,38,E:\桌面\v-Net\dataset\26合并\25茂华\2\2 (4)\38_1.4700.jpg,1.47,0.54,411.0226745605469,640,480,inferred_missing_left,-0.32948861122131345,0.6,259,320.0,9.05230712890625,420.0749816894531,214.5636444091797,411.0226745605469,411.0226745605469,1,,,"[[379, 461]]",
2141,train,25茂华,38,E:\桌面\v-Net\dataset\26合并\25茂华\2\2 (5)\38_1.4700.jpg,1.47,0.54,411.0226745605469,640,480,inferred_missing_left,-0.2278139591217041,0.6,259,320.0,41.58819580078125,452.6108703613281,247.0995330810547,411.0226745605469,411.0226745605469,1,,,"[[411, 495]]",
2142,train,25茂华,38,E:\桌面\v-Net\dataset\26合并\25茂华\2\2 (6)\38_1.4700.jpg,1.47,0.54,411.0226745605469,640,480,inferred_missing_left,-0.2835854053497314,0.6,259,320.0,23.7413330078125,434.7640075683594,229.25267028808594,411.0226745605469,411.0226745605469,1,,,"[[395, 474]]",
2143,train,25茂华,38,E:\桌面\v-Net\dataset\26合并\25茂华\2\2 (9)\38_1.4700.jpg,1.47,0.54,411.0226745605469,640,480,inferred_missing_left,-0.2704322338104248,0.6,259,320.0,27.950347900390625,438.9730224609375,233.46168518066406,411.0226745605469,411.0226745605469,1,,,"[[400, 478]]",
2144,train,25茂华,38,E:\桌面\v-Net\dataset\26合并\25茂华\2\2\38_1.4700.jpg,1.47,0.54,411.0226745605469,640,480,inferred_missing_left,-0.3715038776397705,0.6,259,320.0,0.0,402.2375183105469,201.11875915527344,402.2375183105469,411.0226745605469,1,,,"[[362, 442]]",
2145,train,25茂华,39,E:\桌面\v-Net\dataset\26合并\25茂华\2\2 (10)\39_1.4700.jpg,1.47,0.54,411.0226745605469,640,480,inferred_missing_left,-0.2767077922821045,0.6,259,320.0,25.942169189453125,436.96484375,231.45350646972656,411.0226745605469,411.0226745605469,1,,,"[[399, 475]]",
2146,train,25茂华,39,E:\桌面\v-Net\dataset\26合并\25茂华\2\2 (11)\39_1.4700.jpg,1.47,0.54,411.0226745605469,640,480,inferred_missing_left,-0.28268961906433104,0.6,259,320.0,24.027984619140625,435.0506591796875,229.53932189941406,411.0226745605469,411.0226745605469,1,,,"[[393, 477]]",
2147,train,25茂华,39,E:\桌面\v-Net\dataset\26合并\25茂华\2\2 (12)\39_1.4700.jpg,1.47,0.54,411.0226745605469,640,480,inferred_missing_left,-0.2567258358001709,0.6,259,320.0,32.336395263671875,443.35906982421875,237.8477325439453,411.0226745605469,411.0226745605469,1,,,"[[403, 484]]",
2148,train,25茂华,39,E:\桌面\v-Net\dataset\26合并\25茂华\2\2 (13)\39_1.4800.jpg,1.48,0.54,411.0226745605469,640,480,inferred_missing_left,-0.254668664932251,0.6,259,320.0,32.99468994140625,444.0173645019531,238.5060272216797,411.0226745605469,411.0226745605469,1,,,"[[402, 486]]",
2149,train,25茂华,39,E:\桌面\v-Net\dataset\26合并\25茂华\2\2 (14)\39_1.4800.jpg,1.48,0.54,411.0226745605469,640,480,inferred_missing_left,-0.28595433235168455,0.6,259,320.0,22.9832763671875,434.0059509277344,228.49461364746094,411.0226745605469,411.0226745605469,1,,,"[[393, 475]]",
2150,train,25茂华,39,E:\桌面\v-Net\dataset\26合并\25茂华\2\2 (15)\39_1.4800.jpg,1.48,0.54,411.0226745605469,640,480,inferred_missing_left,-0.36054286956787107,0.6,259,320.0,0.0,409.2525634765625,204.62628173828125,409.2525634765625,411.0226745605469,1,,,"[[367, 452]]",
2151,train,25茂华,39,E:\桌面\v-Net\dataset\26合并\25茂华\2\2 (16)\39_1.4800.jpg,1.48,0.54,411.0226745605469,640,480,inferred_missing_left,-0.36875715255737307,0.6,259,320.0,0.0,403.99542236328125,201.99771118164062,403.99542236328125,411.0226745605469,1,,,"[[362, 446]]",
2152,train,25茂华,39,E:\桌面\v-Net\dataset\26合并\25茂华\2\2 (17)\39_1.4800.jpg,1.48,0.54,411.0226745605469,640,480,inferred_missing_left,-0.2535675525665283,0.6,259,320.0,33.3470458984375,444.3697204589844,238.85838317871094,411.0226745605469,411.0226745605469,1,,,"[[403, 486]]",
2153,train,25茂华,39,E:\桌面\v-Net\dataset\26合并\25茂华\2\2 (18)\39_1.4800.jpg,1.48,0.54,411.0226745605469,640,480,inferred_missing_left,-0.27927308082580565,0.6,259,320.0,25.12127685546875,436.1439514160156,230.6326141357422,411.0226745605469,411.0226745605469,1,,,"[[394, 478]]",
2154,train,25茂华,39,E:\桌面\v-Net\dataset\26合并\25茂华\2\2 (2)\39_1.4700.jpg,1.47,0.54,411.0226745605469,640,480,inferred_missing_left,-0.26868557929992676,0.6,259,320.0,28.50927734375,439.5319519042969,234.02061462402344,411.0226745605469,411.0226745605469,1,,,"[[399, 480]]",
2155,train,25茂华,39,E:\桌面\v-Net\dataset\26合并\25茂华\2\2 (4)\39_1.4700.jpg,1.47,0.54,411.0226745605469,640,480,inferred_missing_left,-0.3342730045318604,0.6,259,320.0,7.52130126953125,418.5439758300781,213.0326385498047,411.0226745605469,411.0226745605469,1,,,"[[377, 460]]",
2156,train,25茂华,39,E:\桌面\v-Net\dataset\26合并\25茂华\2\2 (7)\39_1.4700.jpg,1.47,0.54,411.0226745605469,640,480,inferred_missing_left,-0.347613000869751,0.6,259,320.0,3.25250244140625,414.2751770019531,208.7638397216797,411.0226745605469,411.0226745605469,1,,,"[[374, 454]]",
2157,train,25茂华,39,E:\桌面\v-Net\dataset\26合并\25茂华\2\2 (8)\39_1.4700.jpg,1.47,0.54,411.0226745605469,640,480,inferred_missing_left,-0.3935573577880859,0.6,259,320.0,0.0,388.123291015625,194.0616455078125,388.123291015625,411.0226745605469,1,,,"[[347, 429]]",
2158,train,25茂华,39,E:\桌面\v-Net\dataset\26合并\25茂华\2\2 (9)\39_1.4700.jpg,1.47,0.54,411.0226745605469,640,480,inferred_missing_left,-0.25618815422058105,0.6,259,320.0,32.508453369140625,443.5311279296875,238.01979064941406,411.0226745605469,411.0226745605469,1,,,"[[404, 482]]",
2159,train,25茂华,39,E:\桌面\v-Net\dataset\26合并\25茂华\2\2\39_1.4700.jpg,1.47,0.54,411.0226745605469,640,480,inferred_missing_left,-0.3709569454193115,0.6,259,320.0,0.0,402.5875549316406,201.2937774658203,402.5875549316406,411.0226745605469,1,,,"[[362, 444]]",
2160,train,25茂华,40,E:\桌面\v-Net\dataset\26合并\25茂华\2\2 (10)\40_1.4700.jpg,1.47,0.54,411.0226745605469,640,480,inferred_missing_left,-0.2694682598114014,0.6,259,320.0,28.258819580078125,439.281494140625,233.77015686035156,411.0226745605469,411.0226745605469,1,,,"[[401, 478]]",
2161,train,25茂华,40,E:\桌面\v-Net\dataset\26合并\25茂华\2\2 (11)\40_1.4700.jpg,1.47,0.54,411.0226745605469,640,480,inferred_missing_left,-0.30178065299987794,0.6,259,320.0,17.918853759765625,428.9415283203125,223.43019104003906,411.0226745605469,411.0226745605469,1,,,"[[386, 471]]",
2162,train,25茂华,40,E:\桌面\v-Net\dataset\26合并\25茂华\2\2 (12)\40_1.4700.jpg,1.47,0.54,411.0226745605469,640,480,inferred_missing_left,-0.2747169017791748,0.6,259,320.0,26.579254150390625,437.6019287109375,232.09059143066406,411.0226745605469,411.0226745605469,1,,,"[[396, 479]]",
2163,train,25茂华,40,E:\桌面\v-Net\dataset\26合并\25茂华\2\2 (13)\40_1.4800.jpg,1.48,0.54,411.0226745605469,640,480,inferred_missing_left,-0.27113938331604004,0.6,259,320.0,27.72406005859375,438.7467346191406,233.2353973388672,411.0226745605469,411.0226745605469,1,,,"[[397, 480]]",
2164,train,25茂华,40,E:\桌面\v-Net\dataset\26合并\25茂华\2\2 (15)\40_1.4800.jpg,1.48,0.54,411.0226745605469,640,480,inferred_missing_left,-0.3706014156341553,0.6,259,320.0,0.0,402.8150939941406,201.4075469970703,402.8150939941406,411.0226745605469,1,,,"[[359, 446]]",
2165,train,25茂华,40,E:\桌面\v-Net\dataset\26合并\25茂华\2\2 (16)\40_1.4800.jpg,1.48,0.54,411.0226745605469,640,480,inferred_missing_left,-0.370859432220459,0.6,259,320.0,0.0,402.64996337890625,201.32498168945312,402.64996337890625,411.0226745605469,1,,,"[[362, 443]]",
2166,train,25茂华,40,E:\桌面\v-Net\dataset\26合并\25茂华\2\2 (17)\40_1.4800.jpg,1.48,0.54,411.0226745605469,640,480,inferred_missing_left,-0.26862549781799316,0.6,259,320.0,28.52850341796875,439.5511779785156,234.0398406982422,411.0226745605469,411.0226745605469,1,,,"[[398, 481]]",
2167,train,25茂华,40,E:\桌面\v-Net\dataset\26合并\25茂华\2\2 (18)\40_1.4800.jpg,1.48,0.54,411.0226745605469,640,480,inferred_missing_left,-0.2799950122833252,0.6,259,320.0,24.8902587890625,435.9129333496094,230.40159606933594,411.0226745605469,411.0226745605469,1,,,"[[394, 477]]",
2168,train,25茂华,40,E:\桌面\v-Net\dataset\26合并\25茂华\2\2 (3)\40_1.4700.jpg,1.47,0.54,411.0226745605469,640,480,inferred_missing_left,-0.31981511116027833,0.6,259,320.0,12.1478271484375,423.1705017089844,217.65916442871094,411.0226745605469,411.0226745605469,1,,,"[[384, 463]]",
2169,train,25茂华,40,E:\桌面\v-Net\dataset\26合并\25茂华\2\2 (4)\40_1.4700.jpg,1.47,0.54,411.0226745605469,640,480,inferred_missing_left,-0.33581271171569826,0.6,259,320.0,7.028594970703125,418.05126953125,212.53993225097656,411.0226745605469,411.0226745605469,1,,,"[[378, 458]]",
2170,train,25茂华,40,E:\桌面\v-Net\dataset\26合并\25茂华\2\2 (6)\40_1.4700.jpg,1.47,0.54,411.0226745605469,640,480,inferred_missing_left,-0.2853261470794678,0.6,259,320.0,23.184295654296875,434.20697021484375,228.6956329345703,411.0226745605469,411.0226745605469,1,,,"[[394, 474]]",
2171,train,25茂华,40,E:\桌面\v-Net\dataset\26合并\25茂华\2\2 (7)\40_1.4700.jpg,1.47,0.54,411.0226745605469,640,480,inferred_missing_left,-0.3473702907562256,0.6,259,320.0,3.330169677734375,414.35284423828125,208.8415069580078,411.0226745605469,411.0226745605469,1,,,"[[375, 454]]",
2172,train,25茂华,40,E:\桌面\v-Net\dataset\26合并\25茂华\2\2 (8)\40_1.4700.jpg,1.47,0.54,411.0226745605469,640,480,inferred_missing_left,-0.39234285354614257,0.6,259,320.0,0.0,388.90057373046875,194.45028686523438,388.90057373046875,411.0226745605469,1,,,"[[349, 429]]",
2173,train,25茂华,40,E:\桌面\v-Net\dataset\26合并\25茂华\2\2 (9)\40_1.4700.jpg,1.47,0.54,411.0226745605469,640,480,inferred_missing_left,-0.2590952396392822,0.6,259,320.0,31.57818603515625,442.6008605957031,237.0895233154297,411.0226745605469,411.0226745605469,1,,,"[[404, 481]]",
2174,train,25茂华,40,E:\桌面\v-Net\dataset\26合并\25茂华\2\2\40_1.4700.jpg,1.47,0.54,411.0226745605469,640,480,inferred_missing_left,-0.3715061664581299,0.6,259,320.0,0.0,402.2360534667969,201.11802673339844,402.2360534667969,411.0226745605469,1,,,"[[362, 442]]",
2175,train,25茂华,41,E:\桌面\v-Net\dataset\26合并\25茂华\2\2 (11)\41_1.4700.jpg,1.47,0.54,411.0226745605469,640,480,inferred_missing_left,-0.32263903617858886,0.6,259,320.0,11.244171142578125,422.266845703125,216.75550842285156,411.0226745605469,411.0226745605469,1,,,"[[379, 465]]",
2176,train,25茂华,41,E:\桌面\v-Net\dataset\26合并\25茂华\2\2 (12)\41_1.4700.jpg,1.47,0.54,411.0226745605469,640,480,inferred_missing_left,-0.2982945919036865,0.6,259,320.0,19.034393310546875,430.05706787109375,224.5457305908203,411.0226745605469,411.0226745605469,1,,,"[[389, 471]]",
2177,train,25茂华,41,E:\桌面\v-Net\dataset\26合并\25茂华\2\2 (13)\41_1.4800.jpg,1.48,0.54,411.0226745605469,640,480,inferred_missing_left,-0.29783616065979,0.6,259,320.0,19.18109130859375,430.2037658691406,224.6924285888672,411.0226745605469,411.0226745605469,1,,,"[[388, 472]]",
2178,train,25茂华,41,E:\桌面\v-Net\dataset\26合并\25茂华\2\2 (14)\41_1.4800.jpg,1.48,0.54,411.0226745605469,640,480,inferred_missing_left,-0.2999425411224365,0.6,259,320.0,18.507049560546875,429.52972412109375,224.0183868408203,411.0226745605469,411.0226745605469,1,,,"[[389, 470]]",
2179,train,25茂华,41,E:\桌面\v-Net\dataset\26合并\25茂华\2\2 (15)\41_1.4800.jpg,1.48,0.54,411.0226745605469,640,480,inferred_missing_left,-0.3794405460357666,0.6,259,320.0,0.0,397.1580505371094,198.5790252685547,397.1580505371094,411.0226745605469,1,,,"[[354, 440]]",
2180,train,25茂华,41,E:\桌面\v-Net\dataset\26合并\25茂华\2\2 (16)\41_1.4800.jpg,1.48,0.54,411.0226745605469,640,480,inferred_missing_left,-0.3735039710998535,0.6,259,320.0,0.0,400.95745849609375,200.47872924804688,400.95745849609375,411.0226745605469,1,,,"[[361, 441]]",
2181,train,25茂华,41,E:\桌面\v-Net\dataset\26合并\25茂华\2\2 (2)\41_1.4700.jpg,1.47,0.54,411.0226745605469,640,480,inferred_missing_left,-0.2709066867828369,0.6,259,320.0,27.79852294921875,438.8211975097656,233.3098602294922,411.0226745605469,411.0226745605469,1,,,"[[399, 479]]",
2182,train,25茂华,41,E:\桌面\v-Net\dataset\26合并\25茂华\2\2 (3)\41_1.4700.jpg,1.47,0.54,411.0226745605469,640,480,inferred_missing_left,-0.3228023052215576,0.6,259,320.0,11.191925048828125,422.214599609375,216.70326232910156,411.0226745605469,411.0226745605469,1,,,"[[383, 462]]",
2183,train,25茂华,41,E:\桌面\v-Net\dataset\26合并\25茂华\2\2 (4)\41_1.4700.jpg,1.47,0.54,411.0226745605469,640,480,inferred_missing_left,-0.3344613552093506,0.6,259,320.0,7.461029052734375,418.48370361328125,212.9723663330078,411.0226745605469,411.0226745605469,1,,,"[[378, 459]]",
2184,train,25茂华,41,E:\桌面\v-Net\dataset\26合并\25茂华\2\2 (5)\41_1.4700.jpg,1.47,0.54,411.0226745605469,640,480,inferred_missing_left,-0.2781370639801025,0.6,259,320.0,25.48480224609375,436.5074768066406,230.9961395263672,411.0226745605469,411.0226745605469,1,,,"[[394, 479]]",
2185,train,25茂华,41,E:\桌面\v-Net\dataset\26合并\25茂华\2\2 (7)\41_1.4700.jpg,1.47,0.54,411.0226745605469,640,480,inferred_missing_left,-0.35214571952819823,0.6,259,320.0,1.802032470703125,412.82470703125,207.31336975097656,411.0226745605469,411.0226745605469,1,,,"[[373, 452]]",
2186,train,25茂华,41,E:\桌面\v-Net\dataset\26合并\25茂华\2\2 (8)\41_1.4700.jpg,1.47,0.54,411.0226745605469,640,480,inferred_missing_left,-0.38959555625915526,0.6,259,320.0,0.0,390.6588439941406,195.3294219970703,390.6588439941406,411.0226745605469,1,,,"[[351, 430]]",
2187,train,25茂华,41,E:\桌面\v-Net\dataset\26合并\25茂华\2\2 (9)\41_1.4700.jpg,1.47,0.54,411.0226745605469,640,480,inferred_missing_left,-0.25537772178649903,0.6,259,320.0,32.767791748046875,443.79046630859375,238.2791290283203,411.0226745605469,411.0226745605469,1,,,"[[405, 482]]",
2188,train,25茂华,42,E:\桌面\v-Net\dataset\26合并\25茂华\2\2 (10)\42_1.4700.jpg,1.47,0.54,411.0226745605469,640,480,inferred_missing_left,-0.26245598793029784,0.6,259,320.0,30.50274658203125,441.5254211425781,236.0140838623047,411.0226745605469,411.0226745605469,1,,,"[[403, 480]]",
2189,train,25茂华,42,E:\桌面\v-Net\dataset\26合并\25茂华\2\2 (11)\42_1.4700.jpg,1.47,0.54,411.0226745605469,640,480,inferred_missing_left,-0.3425614833831787,0.6,259,320.0,4.868988037109375,415.89166259765625,210.3803253173828,411.0226745605469,411.0226745605469,1,,,"[[374, 458]]",
2190,train,25茂华,42,E:\桌面\v-Net\dataset\26合并\25茂华\2\2 (12)\42_1.4700.jpg,1.47,0.54,411.0226745605469,640,480,inferred_missing_left,-0.3178523540496826,0.6,259,320.0,12.775909423828125,423.798583984375,218.28724670410156,411.0226745605469,411.0226745605469,1,,,"[[382, 465]]",
2191,train,25茂华,42,E:\桌面\v-Net\dataset\26合并\25茂华\2\2 (13)\42_1.4800.jpg,1.48,0.54,411.0226745605469,640,480,inferred_missing_left,-0.31909499168395994,0.6,259,320.0,12.378265380859375,423.40093994140625,217.8896026611328,411.0226745605469,411.0226745605469,1,,,"[[382, 465]]",
2192,train,25茂华,42,E:\桌面\v-Net\dataset\26合并\25茂华\2\2 (17)\42_1.4800.jpg,1.48,0.54,411.0226745605469,640,480,inferred_missing_left,-0.29695725440979004,0.6,259,320.0,19.46234130859375,430.4850158691406,224.9736785888672,411.0226745605469,411.0226745605469,1,,,"[[388, 472]]",
2193,train,25茂华,42,E:\桌面\v-Net\dataset\26合并\25茂华\2\2 (18)\42_1.4800.jpg,1.48,0.54,411.0226745605469,640,480,inferred_missing_left,-0.2966300487518311,0.6,259,320.0,19.567047119140625,430.5897216796875,225.07838439941406,411.0226745605469,411.0226745605469,1,,,"[[389, 472]]",
2194,train,25茂华,42,E:\桌面\v-Net\dataset\26合并\25茂华\2\2 (2)\42_1.4700.jpg,1.47,0.54,411.0226745605469,640,480,inferred_missing_left,-0.2699868679046631,0.6,259,320.0,28.092864990234375,439.11553955078125,233.6042022705078,411.0226745605469,411.0226745605469,1,,,"[[399, 479]]",
2195,train,25茂华,42,E:\桌面\v-Net\dataset\26合并\25茂华\2\2 (3)\42_1.4700.jpg,1.47,0.54,411.0226745605469,640,480,inferred_missing_left,-0.3133078098297119,0.6,259,320.0,14.23016357421875,425.2528381347656,219.7415008544922,411.0226745605469,411.0226745605469,1,,,"[[385, 465]]",
2196,train,25茂华,42,E:\桌面\v-Net\dataset\26合并\25茂华\2\2 (4)\42_1.4700.jpg,1.47,0.54,411.0226745605469,640,480,inferred_missing_left,-0.3387033939361572,0.6,259,320.0,6.10357666015625,417.1262512207031,211.6149139404297,411.0226745605469,411.0226745605469,1,,,"[[377, 457]]",
2197,train,25茂华,42,E:\桌面\v-Net\dataset\26合并\25茂华\2\2 (6)\42_1.4700.jpg,1.47,0.54,411.0226745605469,640,480,inferred_missing_left,-0.29889397621154784,0.6,259,320.0,18.84259033203125,429.8652648925781,224.3539276123047,411.0226745605469,411.0226745605469,1,,,"[[390, 470]]",
2198,train,25茂华,42,E:\桌面\v-Net\dataset\26合并\25茂华\2\2 (8)\42_1.4700.jpg,1.47,0.54,411.0226745605469,640,480,inferred_missing_left,-0.38965845108032227,0.6,259,320.0,0.0,390.61859130859375,195.30929565429688,390.61859130859375,411.0226745605469,1,,,"[[351, 430]]",
2199,train,25茂华,42,E:\桌面\v-Net\dataset\26合并\25茂华\2\2\42_1.4700.jpg,1.47,0.54,411.0226745605469,640,480,inferred_missing_left,-0.3741103172302246,0.6,259,320.0,0.0,400.56939697265625,200.28469848632812,400.56939697265625,411.0226745605469,1,,,"[[361, 440]]",
2200,train,25茂华,43,E:\桌面\v-Net\dataset\26合并\25茂华\2\2 (10)\43_1.4700.jpg,1.47,0.54,411.0226745605469,640,480,inferred_missing_left,-0.26822800636291505,0.6,259,320.0,28.65570068359375,439.6783752441406,234.1670379638672,411.0226745605469,411.0226745605469,1,,,"[[400, 479]]",
2201,train,25茂华,43,E:\桌面\v-Net\dataset\26合并\25茂华\2\2 (11)\43_1.4700.jpg,1.47,0.54,411.0226745605469,640,480,inferred_missing_left,-0.3423570156097412,0.6,259,320.0,4.934417724609375,415.95709228515625,210.4457550048828,411.0226745605469,411.0226745605469,1,,,"[[378, 455]]",
2202,train,25茂华,43,E:\桌面\v-Net\dataset\26合并\25茂华\2\2 (12)\43_1.4700.jpg,1.47,0.54,411.0226745605469,640,480,inferred_missing_left,-0.33176379203796386,0.6,259,320.0,8.324249267578125,419.346923828125,213.83558654785156,411.0226745605469,411.0226745605469,1,,,"[[379, 460]]",
2203,train,25茂华,43,E:\桌面\v-Net\dataset\26合并\25茂华\2\2 (13)\43_1.4800.jpg,1.48,0.54,411.0226745605469,640,480,inferred_missing_left,-0.3207249164581299,0.6,259,320.0,11.856689453125,422.8793640136719,217.36802673339844,411.0226745605469,411.0226745605469,1,,,"[[384, 463]]",
2204,train,25茂华,43,E:\桌面\v-Net\dataset\26合并\25茂华\2\2 (14)\43_1.4800.jpg,1.48,0.54,411.0226745605469,640,480,inferred_missing_left,-0.3160147190093994,0.6,259,320.0,13.36395263671875,424.3866271972656,218.8752899169922,411.0226745605469,411.0226745605469,1,,,"[[387, 463]]",
2205,train,25茂华,43,E:\桌面\v-Net\dataset\26合并\25茂华\2\2 (16)\43_1.4800.jpg,1.48,0.54,411.0226745605469,640,480,inferred_missing_left,-0.37462759017944336,0.6,259,320.0,0.0,400.23834228515625,200.11917114257812,400.23834228515625,411.0226745605469,1,,,"[[360, 440]]",
2206,train,25茂华,43,E:\桌面\v-Net\dataset\26合并\25茂华\2\2 (17)\43_1.4800.jpg,1.48,0.54,411.0226745605469,640,480,inferred_missing_left,-0.3124557971954346,0.6,259,320.0,14.5028076171875,425.5254821777344,220.01414489746094,411.0226745605469,411.0226745605469,1,,,"[[386, 466]]",
2207,train,25茂华,43,E:\桌面\v-Net\dataset\26合并\25茂华\2\2 (2)\43_1.4700.jpg,1.47,0.54,411.0226745605469,640,480,inferred_missing_left,-0.2660820484161377,0.6,259,320.0,29.3424072265625,440.3650817871094,234.85374450683594,411.0226745605469,411.0226745605469,1,,,"[[400, 480]]",
2208,train,25茂华,43,E:\桌面\v-Net\dataset\26合并\25茂华\2\2 (6)\43_1.4700.jpg,1.47,0.54,411.0226745605469,640,480,inferred_missing_left,-0.3063143253326416,0.6,259,320.0,16.46807861328125,427.4907531738281,221.9794158935547,411.0226745605469,411.0226745605469,1,,,"[[387, 468]]",
2209,train,25茂华,43,E:\桌面\v-Net\dataset\26合并\25茂华\2\2 (7)\43_1.4700.jpg,1.47,0.54,411.0226745605469,640,480,inferred_missing_left,-0.3474174976348877,0.6,259,320.0,3.3150634765625,414.3377380371094,208.82640075683594,411.0226745605469,411.0226745605469,1,,,"[[375, 454]]",
2210,train,25茂华,43,E:\桌面\v-Net\dataset\26合并\25茂华\2\2 (8)\43_1.4700.jpg,1.47,0.54,411.0226745605469,640,480,inferred_missing_left,-0.387407112121582,0.6,259,320.0,0.0,392.0594482421875,196.02972412109375,392.0594482421875,411.0226745605469,1,,,"[[353, 431]]",
2211,train,25茂华,43,E:\桌面\v-Net\dataset\26合并\25茂华\2\2 (9)\43_1.4700.jpg,1.47,0.54,411.0226745605469,640,480,inferred_missing_left,-0.25194640159606935,0.6,259,320.0,33.865814208984375,444.88848876953125,239.3771514892578,411.0226745605469,411.0226745605469,1,,,"[[406, 484]]",
2212,train,25茂华,44,E:\桌面\v-Net\dataset\26合并\25茂华\2\2 (10)\44_1.4700.jpg,1.47,0.54,411.0226745605469,640,480,inferred_missing_left,-0.26392502784729005,0.6,259,320.0,30.03265380859375,441.0553283691406,235.5439910888672,411.0226745605469,411.0226745605469,1,,,"[[402, 480]]",
2213,train,25茂华,44,E:\桌面\v-Net\dataset\26合并\25茂华\2\2 (15)\44_1.4800.jpg,1.48,0.54,411.0226745605469,640,480,inferred_missing_left,-0.3744917392730713,0.6,259,320.0,0.0,400.3252868652344,200.1626434326172,400.3252868652344,411.0226745605469,1,,,"[[368, 434]]",
2214,train,25茂华,44,E:\桌面\v-Net\dataset\26合并\25茂华\2\2 (17)\44_1.4800.jpg,1.48,0.54,411.0226745605469,640,480,inferred_missing_left,-0.29202914237976074,0.6,259,320.0,21.039337158203125,432.06201171875,226.55067443847656,411.0226745605469,411.0226745605469,1,,,"[[397, 468]]",
2215,train,25茂华,44,E:\桌面\v-Net\dataset\26合并\25茂华\2\2 (18)\44_1.4800.jpg,1.48,0.54,411.0226745605469,640,480,inferred_missing_left,-0.2906604290008545,0.6,259,320.0,21.477325439453125,432.5,226.98866271972656,411.0226745605469,411.0226745605469,1,,,"[[396, 469]]",
2216,train,25茂华,44,E:\桌面\v-Net\dataset\26合并\25茂华\2\2 (2)\44_1.4700.jpg,1.47,0.54,411.0226745605469,640,480,inferred_missing_left,-0.2639135837554932,0.6,259,320.0,30.03631591796875,441.0589904785156,235.5476531982422,411.0226745605469,411.0226745605469,1,,,"[[403, 480]]",
2217,train,25茂华,44,E:\桌面\v-Net\dataset\26合并\25茂华\2\2 (4)\44_1.4700.jpg,1.47,0.54,411.0226745605469,640,480,inferred_missing_left,-0.32381424903869627,0.6,259,320.0,10.86810302734375,421.8907775878906,216.3794403076172,411.0226745605469,411.0226745605469,1,,,"[[384, 461]]",
2218,train,25茂华,44,E:\桌面\v-Net\dataset\26合并\25茂华\2\2 (5)\44_1.4700.jpg,1.47,0.54,411.0226745605469,640,480,inferred_missing_left,-0.29204545021057127,0.6,259,320.0,21.03411865234375,432.0567932128906,226.5454559326172,411.0226745605469,411.0226745605469,1,,,"[[395, 470]]",
2219,train,25茂华,44,E:\桌面\v-Net\dataset\26合并\25茂华\2\2 (6)\44_1.4700.jpg,1.47,0.54,411.0226745605469,640,480,inferred_missing_left,-0.31211352348327637,0.6,259,320.0,14.612335205078125,425.635009765625,220.12367248535156,411.0226745605469,411.0226745605469,1,,,"[[388, 464]]",
2220,train,25茂华,44,E:\桌面\v-Net\dataset\26合并\25茂华\2\2 (7)\44_1.4700.jpg,1.47,0.54,411.0226745605469,640,480,inferred_missing_left,-0.3506105899810791,0.6,259,320.0,2.29327392578125,413.3159484863281,207.8046112060547,411.0226745605469,411.0226745605469,1,,,"[[374, 453]]",
2221,train,25茂华,44,E:\桌面\v-Net\dataset\26合并\25茂华\2\2 (8)\44_1.4700.jpg,1.47,0.54,411.0226745605469,640,480,inferred_missing_left,-0.3835601329803467,0.6,259,320.0,0.0,394.5215148925781,197.26075744628906,394.5215148925781,411.0226745605469,1,,,"[[357, 433]]",
2222,train,25茂华,45,E:\桌面\v-Net\dataset\26合并\25茂华\2\2 (10)\45_1.4700.jpg,1.47,0.54,411.0226745605469,640,480,inferred_missing_left,-0.2472520351409912,0.6,259,320.0,35.368011474609375,446.39068603515625,240.8793487548828,411.0226745605469,411.0226745605469,1,,,"[[411, 483]]",
2223,train,25茂华,45,E:\桌面\v-Net\dataset\26合并\25茂华\2\2 (12)\45_1.4700.jpg,1.47,0.54,411.0226745605469,640,480,inferred_missing_left,-0.29811930656433105,0.6,259,320.0,19.090484619140625,430.1131591796875,224.60182189941406,411.0226745605469,411.0226745605469,1,,,"[[397, 464]]",
2224,train,25茂华,45,E:\桌面\v-Net\dataset\26合并\25茂华\2\2 (13)\45_1.4800.jpg,1.48,0.54,411.0226745605469,640,480,inferred_missing_left,-0.2848320484161377,0.6,259,320.0,23.3424072265625,434.3650817871094,228.85374450683594,411.0226745605469,411.0226745605469,1,,,"[[402, 468]]",
2225,train,25茂华,45,E:\桌面\v-Net\dataset\26合并\25茂华\2\2 (14)\45_1.4800.jpg,1.48,0.54,411.0226745605469,640,480,ok,-0.30732946544885636,1.0,259,320.0,4.719298362731934,438.58984375,221.65457105636597,433.87054538726807,,2,"[0, 12]","[406, 472]","[[0, 12], [406, 472]]",
2226,train,25茂华,45,E:\桌面\v-Net\dataset\26合并\25茂华\2\2 (18)\45_1.4800.jpg,1.48,0.54,411.0226745605469,640,480,ok,-0.2950359478592873,1.0,259,320.0,8.189597129821777,442.9873962402344,225.58849668502808,434.7977991104126,,2,"[0, 19]","[410, 477]","[[0, 19], [410, 477]]",
2227,train,25茂华,45,E:\桌面\v-Net\dataset\26合并\25茂华\2\2 (2)\45_1.4700.jpg,1.47,0.54,411.0226745605469,640,480,ok,-0.28895905017852785,1.0,259,320.0,5.2550506591796875,449.8111572265625,227.5331039428711,444.5561065673828,,2,"[0, 12]","[416, 485]","[[0, 12], [416, 485]]",
2228,train,25茂华,45,E:\桌面\v-Net\dataset\26合并\25茂华\2\2 (3)\45_1.4700.jpg,1.47,0.54,411.0226745605469,640,480,inferred_missing_left,-0.2838318347930908,0.6,259,320.0,23.6624755859375,434.6851501464844,229.17381286621094,411.0226745605469,411.0226745605469,1,,,"[[399, 471]]",
2229,train,25茂华,45,E:\桌面\v-Net\dataset\26合并\25茂华\2\2 (5)\45_1.4700.jpg,1.47,0.54,411.0226745605469,640,480,ok,-0.2861561387777328,1.0,259,320.0,10.748071670532227,446.11199951171875,228.4300355911255,435.3639278411865,,2,"[0, 24]","[414, 479]","[[0, 24], [414, 479]]",
2230,train,25茂华,45,E:\桌面\v-Net\dataset\26合并\25茂华\2\2 (7)\45_1.4700.jpg,1.47,0.54,411.0226745605469,640,480,inferred_missing_left,-0.34229416847229005,0.6,259,320.0,4.95452880859375,415.9772033691406,210.4658660888672,411.0226745605469,411.0226745605469,1,,,"[[380, 453]]",
2231,train,25茂华,45,E:\桌面\v-Net\dataset\26合并\25茂华\2\2 (8)\45_1.4700.jpg,1.47,0.54,411.0226745605469,640,480,inferred_missing_left,-0.37374424934387207,0.6,259,320.0,0.0,400.8036804199219,200.40184020996094,400.8036804199219,411.0226745605469,1,,,"[[367, 436]]",
2232,train,25茂华,45,E:\桌面\v-Net\dataset\26合并\25茂华\2\2\45_1.4700.jpg,1.47,0.54,411.0226745605469,640,480,inferred_missing_left,-0.3500833034515381,0.6,259,320.0,2.462005615234375,413.48468017578125,207.9733428955078,411.0226745605469,411.0226745605469,1,,,"[[379, 449]]",
2233,train,25茂华,46,E:\桌面\v-Net\dataset\26合并\25茂华\2\2 (12)\46_1.4700.jpg,1.47,0.54,411.0226745605469,640,480,ok,-0.28797104954719543,1.0,259,320.0,11.772136688232422,443.9263916015625,227.84926414489746,432.1542549133301,,2,"[0, 27]","[413, 476]","[[0, 27], [413, 476]]",
2234,train,25茂华,46,E:\桌面\v-Net\dataset\26合并\25茂华\2\2 (13)\46_1.4800.jpg,1.48,0.54,411.0226745605469,640,480,ok,-0.2723551571369171,1.0,259,320.0,17.130718231201172,448.5619812011719,232.84634971618652,431.4312629699707,,3,"[0, 38]","[418, 480]","[[0, 38], [418, 480], [625, 639]]",
2235,train,25茂华,46,E:\桌面\v-Net\dataset\26合并\25茂华\2\2 (14)\46_1.4800.jpg,1.48,0.54,411.0226745605469,640,480,ok,-0.25372193157672884,1.0,259,320.0,22.00703239440918,455.6109313964844,238.80898189544678,433.6038990020752,,2,"[0, 46]","[425, 487]","[[0, 46], [425, 487]]",
2236,train,25茂华,46,E:\桌面\v-Net\dataset\26合并\25茂华\2\2 (15)\46_1.4800.jpg,1.48,0.54,411.0226745605469,640,480,ok,-0.3024435266852379,1.0,259,320.0,13.055314064025879,433.3808288574219,223.21807146072388,420.325514793396,,3,"[0, 31]","[405, 463]","[[0, 31], [405, 463], [570, 639]]",
2237,train,25茂华,46,E:\桌面\v-Net\dataset\26合并\25茂华\2\2 (16)\46_1.4800.jpg,1.48,0.54,411.0226745605469,640,480,inferred_missing_left,-0.3197680950164795,0.6,259,320.0,12.162872314453125,423.185546875,217.67420959472656,411.0226745605469,411.0226745605469,1,,,"[[392, 455]]",
2238,train,25茂华,46,E:\桌面\v-Net\dataset\26合并\25茂华\2\2 (17)\46_1.4800.jpg,1.48,0.54,411.0226745605469,640,480,ok,-0.26321758329868317,1.0,259,320.0,19.298376083374023,452.24237060546875,235.7703733444214,432.9439945220947,,2,"[0, 42]","[422, 484]","[[0, 42], [422, 484]]",
2239,train,25茂华,46,E:\桌面\v-Net\dataset\26合并\25茂华\2\2 (18)\46_1.4800.jpg,1.48,0.54,411.0226745605469,640,480,ok,-0.24178433120250703,1.0,259,320.0,25.352663040161133,459.9053649902344,242.62901401519775,434.55270195007324,,2,"[0, 50]","[429, 492]","[[0, 50], [429, 492]]",
2240,train,25茂华,46,E:\桌面\v-Net\dataset\26合并\25茂华\2\2 (2)\46_1.4700.jpg,1.47,0.54,411.0226745605469,640,480,ok,-0.24012293815612792,1.0,259,320.0,22.9163818359375,463.4049377441406,243.16065979003906,440.4885559082031,,2,"[0, 47]","[432, 496]","[[0, 47], [432, 496]]",
2241,train,25茂华,46,E:\桌面\v-Net\dataset\26合并\25茂华\2\2 (4)\46_1.4700.jpg,1.47,0.54,411.0226745605469,640,480,ok,-0.308651003241539,1.0,259,320.0,4.929178237915039,437.5341796875,221.23167896270752,432.60500144958496,,2,"[0, 13]","[406, 471]","[[0, 13], [406, 471]]",
2242,train,25茂华,46,E:\桌面\v-Net\dataset\26合并\25茂华\2\2 (6)\46_1.4700.jpg,1.47,0.54,411.0226745605469,640,480,ok,-0.28463260382413863,1.0,259,320.0,12.41722583770752,445.41790771484375,228.91756677627563,433.00068187713623,,2,"[0, 28]","[414, 478]","[[0, 28], [414, 478]]",
2243,train,25茂华,46,E:\桌面\v-Net\dataset\26合并\25茂华\2\2 (7)\46_1.4700.jpg,1.47,0.54,411.0226745605469,640,480,inferred_missing_left,-0.32395215034484864,0.6,259,320.0,10.823974609375,421.8466491699219,216.33531188964844,411.0226745605469,411.0226745605469,1,,,"[[389, 456]]",
2244,train,25茂华,47,E:\桌面\v-Net\dataset\26合并\25茂华\2\2 (10)\47_1.4700.jpg,1.47,0.54,411.0226745605469,640,480,ok,-0.22422879338264465,1.0,259,320.0,29.167339324951172,467.32623291015625,248.2467861175537,438.1588935852051,,2,"[3, 54]","[437, 499]","[[3, 54], [437, 499]]",
2245,train,25茂华,47,E:\桌面\v-Net\dataset\26合并\25茂华\2\2 (11)\47_0.0000.jpg,0.0,0.54,411.0226745605469,640,480,ok,-0.17379482984542846,1.0,259,320.0,54.351295471191406,474.4200134277344,264.3856544494629,420.06871795654297,,3,"[28, 79]","[446, 504]","[[28, 79], [446, 504], [567, 639]]",
2246,train,25茂华,47,E:\桌面\v-Net\dataset\26合并\25茂华\2\2 (12)\47_0.0000.jpg,0.0,0.54,411.0226745605469,640,480,ok,-0.22044856548309327,1.0,259,320.0,36.36979675292969,462.5431213378906,249.45645904541016,426.17332458496094,,3,"[11, 61]","[433, 493]","[[11, 61], [433, 493], [589, 639]]",
2247,train,25茂华,47,E:\桌面\v-Net\dataset\26合并\25茂华\2\2 (16)\47_1.4800.jpg,1.48,0.54,411.0226745605469,640,480,ok,-0.28905404210090635,1.0,259,320.0,14.193675994873047,440.8117370605469,227.50270652770996,426.6180610656738,,2,"[0, 32]","[411, 471]","[[0, 32], [411, 471]]",
2248,train,25茂华,47,E:\桌面\v-Net\dataset\26合并\25茂华\2\2 (18)\47_0.0000.jpg,0.0,0.54,411.0226745605469,640,480,ok,-0.1592364192008972,1.0,259,320.0,57.80908966064453,480.27960205078125,269.0443458557129,422.4705123901367,,3,"[32, 82]","[451, 510]","[[32, 82], [451, 510], [591, 639]]",
2249,train,25茂华,47,E:\桌面\v-Net\dataset\26合并\25茂华\2\2 (2)\47_1.4700.jpg,1.47,0.54,411.0226745605469,640,480,ok,-0.15480517148971557,1.0,259,320.0,56.98102569580078,483.94366455078125,270.462345123291,426.96263885498047,,2,"[32, 81]","[454, 515]","[[32, 81], [454, 515]]",
2250,train,25茂华,47,E:\桌面\v-Net\dataset\26合并\25茂华\2\2 (3)\47_1.4700.jpg,1.47,0.54,411.0226745605469,640,480,ok,-0.2276050329208374,1.0,259,320.0,31.123550415039062,463.209228515625,247.16638946533203,432.08567810058594,,2,"[5, 56]","[432, 495]","[[5, 56], [432, 495]]",
2251,train,25茂华,47,E:\桌面\v-Net\dataset\26合并\25茂华\2\2 (4)\47_1.4700.jpg,1.47,0.54,411.0226745605469,640,480,ok,-0.2599943965673447,1.0,259,320.0,21.117990493774414,452.485595703125,236.8017930984497,431.3676052093506,,2,"[0, 45]","[422, 484]","[[0, 45], [422, 484]]",
2252,train,25茂华,47,E:\桌面\v-Net\dataset\26合并\25茂华\2\2 (5)\47_0.0000.jpg,0.0,0.54,411.0226745605469,640,480,ok,-0.1683380663394928,1.0,259,320.0,55.35714340209961,476.906494140625,266.1318187713623,421.5493507385254,,3,"[30, 79]","[448, 507]","[[30, 79], [448, 507], [585, 639]]",
2253,train,25茂华,47,E:\桌面\v-Net\dataset\26合并\25茂华\2\2 (6)\47_1.4700.jpg,1.47,0.54,411.0226745605469,640,480,ok,-0.2130922794342041,1.0,259,320.0,38.437103271484375,465.183837890625,251.8104705810547,426.7467346191406,,2,"[13, 63]","[435, 496]","[[13, 63], [435, 496]]",
2254,train,25茂华,47,E:\桌面\v-Net\dataset\26合并\25茂华\2\2 (7)\47_1.4700.jpg,1.47,0.54,411.0226745605469,640,480,ok,-0.3022219970822334,1.0,259,320.0,9.94092845916748,436.6369934082031,223.2889609336853,426.69606494903564,,2,"[0, 23]","[407, 468]","[[0, 23], [407, 468]]",
2255,train,25茂华,47,E:\桌面\v-Net\dataset\26合并\25茂华\2\2 (8)\47_1.4700.jpg,1.47,0.54,411.0226745605469,640,480,ok,-0.3204495333135128,1.0,259,320.0,7.818853855133057,427.09344482421875,217.4561493396759,419.2745909690857,,2,"[0, 20]","[398, 457]","[[0, 20], [398, 457]]",
2256,train,25茂华,47,E:\桌面\v-Net\dataset\26合并\25茂华\2\2 (9)\47_1.4700.jpg,1.47,0.54,411.0226745605469,640,480,ok,-0.18348336219787598,1.0,259,320.0,45.821868896484375,476.748779296875,261.2853240966797,430.9269104003906,,2,"[20, 70]","[447, 508]","[[20, 70], [447, 508]]",
2257,train,25茂华,48,E:\桌面\v-Net\dataset\26合并\25茂华\2\2 (13)\48_0.0000.jpg,0.0,0.54,411.0226745605469,640,480,ok,-0.10297231674194336,1.0,259,320.0,80.34201049804688,493.7557067871094,287.0488586425781,413.4136962890625,,3,"[55, 105]","[466, 522]","[[55, 105], [466, 522], [541, 633]]",
2258,train,25茂华,48,E:\桌面\v-Net\dataset\26合并\25茂华\2\2 (14)\48_0.0000.jpg,0.0,0.54,411.0226745605469,640,480,ok,-0.06855857372283936,1.0,259,320.0,91.81877136230469,504.3037414550781,298.0612564086914,412.48497009277344,,3,"[66, 117]","[477, 533]","[[66, 117], [477, 533], [563, 639]]",
2259,train,25茂华,48,E:\桌面\v-Net\dataset\26合并\25茂华\2\2 (17)\48_0.0000.jpg,0.0,0.54,411.0226745605469,640,480,ok,-0.0952147364616394,1.0,259,320.0,83.0889663696289,495.9736022949219,289.5312843322754,412.88463592529297,,3,"[57, 108]","[468, 525]","[[57, 108], [468, 525], [548, 639]]",
2260,train,25茂华,48,E:\桌面\v-Net\dataset\26合并\25茂华\2\2 (18)\48_0.0000.jpg,0.0,0.54,411.0226745605469,640,480,ok,-0.06960868835449219,1.0,259,320.0,90.72494506835938,504.7254943847656,297.7252197265625,414.00054931640625,,3,"[65, 116]","[477, 533]","[[65, 116], [477, 533], [561, 639]]",
2261,train,25茂华,48,E:\桌面\v-Net\dataset\26合并\25茂华\2\2 (2)\48_0.0000.jpg,0.0,0.54,411.0226745605469,640,480,ok,-0.06456576585769654,1.0,259,320.0,90.80599212646484,507.8719177246094,299.3389549255371,417.06592559814453,,3,"[65, 115]","[480, 537]","[[65, 115], [480, 537], [615, 639]]",
2262,train,25茂华,48,E:\桌面\v-Net\dataset\26合并\25茂华\2\2 (3)\48_0.0000.jpg,0.0,0.54,411.0226745605469,640,480,ok,-0.14044162034988403,1.0,259,320.0,64.90422821044922,485.213134765625,275.0586814880371,420.3089065551758,,3,"[40, 89]","[456, 515]","[[40, 89], [456, 515], [620, 639]]",
2263,train,25茂华,48,E:\桌面\v-Net\dataset\26合并\25茂华\2\2 (4)\48_0.0000.jpg,0.0,0.54,411.0226745605469,640,480,ok,-0.1758629560470581,1.0,259,320.0,54.18687438964844,473.2608337402344,263.7238540649414,419.07395935058594,,3,"[29, 79]","[445, 503]","[[29, 79], [445, 503], [593, 639]]",
2264,train,25茂华,48,E:\桌面\v-Net\dataset\26合并\25茂华\2\2 (5)\48_0.0000.jpg,0.0,0.54,411.0226745605469,640,480,ok,-0.07810590267181397,1.0,259,320.0,88.39164733886719,501.6205749511719,295.00611114501953,413.2289276123047,,3,"[63, 113]","[473, 531]","[[63, 113], [473, 531], [553, 639]]",
2265,train,25茂华,48,E:\桌面\v-Net\dataset\26合并\25茂华\2\2 (6)\48_0.0000.jpg,0.0,0.54,411.0226745605469,640,480,ok,-0.12139248847961426,1.0,259,320.0,72.86334228515625,489.4454650878906,281.15440368652344,416.5821228027344,,3,"[48, 97]","[461, 519]","[[48, 97], [461, 519], [591, 639]]",
2266,train,25茂华,48,E:\桌面\v-Net\dataset\26合并\25茂华\2\2 (7)\48_0.0000.jpg,0.0,0.54,411.0226745605469,640,480,ok,-0.2373893827199936,1.0,259,320.0,31.863061904907227,456.2077331542969,244.03539752960205,424.34467124938965,,3,"[6, 56]","[427, 486]","[[6, 56], [427, 486], [607, 639]]",
2267,train,25茂华,48,E:\桌面\v-Net\dataset\26合并\25茂华\2\2 (8)\48_0.0000.jpg,0.0,0.54,411.0226745605469,640,480,ok,-0.2513632416725159,1.0,259,320.0,28.184898376464844,450.942626953125,239.56376266479492,422.75772857666016,,3,"[0, 54]","[423, 480]","[[0, 54], [423, 480], [589, 639]]",
2268,train,25茂华,48,E:\桌面\v-Net\dataset\26合并\25茂华\2\2 (9)\48_0.0000.jpg,0.0,0.54,411.0226745605469,640,480,ok,-0.09509159326553344,1.0,259,320.0,79.44109344482422,499.7002868652344,289.5706901550293,420.25919342041016,,3,"[54, 103]","[471, 529]","[[54, 103], [471, 529], [615, 639]]",
2269,train,25茂华,48,E:\桌面\v-Net\dataset\26合并\25茂华\2\2\48_0.0000.jpg,0.0,0.54,411.0226745605469,640,480,ok,-0.20315061211586,1.0,259,320.0,45.869197845458984,464.1144104003906,254.9918041229248,418.24521255493164,,3,"[20, 71]","[435, 494]","[[20, 71], [435, 494], [591, 639]]",
2270,train,25茂华,49,E:\桌面\v-Net\dataset\26合并\25茂华\2\2 (11)\49_0.0000.jpg,0.0,0.54,411.0226745605469,640,480,ok,0.008958137035369873,1.0,259,320.0,102.49266815185547,543.2405395507812,322.86660385131836,440.7478713989258,,2,"[76, 128]","[487, 612]","[[76, 128], [487, 612]]",
2271,train,25茂华,49,E:\桌面\v-Net\dataset\26合并\25茂华\2\2 (12)\49_0.0000.jpg,0.0,0.54,411.0226745605469,640,480,ok,-0.09726974964141846,1.0,259,320.0,81.88029479980469,495.8670654296875,288.8736801147461,413.9867706298828,,3,"[56, 106]","[469, 525]","[[56, 106], [469, 525], [532, 623]]",
2272,train,25茂华,49,E:\桌面\v-Net\dataset\26合并\25茂华\2\2 (13)\49_0.0000.jpg,0.0,0.54,411.0226745605469,640,480,ok,0.04993363618850708,1.0,259,320.0,117.33881378173828,554.6187133789062,335.97876358032227,437.27989959716797,,2,"[91, 143]","[499, 622]","[[91, 143], [499, 622]]",
2273,train,25茂华,49,E:\桌面\v-Net\dataset\26合并\25茂华\2\2 (16)\49_0.0000.jpg,0.0,0.54,411.0226745605469,640,480,ok,-0.11268774271011353,1.0,259,320.0,76.85417938232422,491.0256652832031,283.9399223327637,414.1714859008789,,3,"[50, 103]","[464, 519]","[[50, 103], [464, 519], [560, 639]]",
2274,train,25茂华,49,E:\桌面\v-Net\dataset\26合并\25茂华\2\2 (17)\49_0.0000.jpg,0.0,0.54,411.0226745605469,640,480,ok,0.000499117374420166,1.0,259,320.0,92.82730865478516,547.4921264648438,320.15971755981445,454.6648178100586,,2,"[67, 118]","[480, 627]","[[67, 118], [480, 627]]",
2275,train,25茂华,49,E:\桌面\v-Net\dataset\26合并\25茂华\2\2 (2)\49_0.0000.jpg,0.0,0.54,411.0226745605469,640,480,ok,0.036891591548919675,1.0,259,320.0,127.08272552490234,536.5278930664062,331.8053092956543,409.4451675415039,,3,"[102, 151]","[509, 565]","[[102, 151], [509, 565], [588, 639]]",
2276,train,25茂华,49,E:\桌面\v-Net\dataset\26合并\25茂华\2\2 (3)\49_0.0000.jpg,0.0,0.54,411.0226745605469,640,480,ok,-0.048036742210388186,1.0,259,320.0,98.18891906738281,511.06756591796875,304.6282424926758,412.87864685058594,,3,"[72, 123]","[483, 540]","[[72, 123], [483, 540], [592, 639]]",
2277,train,25茂华,49,E:\桌面\v-Net\dataset\26合并\25茂华\2\2 (6)\49_0.0000.jpg,0.0,0.54,411.0226745605469,640,480,ok,-0.018667662143707277,1.0,259,320.0,108.9352035522461,519.1174926757812,314.0263481140137,410.18228912353516,,3,"[83, 134]","[492, 547]","[[83, 134], [492, 547], [569, 639]]",
2278,train,25茂华,49,E:\桌面\v-Net\dataset\26合并\25茂华\2\2 (7)\49_0.0000.jpg,0.0,0.54,411.0226745605469,640,480,ok,-0.1435178279876709,1.0,259,320.0,65.55789184570312,482.5906982421875,274.0742950439453,417.0328063964844,,3,"[39, 91]","[455, 511]","[[39, 91], [455, 511], [570, 639]]",
2279,train,25茂华,49,E:\桌面\v-Net\dataset\26合并\25茂华\2\2 (9)\49_0.0000.jpg,0.0,0.54,411.0226745605469,640,480,ok,0.002722179889678955,1.0,259,320.0,114.10968780517578,527.6325073242188,320.87109756469727,413.52281951904297,,3,"[88, 139]","[499, 557]","[[88, 139], [499, 557], [589, 639]]",
2280,train,25茂华,49,E:\桌面\v-Net\dataset\26合并\25茂华\2\2\49_0.0000.jpg,0.0,0.54,411.0226745605469,640,480,ok,-0.1091460108757019,1.0,259,320.0,79.11319732666016,491.0333557128906,285.0732765197754,411.92015838623047,,3,"[53, 104]","[464, 519]","[[53, 104], [464, 519], [566, 639]]",
2281,train,25茂华,50,E:\桌面\v-Net\dataset\26合并\25茂华\2\2 (11)\50_0.0000.jpg,0.0,0.54,411.0226745605469,640,480,ok,-0.007289040088653565,1.0,259,320.0,101.25255584716797,534.0824584960938,317.66750717163086,432.8299026489258,,2,"[75, 127]","[488, 587]","[[75, 127], [488, 587]]",
2282,train,25茂华,50,E:\桌面\v-Net\dataset\26合并\25茂华\2\2 (13)\50_0.0000.jpg,0.0,0.54,411.0226745605469,640,480,ok,0.07782211303710937,1.0,259,320.0,130.223876953125,559.582275390625,344.903076171875,429.3583984375,,2,"[104, 155]","[516, 610]","[[104, 155], [516, 610]]",
2283,train,25茂华,50,E:\桌面\v-Net\dataset\26合并\25茂华\2\2 (14)\50_0.0000.jpg,0.0,0.54,411.0226745605469,640,480,ok,0.011564815044403076,1.0,259,320.0,104.43273162841797,542.96875,323.700740814209,438.53601837158203,,2,"[79, 129]","[490, 607]","[[79, 129], [490, 607]]",
2284,train,25茂华,50,E:\桌面\v-Net\dataset\26合并\25茂华\2\2 (15)\50_0.0000.jpg,0.0,0.54,411.0226745605469,640,480,ok,-0.049151504039764406,1.0,259,320.0,87.27973175048828,521.2633056640625,304.2715187072754,433.9835739135742,,2,"[61, 113]","[478, 572]","[[61, 113], [478, 572]]",
2285,train,25茂华,50,E:\桌面\v-Net\dataset\26合并\25茂华\2\2 (16)\50_0.0000.jpg,0.0,0.54,411.0226745605469,640,480,ok,-0.08362411260604859,1.0,259,320.0,87.06586456298828,499.4147033691406,293.24028396606445,412.34883880615234,,3,"[61, 112]","[473, 526]","[[61, 112], [473, 526], [537, 625]]",
2286,train,25茂华,50,E:\桌面\v-Net\dataset\26合并\25茂华\2\2 (17)\50_0.0000.jpg,0.0,0.54,411.0226745605469,640,480,ok,-0.03325397968292236,1.0,259,320.0,90.19926452636719,528.5181884765625,309.35872650146484,438.3189239501953,,2,"[64, 115]","[478, 589]","[[64, 115], [478, 589]]",
2287,train,25茂华,50,E:\桌面\v-Net\dataset\26合并\25茂华\2\2 (2)\50_0.0000.jpg,0.0,0.54,411.0226745605469,640,480,ok,0.12104179859161376,1.0,259,320.0,137.6845245361328,579.7822265625,358.7333755493164,442.0977020263672,,2,"[112, 162]","[521, 639]","[[112, 162], [521, 639]]",
2288,train,25茂华,50,E:\桌面\v-Net\dataset\26合并\25茂华\2\2 (3)\50_0.0000.jpg,0.0,0.54,411.0226745605469,640,480,ok,-0.016422224044799805,1.0,259,320.0,108.91390991210938,520.5758666992188,314.74488830566406,411.6619567871094,,3,"[83, 134]","[494, 549]","[[83, 134], [494, 549], [564, 639]]",
2289,train,25茂华,50,E:\桌面\v-Net\dataset\26合并\25茂华\2\2 (5)\50_0.0000.jpg,0.0,0.54,411.0226745605469,640,480,ok,-0.03355478048324585,1.0,259,320.0,90.5167007446289,528.0082397460938,309.2624702453613,437.49153900146484,,2,"[65, 115]","[477, 589]","[[65, 115], [477, 589]]",
2290,train,25茂华,50,E:\桌面\v-Net\dataset\26合并\25茂华\2\2 (7)\50_0.0000.jpg,0.0,0.54,411.0226745605469,640,480,ok,-0.1068801999092102,1.0,259,320.0,79.20830535888672,492.38836669921875,285.79833602905273,413.18006134033203,,3,"[53, 104]","[465, 520]","[[53, 104], [465, 520], [542, 633]]",
2291,train,25茂华,50,E:\桌面\v-Net\dataset\26合并\25茂华\2\2 (8)\50_0.0000.jpg,0.0,0.54,411.0226745605469,640,480,ok,-0.11491137742996216,1.0,259,320.0,76.46627044677734,489.9904479980469,283.2283592224121,413.52417755126953,,3,"[50, 102]","[464, 517]","[[50, 102], [464, 517], [536, 623]]",
2292,train,25茂华,50,E:\桌面\v-Net\dataset\26合并\25茂华\2\2 (9)\50_0.0000.jpg,0.0,0.54,411.0226745605469,640,480,ok,0.09826358556747436,1.0,259,320.0,127.03865814208984,575.8500366210938,351.4443473815918,448.8113784790039,,2,"[102, 151]","[512, 639]","[[102, 151], [512, 639]]",
2293,train,25茂华,50,E:\桌面\v-Net\dataset\26合并\25茂华\2\2\50_0.0000.jpg,0.0,0.54,411.0226745605469,640,480,ok,-0.08335503339767455,1.0,259,320.0,87.1211929321289,499.5315856933594,293.32638931274414,412.41039276123047,,3,"[61, 112]","[473, 527]","[[61, 112], [473, 527], [542, 631]]",
2294,train,25茂华,51,E:\桌面\v-Net\dataset\26合并\25茂华\2\2 (11)\51_0.0000.jpg,0.0,0.54,411.0226745605469,640,480,ok,-0.020139241218566896,1.0,259,320.0,100.07933044433594,527.0315551757812,313.5554428100586,426.9522247314453,,2,"[73, 126]","[488, 571]","[[73, 126], [488, 571]]",
2295,train,25茂华,51,E:\桌面\v-Net\dataset\26合并\25茂华\2\2 (12)\51_0.0000.jpg,0.0,0.54,411.0226745605469,640,480,ok,-0.08380016088485717,1.0,259,320.0,75.4767837524414,510.89111328125,293.1839485168457,435.4143295288086,,2,"[49, 101]","[464, 565]","[[49, 101], [464, 565]]",
2296,train,25茂华,51,E:\桌面\v-Net\dataset\26合并\25茂华\2\2 (15)\51_0.0000.jpg,0.0,0.54,411.0226745605469,640,480,ok,-0.06022012233734131,1.0,259,320.0,86.35646057128906,515.1026611328125,300.7295608520508,428.74620056152344,,2,"[59, 112]","[479, 557]","[[59, 112], [479, 557]]",
2297,train,25茂华,51,E:\桌面\v-Net\dataset\26合并\25茂华\2\2 (16)\51_0.0000.jpg,0.0,0.54,411.0226745605469,640,480,ok,-0.04097373485565185,1.0,259,320.0,85.53303527832031,528.2437744140625,306.8884048461914,442.7107391357422,,2,"[59, 111]","[472, 597]","[[59, 111], [472, 597]]",
2298,train,25茂华,51,E:\桌面\v-Net\dataset\26合并\25茂华\2\2 (17)\51_0.0000.jpg,0.0,0.54,411.0226745605469,640,480,ok,-0.05307891368865967,1.0,259,320.0,87.28315734863281,518.746337890625,303.0147476196289,431.4631805419922,,2,"[61, 112]","[476, 568]","[[61, 112], [476, 568]]",
2299,train,25茂华,51,E:\桌面\v-Net\dataset\26合并\25茂华\2\2 (18)\51_0.0000.jpg,0.0,0.54,411.0226745605469,640,480,ok,-0.03536403179168701,1.0,259,320.0,93.04219055175781,524.3248291015625,308.68350982666016,431.2826385498047,,2,"[67, 118]","[480, 575]","[[67, 118], [480, 575]]",
2300,train,25茂华,51,E:\桌面\v-Net\dataset\26合并\25茂华\2\2 (2)\51_0.0000.jpg,0.0,0.54,411.0226745605469,640,480,ok,0.11106491088867188,1.0,259,320.0,138.53204345703125,572.5494995117188,355.540771484375,434.0174560546875,,2,"[113, 163]","[522, 632]","[[113, 163], [522, 632]]",
2301,train,25茂华,51,E:\桌面\v-Net\dataset\26合并\25茂华\2\2 (3)\51_0.0000.jpg,0.0,0.54,411.0226745605469,640,480,ok,0.03733761310577392,1.0,259,320.0,108.06825256347656,555.8278198242188,331.94803619384766,447.7595672607422,,2,"[82, 133]","[493, 632]","[[82, 133], [493, 632]]",
2302,train,25茂华,51,E:\桌面\v-Net\dataset\26合并\25茂华\2\2 (5)\51_0.0000.jpg,0.0,0.54,411.0226745605469,640,480,ok,-0.05723371505737305,1.0,259,320.0,85.93377685546875,517.4366455078125,301.6852111816406,431.50286865234375,,2,"[60, 111]","[474, 567]","[[60, 111], [474, 567]]",
2303,train,25茂华,51,E:\桌面\v-Net\dataset\26合并\25茂华\2\2 (6)\51_0.0000.jpg,0.0,0.54,411.0226745605469,640,480,ok,0.06087774038314819,1.0,259,320.0,123.26900482177734,555.6927490234375,339.4808769226074,432.42374420166016,,2,"[97, 148]","[507, 613]","[[97, 148], [507, 613]]",
2304,train,25茂华,51,E:\桌面\v-Net\dataset\26合并\25茂华\2\2 (8)\51_0.0000.jpg,0.0,0.54,411.0226745605469,640,480,ok,-0.060465335845947266,1.0,259,320.0,75.42376708984375,525.87841796875,300.6510925292969,450.45465087890625,,2,"[49, 101]","[464, 601]","[[49, 101], [464, 601]]",
2305,train,25茂华,51,E:\桌面\v-Net\dataset\26合并\25茂华\2\2 (9)\51_0.0000.jpg,0.0,0.54,411.0226745605469,640,480,ok,0.08245642185211181,1.0,259,320.0,127.21998596191406,565.5521240234375,346.3860549926758,438.33213806152344,,2,"[102, 151]","[512, 631]","[[102, 151], [512, 631]]",
2306,train,25茂华,52,E:\桌面\v-Net\dataset\26合并\25茂华\2\2 (11)\52_0.0000.jpg,0.0,0.54,411.0226745605469,640,480,ok,-0.03038654327392578,1.0,259,320.0,98.95709228515625,521.5955200195312,310.27630615234375,422.638427734375,,2,"[72, 125]","[488, 559]","[[72, 125], [488, 559]]",
2307,train,25茂华,52,E:\桌面\v-Net\dataset\26合并\25茂华\2\2 (12)\52_0.0000.jpg,0.0,0.54,411.0226745605469,640,480,ok,-0.10444337129592896,1.0,259,320.0,71.64974212646484,501.5065002441406,286.57812118530273,429.8567581176758,,2,"[46, 96]","[463, 547]","[[46, 96], [463, 547]]",
2308,train,25茂华,52,E:\桌面\v-Net\dataset\26合并\25茂华\2\2 (13)\52_0.0000.jpg,0.0,0.54,411.0226745605469,640,480,ok,0.07216801643371581,1.0,259,320.0,132.45394897460938,553.7335815429688,343.09376525878906,421.2796325683594,,2,"[106, 158]","[521, 590]","[[106, 158], [521, 590]]",
2309,train,25茂华,52,E:\桌面\v-Net\dataset\26合并\25茂华\2\2 (16)\52_0.0000.jpg,0.0,0.54,411.0226745605469,640,480,ok,-0.05981291532516479,1.0,259,320.0,83.85077667236328,517.8689575195312,300.85986709594727,434.01818084716797,,2,"[57, 110]","[472, 571]","[[57, 110], [472, 571]]",
2310,train,25茂华,52,E:\桌面\v-Net\dataset\26合并\25茂华\2\2 (18)\52_0.0000.jpg,0.0,0.54,411.0226745605469,640,480,ok,-0.05318982601165771,1.0,259,320.0,89.25148010253906,516.70703125,302.97925567626953,427.45555114746094,,2,"[63, 114]","[480, 559]","[[63, 114], [480, 559]]",
2311,train,25茂华,52,E:\桌面\v-Net\dataset\26合并\25茂华\2\2 (2)\52_0.0000.jpg,0.0,0.54,411.0226745605469,640,480,ok,0.10179147720336915,1.0,259,320.0,137.25,567.8965454101562,352.5732727050781,430.64654541015625,,2,"[112, 162]","[525, 617]","[[112, 162], [525, 617]]",
2312,train,25茂华,52,E:\桌面\v-Net\dataset\26合并\25茂华\2\2 (3)\52_0.0000.jpg,0.0,0.54,411.0226745605469,640,480,ok,0.010773921012878418,1.0,259,320.0,106.20292663574219,540.6923828125,323.4476547241211,434.4894561767578,,2,"[80, 131]","[492, 598]","[[80, 131], [492, 598]]",
2313,train,25茂华,52,E:\桌面\v-Net\dataset\26合并\25茂华\2\2 (4)\52_0.0000.jpg,0.0,0.54,411.0226745605469,640,480,ok,-0.027124810218811034,1.0,259,320.0,94.94444274902344,527.6956787109375,311.32006072998047,432.75123596191406,,2,"[69, 120]","[481, 581]","[[69, 120], [481, 581]]",
2314,train,25茂华,52,E:\桌面\v-Net\dataset\26合并\25茂华\2\2 (5)\52_0.0000.jpg,0.0,0.54,411.0226745605469,640,480,ok,-0.07905480861663819,1.0,259,320.0,82.27931213378906,507.1256103515625,294.7024612426758,424.84629821777344,,2,"[56, 107]","[471, 548]","[[56, 107], [471, 548]]",
2315,train,25茂华,52,E:\桌面\v-Net\dataset\26合并\25茂华\2\2 (6)\52_0.0000.jpg,0.0,0.54,411.0226745605469,640,480,ok,0.052423524856567386,1.0,259,320.0,122.24758911132812,551.303466796875,336.77552795410156,429.0558776855469,,2,"[96, 147]","[510, 599]","[[96, 147], [510, 599]]",
2316,train,25茂华,52,E:\桌面\v-Net\dataset\26合并\25茂华\2\2 (8)\52_0.0000.jpg,0.0,0.54,411.0226745605469,640,480,ok,-0.08794370889663697,1.0,259,320.0,72.9034652709961,510.81256103515625,291.8580131530762,437.90909576416016,,2,"[46, 99]","[463, 568]","[[46, 99], [463, 568]]",
2317,train,25茂华,52,E:\桌面\v-Net\dataset\26合并\25茂华\2\2 (9)\52_0.0000.jpg,0.0,0.54,411.0226745605469,640,480,ok,0.06794854402542114,1.0,259,320.0,126.31684112548828,557.1702270507812,341.74353408813477,430.85338592529297,,2,"[101, 151]","[512, 608]","[[101, 151], [512, 608]]",
2318,train,25茂华,52,E:\桌面\v-Net\dataset\26合并\25茂华\2\2\52_0.0000.jpg,0.0,0.54,411.0226745605469,640,480,ok,-0.059990394115448,1.0,259,320.0,82.46967315673828,519.136474609375,300.80307388305664,436.6668014526367,,2,"[56, 108]","[472, 575]","[[56, 108], [472, 575]]",
2319,train,25茂华,53,E:\桌面\v-Net\dataset\26合并\25茂华\2\2 (11)\53_0.0000.jpg,0.0,0.54,411.0226745605469,640,480,ok,-0.03887054920196533,1.0,259,320.0,96.79795837402344,518.3248901367188,307.5614242553711,421.5269317626953,,2,"[70, 122]","[488, 551]","[[70, 122], [488, 551]]",
2320,train,25茂华,53,E:\桌面\v-Net\dataset\26合并\25茂华\2\2 (13)\53_0.0000.jpg,0.0,0.54,411.0226745605469,640,480,ok,0.07578835487365723,1.0,259,320.0,133.04037475585938,555.4641723632812,344.2522735595703,422.4237976074219,,2,"[107, 159]","[527, 587]","[[107, 159], [527, 587]]",
2321,train,25茂华,53,E:\桌面\v-Net\dataset\26合并\25茂华\2\2 (14)\53_0.0000.jpg,0.0,0.54,411.0226745605469,640,480,ok,-0.028929483890533448,1.0,259,320.0,98.98738861083984,522.4977416992188,310.7425651550293,423.5103530883789,,2,"[73, 124]","[490, 558]","[[73, 124], [490, 558]]",
2322,train,25茂华,53,E:\桌面\v-Net\dataset\26合并\25茂华\2\2 (17)\53_0.0000.jpg,0.0,0.54,411.0226745605469,640,480,ok,-0.08566902875900269,1.0,259,320.0,80.08802032470703,505.08380126953125,292.58591079711914,424.9957809448242,,2,"[54, 105]","[473, 540]","[[54, 105], [473, 540]]",
2323,train,25茂华,53,E:\桌面\v-Net\dataset\26合并\25茂华\2\2 (18)\53_0.0000.jpg,0.0,0.54,411.0226745605469,640,480,ok,-0.06816025972366332,1.0,259,320.0,85.40453338623047,510.972900390625,298.18871688842773,425.56836700439453,,2,"[59, 111]","[479, 547]","[[59, 111], [479, 547]]",
2324,train,25茂华,53,E:\桌面\v-Net\dataset\26合并\25茂华\2\2 (2)\53_0.0000.jpg,0.0,0.54,411.0226745605469,640,480,ok,0.09127402305603027,1.0,259,320.0,137.06118774414062,561.3541870117188,349.2076873779297,424.2929992675781,,2,"[112, 161]","[525, 603]","[[112, 161], [525, 603]]",
2325,train,25茂华,53,E:\桌面\v-Net\dataset\26合并\25茂华\2\2 (3)\53_0.0000.jpg,0.0,0.54,411.0226745605469,640,480,ok,-0.00466078519821167,1.0,259,320.0,104.04138946533203,532.9757080078125,318.50854873657227,428.93431854248047,,2,"[78, 129]","[491, 581]","[[78, 129], [491, 581]]",
2326,train,25茂华,53,E:\桌面\v-Net\dataset\26合并\25茂华\2\2 (4)\53_0.0000.jpg,0.0,0.54,411.0226745605469,640,480,ok,-0.04382998943328857,1.0,259,320.0,91.39747619628906,520.5513305664062,305.97440338134766,429.1538543701172,,2,"[65, 117]","[481, 565]","[[65, 117], [481, 565]]",
2327,train,25茂华,53,E:\桌面\v-Net\dataset\26合并\25茂华\2\2 (5)\53_0.0000.jpg,0.0,0.54,411.0226745605469,640,480,ok,-0.09357795715332032,1.0,259,320.0,78.86557006835938,501.2445373535156,290.0550537109375,422.37896728515625,,2,"[53, 104]","[471, 536]","[[53, 104], [471, 536]]",
2328,train,25茂华,53,E:\桌面\v-Net\dataset\26合并\25茂华\2\2 (6)\53_0.0000.jpg,0.0,0.54,411.0226745605469,640,480,ok,0.04514645338058472,1.0,259,320.0,122.30706024169922,546.586669921875,334.4468650817871,424.2796096801758,,2,"[96, 147]","[512, 587]","[[96, 147], [512, 587]]",
2329,train,25茂华,53,E:\桌面\v-Net\dataset\26合并\25茂华\2\2 (8)\53_0.0000.jpg,0.0,0.54,411.0226745605469,640,480,ok,-0.1046414852142334,1.0,259,320.0,71.265380859375,501.7640686035156,286.5147247314453,430.4986877441406,,2,"[44, 97]","[462, 548]","[[44, 97], [462, 548]]",
2330,train,25茂华,53,E:\桌面\v-Net\dataset\26合并\25茂华\2\2 (9)\53_0.0000.jpg,0.0,0.54,411.0226745605469,640,480,ok,0.05657076835632324,1.0,259,320.0,123.58090209960938,552.6243896484375,338.10264587402344,429.0434875488281,,2,"[97, 149]","[514, 596]","[[97, 149], [514, 596]]",
2331,train,25茂华,53,E:\桌面\v-Net\dataset\26合并\25茂华\2\2\53_0.0000.jpg,0.0,0.54,411.0226745605469,640,480,ok,-0.07402583360671997,1.0,259,320.0,81.54735565185547,511.07611083984375,296.3117332458496,429.5287551879883,,2,"[55, 107]","[472, 557]","[[55, 107], [472, 557]]",
2332,train,25茂华,54,E:\桌面\v-Net\dataset\26合并\25茂华\2\2 (11)\54_0.0000.jpg,0.0,0.54,411.0226745605469,640,480,ok,-0.04346212148666382,1.0,259,320.0,97.3205337524414,514.8637084960938,306.0921211242676,417.54317474365234,,2,"[71, 123]","[487, 544]","[[71, 123], [487, 544]]",
2333,train,25茂华,54,E:\桌面\v-Net\dataset\26合并\25茂华\2\2 (13)\54_0.0000.jpg,0.0,0.54,411.0226745605469,640,480,ok,0.07948915958404541,1.0,259,320.0,135.5351104736328,555.3379516601562,345.43653106689453,419.80284118652344,,2,"[109, 160]","[528, 584]","[[109, 160], [528, 584]]",
2334,train,25茂华,54,E:\桌面\v-Net\dataset\26合并\25茂华\2\2 (14)\54_0.0000.jpg,0.0,0.54,411.0226745605469,640,480,ok,-0.03698644638061523,1.0,259,320.0,98.594970703125,517.7337036132812,308.1643371582031,419.13873291015625,,2,"[72, 124]","[489, 549]","[[72, 124], [489, 549]]",
2335,train,25茂华,54,E:\桌面\v-Net\dataset\26合并\25茂华\2\2 (15)\54_0.0000.jpg,0.0,0.54,411.0226745605469,640,480,ok,-0.06756044626235962,1.0,259,320.0,89.66020965576172,507.1011047363281,298.3806571960449,417.4408950805664,,2,"[63, 116]","[480, 535]","[[63, 116], [480, 535]]",
2336,train,25茂华,54,E:\桌面\v-Net\dataset\26合并\25茂华\2\2 (16)\54_0.0000.jpg,0.0,0.54,411.0226745605469,640,480,ok,-0.08721234798431396,1.0,259,320.0,79.77232360839844,504.4117736816406,292.09204864501953,424.6394500732422,,2,"[53, 105]","[472, 542]","[[53, 105], [472, 542]]",
2337,train,25茂华,54,E:\桌面\v-Net\dataset\26合并\25茂华\2\2 (17)\54_0.0000.jpg,0.0,0.54,411.0226745605469,640,480,ok,-0.09725381135940551,1.0,259,320.0,78.68144989013672,499.07611083984375,288.87878036499023,420.39466094970703,,2,"[52, 104]","[472, 529]","[[52, 104], [472, 529]]",
2338,train,25茂华,54,E:\桌面\v-Net\dataset\26合并\25茂华\2\2 (2)\54_0.0000.jpg,0.0,0.54,411.0226745605469,640,480,ok,0.08838646411895752,1.0,259,320.0,137.6935577392578,558.873779296875,348.2836685180664,421.1802215576172,,2,"[112, 162]","[527, 594]","[[112, 162], [527, 594]]",
2339,train,25茂华,54,E:\桌面\v-Net\dataset\26合并\25茂华\2\2 (3)\54_0.0000.jpg,0.0,0.54,411.0226745605469,640,480,ok,-0.016861307621002197,1.0,259,320.0,102.8978500366211,526.3109130859375,314.6043815612793,423.4130630493164,,2,"[77, 128]","[491, 566]","[[77, 128], [491, 566]]",
2340,train,25茂华,54,E:\桌面\v-Net\dataset\26合并\25茂华\2\2 (4)\54_0.0000.jpg,0.0,0.54,411.0226745605469,640,480,ok,-0.05560547113418579,1.0,259,320.0,90.1499252319336,514.2625732421875,302.20624923706055,424.1126480102539,,2,"[64, 115]","[480, 552]","[[64, 115], [480, 552]]",
2341,train,25茂华,54,E:\桌面\v-Net\dataset\26合并\25茂华\2\2 (5)\54_0.0000.jpg,0.0,0.54,411.0226745605469,640,480,ok,-0.1068398118019104,1.0,259,320.0,75.8801498413086,495.74237060546875,285.8112602233887,419.86222076416016,,2,"[49, 101]","[468, 526]","[[49, 101], [468, 526]]",
2342,train,25茂华,54,E:\桌面\v-Net\dataset\26合并\25茂华\2\2 (6)\54_0.0000.jpg,0.0,0.54,411.0226745605469,640,480,ok,0.04100409746170044,1.0,259,320.0,123.47809600830078,542.7645263671875,333.12131118774414,419.2864303588867,,2,"[97, 149]","[512, 577]","[[97, 149], [512, 577]]",
2343,train,25茂华,54,E:\桌面\v-Net\dataset\26合并\25茂华\2\2 (7)\54_0.0000.jpg,0.0,0.54,411.0226745605469,640,480,ok,-0.1220818042755127,1.0,259,320.0,67.05026245117188,494.8173828125,280.93382263183594,427.7671203613281,,2,"[40, 93]","[459, 536]","[[40, 93], [459, 536]]",
2344,train,25茂华,54,E:\桌面\v-Net\dataset\26合并\25茂华\2\2\54_0.0000.jpg,0.0,0.54,411.0226745605469,640,480,ok,-0.0874213457107544,1.0,259,320.0,80.55738830566406,503.4929504394531,292.0251693725586,422.93556213378906,,2,"[54, 106]","[470, 542]","[[54, 106], [470, 542]]",
2345,train,25茂华,55,E:\桌面\v-Net\dataset\26合并\25茂华\2\2 (10)\55_0.0000.jpg,0.0,0.54,411.0226745605469,640,480,ok,-0.07694834470748901,1.0,259,320.0,83.43604278564453,507.3170166015625,295.3765296936035,423.88097381591797,,2,"[57, 109]","[475, 543]","[[57, 109], [475, 543]]",
2346,train,25茂华,55,E:\桌面\v-Net\dataset\26合并\25茂华\2\2 (14)\55_0.0000.jpg,0.0,0.54,411.0226745605469,640,480,ok,-0.04003084897994995,1.0,259,320.0,98.07032012939453,516.3099365234375,307.190128326416,418.23961639404297,,2,"[72, 124]","[490, 544]","[[72, 124], [490, 544]]",
2347,train,25茂华,55,E:\桌面\v-Net\dataset\26合并\25茂华\2\2 (17)\55_0.0000.jpg,0.0,0.54,411.0226745605469,640,480,ok,-0.10099849700927735,1.0,259,320.0,77.58462524414062,497.7763366699219,287.68048095703125,420.19171142578125,,2,"[50, 104]","[473, 525]","[[50, 104], [473, 525]]",
2348,train,25茂华,55,E:\桌面\v-Net\dataset\26合并\25茂华\2\2 (2)\55_0.0000.jpg,0.0,0.54,411.0226745605469,640,480,ok,0.08539986610412598,1.0,259,320.0,139.49850463867188,555.1574096679688,347.3279571533203,415.6589050292969,,2,"[114, 164]","[527, 586]","[[114, 164], [527, 586]]",
2349,train,25茂华,55,E:\桌面\v-Net\dataset\26合并\25茂华\2\2 (3)\55_0.0000.jpg,0.0,0.54,411.0226745605469,640,480,ok,-0.02681354284286499,1.0,259,320.0,101.26578521728516,521.5735473632812,311.4196662902832,420.3077621459961,,2,"[75, 127]","[490, 556]","[[75, 127], [490, 556]]",
2350,train,25茂华,55,E:\桌面\v-Net\dataset\26合并\25茂华\2\2 (7)\55_0.0000.jpg,0.0,0.54,411.0226745605469,640,480,ok,-0.13568413257598877,1.0,259,320.0,64.91184997558594,488.25030517578125,276.5810775756836,423.3384552001953,,2,"[38, 91]","[457, 522]","[[38, 91], [457, 522]]",
2351,train,25茂华,55,E:\桌面\v-Net\dataset\26合并\25茂华\2\2\55_0.0000.jpg,0.0,0.54,411.0226745605469,640,480,ok,-0.09647403955459595,1.0,259,320.0,78.8471908569336,499.409423828125,289.1283073425293,420.5622329711914,,2,"[52, 104]","[470, 532]","[[52, 104], [470, 532]]",
2352,train,25茂华,56,E:\桌面\v-Net\dataset\26合并\25茂华\2\2 (10)\56_0.0000.jpg,0.0,0.54,411.0226745605469,640,480,ok,-0.09041060209274292,1.0,259,320.0,79.89539337158203,502.2418212890625,291.06860733032227,422.34642791748047,,2,"[54, 105]","[473, 534]","[[54, 105], [473, 534]]",
2353,train,25茂华,56,E:\桌面\v-Net\dataset\26合并\25茂华\2\2 (11)\56_0.0000.jpg,0.0,0.54,411.0226745605469,640,480,ok,-0.0355299711227417,1.0,259,320.0,100.86390686035156,516.3969116210938,308.63040924072266,415.5330047607422,,2,"[73, 128]","[492, 542]","[[73, 128], [492, 542]]",
2354,train,25茂华,56,E:\桌面\v-Net\dataset\26合并\25茂华\2\2 (12)\56_0.0000.jpg,0.0,0.54,411.0226745605469,640,480,ok,-0.14573366641998292,1.0,259,320.0,65.70811462402344,481.0223388671875,273.36522674560547,415.31422424316406,,2,"[38, 92]","[456, 508]","[[38, 92], [456, 508]]",
2355,train,25茂华,56,E:\桌面\v-Net\dataset\26合并\25茂华\2\2 (13)\56_0.0000.jpg,0.0,0.54,411.0226745605469,640,480,ok,0.10234313011169434,1.0,259,320.0,144.63900756835938,560.860595703125,352.7498016357422,416.2215881347656,,2,"[116, 171]","[536, 587]","[[116, 171], [536, 587]]",
2356,train,25茂华,56,E:\桌面\v-Net\dataset\26合并\25茂华\2\2 (15)\56_0.0000.jpg,0.0,0.54,411.0226745605469,640,480,ok,-0.05038595199584961,1.0,259,320.0,95.82489013671875,511.9281005859375,303.8764953613281,416.10321044921875,,2,"[67, 124]","[488, 536]","[[67, 124], [488, 536]]",
2357,train,25茂华,56,E:\桌面\v-Net\dataset\26合并\25茂华\2\2 (2)\56_0.0000.jpg,0.0,0.54,411.0226745605469,640,480,ok,0.08688416481018066,1.0,259,320.0,138.70565795898438,556.9002075195312,347.8029327392578,418.1945495605469,,2,"[113, 163]","[532, 585]","[[113, 163], [532, 585]]",
2358,train,25茂华,56,E:\桌面\v-Net\dataset\26合并\25茂华\2\2 (4)\56_0.0000.jpg,0.0,0.54,411.0226745605469,640,480,ok,-0.07049572467803955,1.0,259,320.0,88.35725402832031,506.5254821777344,297.44136810302734,418.16822814941406,,2,"[63, 114]","[480, 535]","[[63, 114], [480, 535]]",
2359,train,25茂华,56,E:\桌面\v-Net\dataset\26合并\25茂华\2\2 (5)\56_0.0000.jpg,0.0,0.54,411.0226745605469,640,480,ok,-0.1167799711227417,1.0,259,320.0,76.00526428222656,489.25555419921875,282.63040924072266,413.2502899169922,,2,"[48, 103]","[465, 514]","[[48, 103], [465, 514]]",
2360,train,25茂华,56,E:\桌面\v-Net\dataset\26合并\25茂华\2\2 (8)\56_0.0000.jpg,0.0,0.54,411.0226745605469,640,480,ok,-0.13158724308013917,1.0,259,320.0,67.97358703613281,487.8105773925781,277.89208221435547,419.8369903564453,,2,"[40, 95]","[461, 517]","[[40, 95], [461, 517]]",
2361,train,25茂华,56,E:\桌面\v-Net\dataset\26合并\25茂华\2\2 (9)\56_0.0000.jpg,0.0,0.54,411.0226745605469,640,480,ok,0.04315880537033081,1.0,259,320.0,125.04821014404297,542.5734252929688,333.81081771850586,417.5252151489258,,2,"[99, 151]","[516, 571]","[[99, 151], [516, 571]]",
2362,train,25茂华,56,E:\桌面\v-Net\dataset\26合并\25茂华\2\2\56_0.0000.jpg,0.0,0.54,411.0226745605469,640,480,ok,-0.10544227361679077,1.0,259,320.0,76.31681060791016,496.20013427734375,286.25847244262695,419.8833236694336,,2,"[50, 101]","[470, 525]","[[50, 101], [470, 525]]",
2363,train,25茂华,57,E:\桌面\v-Net\dataset\26合并\25茂华\2\2 (11)\57_0.0000.jpg,0.0,0.54,411.0226745605469,640,480,ok,0.008681881427764892,1.0,259,320.0,106.74402618408203,538.8123779296875,322.77820205688477,432.06835174560547,,2,"[77, 136]","[505, 568]","[[77, 136], [505, 568]]",
2364,train,25茂华,57,E:\桌面\v-Net\dataset\26合并\25茂华\2\2 (12)\57_0.0000.jpg,0.0,0.54,411.0226745605469,640,480,ok,-0.14465901851654053,1.0,259,320.0,66.84904479980469,480.5691833496094,273.70911407470703,413.7201385498047,,2,"[38, 96]","[456, 505]","[[38, 96], [456, 505]]",
2365,train,25茂华,57,E:\桌面\v-Net\dataset\26合并\25茂华\2\2 (13)\57_0.0000.jpg,0.0,0.54,411.0226745605469,640,480,ok,0.17210323810577394,1.0,259,320.0,152.9116973876953,597.234375,375.07303619384766,444.3226776123047,,2,"[124, 182]","[557, 624]","[[124, 182], [557, 624]]",
2366,train,25茂华,57,E:\桌面\v-Net\dataset\26合并\25茂华\2\2 (14)\57_0.0000.jpg,0.0,0.54,411.0226745605469,640,480,ok,-0.030823326110839842,1.0,259,320.0,102.5125732421875,517.760498046875,310.13653564453125,415.2479248046875,,2,"[74, 130]","[494, 543]","[[74, 130], [494, 543]]",
2367,train,25茂华,57,E:\桌面\v-Net\dataset\26合并\25茂华\2\2 (15)\57_0.0000.jpg,0.0,0.54,411.0226745605469,640,480,ok,0.011407434940338135,1.0,259,320.0,102.2729263305664,545.02783203125,323.6503791809082,442.7549057006836,,2,"[72, 132]","[505, 573]","[[72, 132], [505, 573]]",
2368,train,25茂华,57,E:\桌面\v-Net\dataset\26合并\25茂华\2\2 (16)\57_0.0000.jpg,0.0,0.54,411.0226745605469,640,480,ok,-0.1011056900024414,1.0,259,320.0,77.5543212890625,497.738037109375,287.64617919921875,420.1837158203125,,2,"[50, 104]","[473, 525]","[[50, 104], [473, 525]]",
2369,train,25茂华,57,E:\桌面\v-Net\dataset\26合并\25茂华\2\2 (17)\57_0.0000.jpg,0.0,0.54,411.0226745605469,640,480,ok,-0.08759047985076904,1.0,259,320.0,84.58784484863281,499.354248046875,291.9710464477539,414.7664031982422,,2,"[56, 113]","[475, 531]","[[56, 113], [475, 531]]",
2370,train,25茂华,57,E:\桌面\v-Net\dataset\26合并\25茂华\2\2 (18)\57_0.0000.jpg,0.0,0.54,411.0226745605469,640,480,ok,-0.08353029489517212,1.0,259,320.0,86.49291229248047,500.0476989746094,293.2703056335449,413.5547866821289,,2,"[58, 114]","[476, 526]","[[58, 114], [476, 526]]",
2371,train,25茂华,57,E:\桌面\v-Net\dataset\26合并\25茂华\2\2 (3)\57_0.0000.jpg,0.0,0.54,411.0226745605469,640,480,ok,-0.03392705917358398,1.0,259,320.0,100.0875244140625,518.1991577148438,309.1433410644531,418.11163330078125,,2,"[73, 127]","[493, 546]","[[73, 127], [493, 546]]",
2372,train,25茂华,57,E:\桌面\v-Net\dataset\26合并\25茂华\2\2 (4)\57_0.0000.jpg,0.0,0.54,411.0226745605469,640,480,ok,-0.07182465791702271,1.0,259,320.0,88.03145599365234,506.0007629394531,297.01610946655273,417.9693069458008,,2,"[61, 115]","[481, 533]","[[61, 115], [481, 533]]",
2373,train,25茂华,57,E:\桌面\v-Net\dataset\26合并\25茂华\2\2 (5)\57_0.0000.jpg,0.0,0.54,411.0226745605469,640,480,ok,-0.1077492356300354,1.0,259,320.0,78.5051498413086,492.53533935546875,285.5202445983887,414.03018951416016,,2,"[49, 107]","[469, 524]","[[49, 107], [469, 524]]",
2374,train,25茂华,57,E:\桌面\v-Net\dataset\26合并\25茂华\2\2 (6)\57_0.0000.jpg,0.0,0.54,411.0226745605469,640,480,ok,0.051189112663269046,1.0,259,320.0,128.31602478027344,544.4450073242188,336.3805160522461,416.1289825439453,,2,"[101, 155]","[520, 569]","[[101, 155], [520, 569]]",
2375,train,25茂华,57,E:\桌面\v-Net\dataset\26合并\25茂华\2\2 (7)\57_0.0000.jpg,0.0,0.54,411.0226745605469,640,480,ok,-0.1521035373210907,1.0,259,320.0,62.71513748168945,479.9385986328125,271.326868057251,417.22346115112305,,2,"[35, 89]","[456, 507]","[[35, 89], [456, 507]]",
2376,train,25茂华,58,E:\桌面\v-Net\dataset\26合并\25茂华\2\2 (10)\58_0.0000.jpg,0.0,0.54,411.0226745605469,640,480,ok,-0.09945515394210816,1.0,259,320.0,80.3030776977539,496.0456237792969,288.1743507385254,415.74254608154297,,2,"[52, 108]","[471, 521]","[[52, 108], [471, 521]]",
2377,train,25茂华,58,E:\桌面\v-Net\dataset\26合并\25茂华\2\2 (11)\58_0.0000.jpg,0.0,0.54,411.0226745605469,640,480,ok,-0.011037862300872803,1.0,259,320.0,118.8079605102539,514.1278076171875,316.4678840637207,395.3198471069336,,3,"[87, 150]","[493, 535]","[[87, 150], [493, 535], [552, 609]]",
2378,train,25茂华,58,E:\桌面\v-Net\dataset\26合并\25茂华\2\2 (12)\58_0.0000.jpg,0.0,0.54,411.0226745605469,640,480,ok,-0.10256669521331788,1.0,259,320.0,72.47172546386719,501.8855895996094,287.1786575317383,429.4138641357422,,2,"[41, 103]","[468, 531]","[[41, 103], [468, 531]]",
2379,train,25茂华,58,E:\桌面\v-Net\dataset\26合并\25茂华\2\2 (14)\58_0.0000.jpg,0.0,0.54,411.0226745605469,640,480,ok,0.028100240230560302,1.0,259,320.0,108.63863372802734,549.3455200195312,328.9920768737793,440.7068862915039,,2,"[79, 138]","[510, 575]","[[79, 138], [510, 575]]",
2380,train,25茂华,58,E:\桌面\v-Net\dataset\26合并\25茂华\2\2 (15)\58_0.0000.jpg,0.0,0.54,411.0226745605469,640,480,ok,-0.015825343132019044,1.0,259,320.0,115.69410705566406,514.1776733398438,314.9358901977539,398.4835662841797,,3,"[84, 147]","[493, 536]","[[84, 147], [493, 536], [554, 614]]",
2381,train,25茂华,58,E:\桌面\v-Net\dataset\26合并\25茂华\2\2 (17)\58_0.0000.jpg,0.0,0.54,411.0226745605469,640,480,ok,-0.009525930881500244,1.0,259,320.0,89.52974700927734,544.3736572265625,316.9517021179199,454.84391021728516,,2,"[58, 120]","[526, 560]","[[58, 120], [526, 560]]",
2382,train,25茂华,58,E:\桌面\v-Net\dataset\26合并\25茂华\2\2 (18)\58_0.0000.jpg,0.0,0.54,411.0226745605469,640,480,ok,-0.027475190162658692,1.0,259,320.0,92.43046569824219,529.9854125976562,311.2079391479492,437.55494689941406,,2,"[63, 121]","[491, 554]","[[63, 121], [491, 554]]",
2383,train,25茂华,58,E:\桌面\v-Net\dataset\26合并\25茂华\2\2 (2)\58_0.0000.jpg,0.0,0.54,411.0226745605469,640,480,ok,0.10679340362548828,1.0,259,320.0,145.17144775390625,563.1763305664062,354.17388916015625,418.0048828125,,2,"[119, 172]","[538, 591]","[[119, 172], [538, 591]]",
2384,train,25茂华,58,E:\桌面\v-Net\dataset\26合并\25茂华\2\2 (5)\58_0.0000.jpg,0.0,0.54,411.0226745605469,640,480,ok,-0.11721533536911011,1.0,259,320.0,87.09290313720703,477.8892822265625,282.49109268188477,390.79637908935547,,3,"[56, 117]","[463, 493]","[[56, 117], [463, 493], [516, 553]]",
2385,train,25茂华,58,E:\桌面\v-Net\dataset\26合并\25茂华\2\2 (6)\58_0.0000.jpg,0.0,0.54,411.0226745605469,640,480,ok,0.08014094829559326,1.0,259,320.0,135.2804412841797,556.009765625,345.64510345458984,420.7293243408203,,2,"[107, 163]","[530, 588]","[[107, 163], [530, 588]]",
2386,train,25茂华,58,E:\桌面\v-Net\dataset\26合并\25茂华\2\2 (7)\58_0.0000.jpg,0.0,0.54,411.0226745605469,640,480,ok,-0.15140628218650817,1.0,259,320.0,63.473880767822266,479.6260986328125,271.5499897003174,416.15221786499023,,2,"[35, 91]","[456, 504]","[[35, 91], [456, 504]]",
2387,train,25茂华,58,E:\桌面\v-Net\dataset\26合并\25茂华\2\2 (8)\58_0.0000.jpg,0.0,0.54,411.0226745605469,640,480,ok,-0.12919180393218993,1.0,259,320.0,70.06013488769531,487.2571105957031,278.6586227416992,417.1969757080078,,2,"[41, 98]","[464, 511]","[[41, 98], [464, 511]]",
2388,train,25茂华,58,E:\桌面\v-Net\dataset\26合并\25茂华\2\2 (9)\58_0.0000.jpg,0.0,0.54,411.0226745605469,640,480,ok,0.05689539909362793,1.0,259,320.0,130.79458618164062,545.6184692382812,338.20652770996094,414.8238830566406,,2,"[103, 158]","[521, 571]","[[103, 158], [521, 571]]",
2389,train,25茂华,58,E:\桌面\v-Net\dataset\26合并\25茂华\2\2\58_0.0000.jpg,0.0,0.54,411.0226745605469,640,480,ok,-0.10343925952911377,1.0,259,320.0,78.83628845214844,494.96258544921875,286.8994369506836,416.1262969970703,,2,"[49, 108]","[472, 519]","[[49, 108], [472, 519]]",
2390,train,25茂华,59,E:\桌面\v-Net\dataset\26合并\25茂华\2\2 (12)\59_0.0000.jpg,0.0,0.54,411.0226745605469,640,480,ok,-0.12884103059768676,1.0,259,320.0,83.4359359741211,474.1058044433594,278.77087020874023,390.6698684692383,,3,"[52, 115]","[453, 495]","[[52, 115], [453, 495], [512, 569]]",
2391,train,25茂华,59,E:\桌面\v-Net\dataset\26合并\25茂华\2\2 (13)\59_0.0000.jpg,0.0,0.54,411.0226745605469,640,480,ok,0.17691750526428224,1.0,259,320.0,183.73831176757812,569.4888916015625,376.6136016845703,385.7505798339844,,2,"[152, 216]","[565, 574]","[[152, 216], [565, 574]]",
2392,train,25茂华,59,E:\桌面\v-Net\dataset\26合并\25茂华\2\2 (14)\59_0.0000.jpg,0.0,0.54,411.0226745605469,640,480,ok,-0.005066883563995361,1.0,259,320.0,120.97093963623047,515.7862548828125,318.3785972595215,394.81531524658203,,3,"[90, 152]","[493, 539]","[[90, 152], [493, 539], [556, 614]]",
2393,train,25茂华,59,E:\桌面\v-Net\dataset\26合并\25茂华\2\2 (15)\59_0.0000.jpg,0.0,0.54,411.0226745605469,640,480,ok,0.017027831077575682,1.0,259,320.0,128.50718688964844,522.390625,325.4489059448242,393.88343811035156,,3,"[96, 161]","[504, 541]","[[96, 161], [504, 541], [590, 632]]",
2394,train,25茂华,59,E:\桌面\v-Net\dataset\26合并\25茂华\2\2 (17)\59_0.0000.jpg,0.0,0.54,411.0226745605469,640,480,ok,-0.07291419506072998,1.0,259,320.0,100.44664001464844,492.8882751464844,296.6674575805664,392.44163513183594,,3,"[69, 132]","[469, 518]","[[69, 132], [469, 518], [536, 595]]",
2395,train,25茂华,59,E:\桌面\v-Net\dataset\26合并\25茂华\2\2 (18)\59_0.0000.jpg,0.0,0.54,411.0226745605469,640,480,ok,-0.0675376296043396,1.0,259,320.0,102.90863800048828,493.8672790527344,298.3879585266113,390.9586410522461,,3,"[72, 134]","[472, 516]","[[72, 134], [472, 516], [534, 590]]",
2396,train,25茂华,59,E:\桌面\v-Net\dataset\26合并\25茂华\2\2 (2)\59_0.0000.jpg,0.0,0.54,411.0226745605469,640,480,ok,0.19105563163757325,1.0,259,320.0,152.89999389648438,609.3756103515625,381.13780212402344,456.4756164550781,,2,"[124, 182]","[586, 626]","[[124, 182], [586, 626]]",
2397,train,25茂华,59,E:\桌面\v-Net\dataset\26合并\25茂华\2\2 (6)\59_0.0000.jpg,0.0,0.54,411.0226745605469,640,480,ok,0.07439873218536378,1.0,259,320.0,144.5778350830078,543.037353515625,343.8075942993164,398.4595184326172,,3,"[115, 174]","[527, 559]","[[115, 174], [527, 559], [579, 627]]",
2398,train,25茂华,59,E:\桌面\v-Net\dataset\26合并\25茂华\2\2 (7)\59_0.0000.jpg,0.0,0.54,411.0226745605469,640,480,ok,-0.14180513620376586,1.0,259,320.0,67.26338958740234,481.9813232421875,274.6223564147949,414.71793365478516,,2,"[38, 96]","[461, 504]","[[38, 96], [461, 504]]",
2399,train,25茂华,59,E:\桌面\v-Net\dataset\26合并\25茂华\2\2 (8)\59_0.0000.jpg,0.0,0.54,411.0226745605469,640,480,ok,-0.11356470584869385,1.0,259,320.0,76.41770935058594,490.90087890625,283.65929412841797,414.48316955566406,,3,"[47, 106]","[471, 512]","[[47, 106], [471, 512], [519, 529]]",
2400,train,25茂华,59,E:\桌面\v-Net\dataset\26合并\25茂华\2\2 (9)\59_0.0000.jpg,0.0,0.54,411.0226745605469,640,480,ok,0.11445119380950927,1.0,259,320.0,136.80455017089844,576.4442138671875,356.62438201904297,439.63966369628906,,2,"[108, 166]","[540, 603]","[[108, 166], [540, 603]]",
2401,train,25茂华,59,E:\桌面\v-Net\dataset\26合并\25茂华\2\2\59_0.0000.jpg,0.0,0.54,411.0226745605469,640,480,ok,-0.07070655822753906,1.0,259,320.0,86.83160400390625,507.91619873046875,297.3739013671875,421.0845947265625,,2,"[57, 116]","[480, 540]","[[57, 116], [480, 540]]",
2402,train,25茂华,60,E:\桌面\v-Net\dataset\26合并\25茂华\2\2 (11)\60_0.0000.jpg,0.0,0.54,411.0226745605469,640,480,ok,0.029155397415161134,1.0,259,320.0,148.64370727539062,510.0157470703125,329.32972717285156,361.3720397949219,,3,"[114, 183]","[491, 529]","[[0, 15], [114, 183], [491, 529]]",
2403,train,25茂华,60,E:\桌面\v-Net\dataset\26合并\25茂华\2\2 (18)\60_0.0000.jpg,0.0,0.54,411.0226745605469,640,480,ok,-0.038202965259552,1.0,259,320.0,114.65392303466797,500.89617919921875,307.77505111694336,386.2422561645508,,4,"[81, 148]","[482, 520]","[[81, 148], [482, 520], [563, 612], [630, 639]]",
2404,train,25茂华,60,E:\桌面\v-Net\dataset\26合并\25茂华\2\2 (3)\60_0.0000.jpg,0.0,0.54,411.0226745605469,640,480,ok,-0.018645358085632325,1.0,259,320.0,116.10221862792969,511.9647521972656,314.03348541259766,395.86253356933594,,3,"[86, 146]","[496, 528]","[[86, 146], [496, 528], [549, 591]]",
2405,train,25茂华,60,E:\桌面\v-Net\dataset\26合并\25茂华\2\2 (4)\60_0.0000.jpg,0.0,0.54,411.0226745605469,640,480,ok,-0.04496595859527588,1.0,259,320.0,108.27259826660156,502.9491882324219,305.6108932495117,394.6765899658203,,3,"[78, 138]","[483, 523]","[[78, 138], [483, 523], [541, 596]]",
2406,train,25茂华,60,E:\桌面\v-Net\dataset\26合并\25茂华\2\2 (7)\60_0.0000.jpg,0.0,0.54,411.0226745605469,640,480,ok,-0.14503463506698608,1.0,259,320.0,76.52014923095703,470.6576843261719,273.58891677856445,394.13753509521484,,3,"[46, 107]","[456, 486]","[[46, 107], [456, 486], [510, 548]]",
2407,train,25茂华,60,E:\桌面\v-Net\dataset\26合并\25茂华\2\2 (8)\60_0.0000.jpg,0.0,0.54,411.0226745605469,640,480,ok,-0.11439239978790283,1.0,259,320.0,85.14616394042969,481.6427001953125,283.3944320678711,396.4965362548828,,3,"[54, 116]","[464, 499]","[[54, 116], [464, 499], [518, 565]]",
2408,train,25茂华,60,E:\桌面\v-Net\dataset\26合并\25茂华\2\2 (9)\60_0.0000.jpg,0.0,0.54,411.0226745605469,640,480,ok,0.08569135665893554,1.0,259,320.0,148.48907470703125,546.3533935546875,347.4212341308594,397.86431884765625,,3,"[118, 178]","[523, 569]","[[118, 178], [523, 569], [585, 639]]",
2409,train,25茂华,60,E:\桌面\v-Net\dataset\26合并\25茂华\2\2\60_0.0000.jpg,0.0,0.54,411.0226745605469,640,480,ok,-0.08296372890472412,1.0,259,320.0,96.96870422363281,489.93450927734375,293.4516067504883,392.96580505371094,,3,"[66, 127]","[472, 508]","[[66, 127], [472, 508], [526, 576]]",
2410,train,25茂华,61,E:\桌面\v-Net\dataset\26合并\25茂华\2\2 (14)\61_0.0000.jpg,0.0,0.54,411.0226745605469,640,480,ok,0.034986472129821776,1.0,259,320.0,150.92152404785156,511.4698181152344,331.19567108154297,360.5482940673828,,3,"[117, 185]","[491, 532]","[[0, 21], [117, 185], [491, 532]]",
2411,train,25茂华,61,E:\桌面\v-Net\dataset\26合并\25茂华\2\2 (17)\61_0.0000.jpg,0.0,0.54,411.0226745605469,640,480,ok,-0.03022937774658203,1.0,259,320.0,133.48016357421875,487.17303466796875,310.32659912109375,353.69287109375,,3,"[99, 167]","[464, 510]","[[0, 28], [99, 167], [464, 510]]",
2412,train,25茂华,61,E:\桌面\v-Net\dataset\26合并\25茂华\2\2 (18)\61_0.0000.jpg,0.0,0.54,411.0226745605469,640,480,ok,-0.034839510917663574,1.0,259,320.0,130.72337341308594,486.9793395996094,308.85135650634766,356.25596618652344,,3,"[97, 163]","[467, 507]","[[0, 18], [97, 163], [467, 507]]",
2413,train,25茂华,61,E:\桌面\v-Net\dataset\26合并\25茂华\2\2 (2)\61_0.0000.jpg,0.0,0.54,411.0226745605469,640,480,ok,0.17710585594177247,1.0,259,320.0,181.19161987304688,572.1561279296875,376.6738739013672,390.9645080566406,,2,"[150, 213]","[556, 589]","[[150, 213], [556, 589]]",
2414,train,25茂华,61,E:\桌面\v-Net\dataset\26合并\25茂华\2\2 (4)\61_0.0000.jpg,0.0,0.54,411.0226745605469,640,480,ok,-0.012768447399139404,1.0,259,320.0,121.44336700439453,510.38482666015625,315.9140968322754,388.9414596557617,,3,"[89, 154]","[490, 531]","[[89, 154], [490, 531], [567, 623]]",
2415,train,25茂华,61,E:\桌面\v-Net\dataset\26合并\25茂华\2\2 (5)\61_0.0000.jpg,0.0,0.54,411.0226745605469,640,480,ok,-0.05346791744232178,1.0,259,320.0,128.1344451904297,477.6460876464844,302.89026641845703,349.5116424560547,,3,"[94, 162]","[454, 502]","[[0, 33], [94, 162], [454, 502]]",
2416,train,25茂华,61,E:\桌面\v-Net\dataset\26合并\25茂华\2\2 (6)\61_0.0000.jpg,0.0,0.54,411.0226745605469,640,480,ok,0.12072522640228271,1.0,259,320.0,175.48252868652344,541.7816162109375,358.63207244873047,366.29908752441406,,3,"[143, 207]","[526, 557]","[[0, 11], [143, 207], [526, 557]]",
2417,train,25茂华,61,E:\桌面\v-Net\dataset\26合并\25茂华\2\2 (7)\61_0.0000.jpg,0.0,0.54,411.0226745605469,640,480,ok,-0.11692636013031006,1.0,259,320.0,87.70841979980469,477.4587097167969,282.5835647583008,389.7502899169922,,3,"[55, 120]","[455, 502]","[[55, 120], [455, 502], [521, 581]]",
2418,train,25茂华,61,E:\桌面\v-Net\dataset\26合并\25茂华\2\2 (9)\61_0.0000.jpg,0.0,0.54,411.0226745605469,640,480,ok,0.12200684547424316,1.0,259,320.0,162.14614868164062,555.938232421875,359.0421905517578,393.7920837402344,,3,"[130, 194]","[537, 575]","[[130, 194], [537, 575], [623, 639]]",
2419,train,25茂华,62,E:\桌面\v-Net\dataset\26合并\25茂华\2\2 (10)\62_0.0000.jpg,0.0,0.54,411.0226745605469,640,480,ok,-0.06664382219314575,1.0,259,320.0,117.17919158935547,480.16876220703125,298.67397689819336,362.9895706176758,,4,"[83, 151]","[465, 495]","[[83, 151], [465, 495], [578, 607], [625, 639]]",
2420,train,25茂华,62,E:\桌面\v-Net\dataset\26合并\25茂华\2\2 (14)\62_0.0000.jpg,0.0,0.54,411.0226745605469,640,480,ok,0.0785757064819336,1.0,259,320.0,172.1304931640625,518.157958984375,345.14422607421875,346.0274658203125,,3,"[136, 208]","[499, 538]","[[0, 76], [136, 208], [499, 538]]",
2421,train,25茂华,62,E:\桌面\v-Net\dataset\26合并\25茂华\2\2 (16)\62_0.0000.jpg,0.0,0.54,411.0226745605469,640,480,ok,-0.04214810132980347,1.0,259,320.0,125.0033950805664,488.0218200683594,306.5126075744629,363.01842498779297,,3,"[90, 159]","[471, 505]","[[90, 159], [471, 505], [602, 614]]",
2422,train,25茂华,62,E:\桌面\v-Net\dataset\26合并\25茂华\2\2 (17)\62_0.0000.jpg,0.0,0.54,411.0226745605469,640,480,ok,0.016073727607727052,1.0,259,320.0,156.12193298339844,494.1652526855469,325.14359283447266,338.04331970214844,,3,"[120, 192]","[477, 511]","[[0, 73], [120, 192], [477, 511]]",
2423,train,25茂华,62,E:\桌面\v-Net\dataset\26合并\25茂华\2\2 (2)\62_0.0000.jpg,0.0,0.54,411.0226745605469,640,480,ok,0.20132980346679688,1.0,259,320.0,206.004638671875,562.846435546875,384.425537109375,356.841796875,,3,"[172, 239]","[538, 589]","[[0, 85], [172, 239], [538, 589]]",
2424,train,25茂华,62,E:\桌面\v-Net\dataset\26合并\25茂华\2\2 (3)\62_0.0000.jpg,0.0,0.54,411.0226745605469,640,480,ok,0.030595040321350096,1.0,259,320.0,142.07557678222656,517.5052490234375,329.79041290283203,375.42967224121094,,3,"[108, 175]","[512, 523]","[[108, 175], [512, 523], [609, 638]]",
2425,train,25茂华,62,E:\桌面\v-Net\dataset\26合并\25茂华\2\2 (5)\62_0.0000.jpg,0.0,0.54,411.0226745605469,640,480,ok,-0.009322357177734376,1.0,259,320.0,150.58322143554688,483.4504699707031,317.016845703125,332.86724853515625,,3,"[114, 187]","[466, 500]","[[0, 73], [114, 187], [466, 500]]",
2426,train,25茂华,62,E:\桌面\v-Net\dataset\26合并\25茂华\2\2 (6)\62_0.0000.jpg,0.0,0.54,411.0226745605469,640,480,ok,0.16990694999694825,1.0,259,320.0,195.69528198242188,553.045166015625,374.37022399902344,357.3498840332031,,3,"[161, 230]","[529, 578]","[[0, 73], [161, 230], [529, 578]]",
2427,train,25茂华,62,E:\桌面\v-Net\dataset\26合并\25茂华\2\2 (7)\62_0.0000.jpg,0.0,0.54,411.0226745605469,640,480,ok,-0.10135749578475953,1.0,259,320.0,102.22736358642578,472.9038391113281,287.56560134887695,370.67647552490234,,4,"[68, 136]","[467, 479]","[[68, 136], [467, 479], [562, 590], [614, 639]]",
2428,train,25茂华,62,E:\桌面\v-Net\dataset\26合并\25茂华\2\2 (8)\62_0.0000.jpg,0.0,0.54,411.0226745605469,640,480,ok,-0.0740201711654663,1.0,259,320.0,113.62397766113281,479.00311279296875,296.3135452270508,365.37913513183594,,4,"[79, 148]","[463, 495]","[[79, 148], [463, 495], [586, 604], [632, 639]]",
2429,train,25茂华,62,E:\桌面\v-Net\dataset\26合并\25茂华\2\2\62_0.0000.jpg,0.0,0.54,411.0226745605469,640,480,ok,-0.04591900110244751,1.0,259,320.0,124.54878997802734,486.06304931640625,305.3059196472168,361.5142593383789,,3,"[90, 158]","[469, 503]","[[90, 158], [469, 503], [600, 613]]",
2430,train,25茂华,63,E:\桌面\v-Net\dataset\26合并\25茂华\2\2 (4)\63_0.0000.jpg,0.0,0.54,411.0226745605469,640,480,ok,0.03677666187286377,1.0,259,320.0,157.9025421142578,505.634521484375,331.7685317993164,347.7319793701172,,3,"[122, 193]","[485, 527]","[[0, 63], [122, 193], [485, 527]]",
2431,train,25茂华,63,E:\桌面\v-Net\dataset\26合并\25茂华\2\2 (5)\63_0.0000.jpg,0.0,0.54,411.0226745605469,640,480,ok,0.0039953947067260746,1.0,259,320.0,174.4247589111328,468.1322937011719,321.27852630615234,293.70753479003906,,3,"[136, 213]","[448, 488]","[[11, 104], [136, 213], [448, 488]]",
2432,train,25茂华,63,E:\桌面\v-Net\dataset\26合并\25茂华\2\2 (7)\63_0.0000.jpg,0.0,0.54,411.0226745605469,640,480,ok,-0.07444590330123901,1.0,259,320.0,121.06543731689453,471.2891845703125,296.1773109436035,350.22374725341797,,3,"[86, 156]","[448, 495]","[[0, 21], [86, 156], [448, 495]]",
2433,train,25茂华,63,E:\桌面\v-Net\dataset\26合并\25茂华\2\2 (8)\63_0.0000.jpg,0.0,0.54,411.0226745605469,640,480,ok,-0.03308568000793457,1.0,259,320.0,131.59075927734375,487.2344055175781,309.41258239746094,355.6436462402344,,3,"[96, 167]","[464, 511]","[[0, 21], [96, 167], [464, 511]]",
2434,train,25茂华,63,E:\桌面\v-Net\dataset\26合并\25茂华\2\2\63_0.0000.jpg,0.0,0.54,411.0226745605469,640,480,ok,-0.002464580535888672,1.0,259,320.0,143.2738037109375,495.14886474609375,319.2113342285156,351.87506103515625,,3,"[108, 179]","[473, 519]","[[0, 41], [108, 179], [473, 519]]",
2435,train,25茂华,64,E:\桌面\v-Net\dataset\26合并\25茂华\2\2 (10)\64_0.0000.jpg,0.0,0.54,411.0226745605469,640,480,ok,0.01874067783355713,1.0,259,320.0,158.1486358642578,493.84539794921875,325.9970169067383,335.69676208496094,,3,"[121, 195]","[480, 507]","[[0, 79], [121, 195], [480, 507]]",
2436,train,25茂华,64,E:\桌面\v-Net\dataset\26合并\25茂华\2\2 (2)\64_0.0000.jpg,0.0,0.54,411.0226745605469,640,480,ok,0.25870318412780763,1.0,259,320.0,247.42294311523438,558.1470947265625,402.78501892089844,310.7241516113281,,3,"[210, 284]","[539, 577]","[[50, 164], [210, 284], [539, 577]]",
2437,train,25茂华,64,E:\桌面\v-Net\dataset\26合并\25茂华\2\2 (3)\64_0.0000.jpg,0.0,0.54,411.0226745605469,640,480,ok,0.10714614391326904,1.0,259,320.0,185.03648376464844,523.5370483398438,354.2867660522461,338.5005645751953,,3,"[148, 222]","[507, 540]","[[0, 99], [148, 222], [507, 540]]",
2438,train,25茂华,64,E:\桌面\v-Net\dataset\26合并\25茂华\2\2 (4)\64_0.0000.jpg,0.0,0.54,411.0226745605469,640,480,ok,0.054789257049560544,1.0,259,320.0,181.50814819335938,493.5569763183594,337.5325622558594,312.048828125,,3,"[144, 219]","[479, 508]","[[0, 102], [144, 219], [479, 508]]",
2439,train,25茂华,64,E:\桌面\v-Net\dataset\26合并\25茂华\2\2 (5)\64_0.0000.jpg,0.0,0.54,411.0226745605469,640,480,ok,0.061574769020080564,1.0,259,320.0,207.2700958251953,472.13775634765625,339.7039260864258,264.86766052246094,,3,"[166, 249]","[453, 492]","[[51, 135], [166, 249], [453, 492]]",
2440,train,25茂华,64,E:\桌面\v-Net\dataset\26合并\25茂华\2\2 (7)\64_0.0000.jpg,0.0,0.54,411.0226745605469,640,480,ok,-0.030038976669311525,1.0,259,320.0,142.11880493164062,478.65625,310.3875274658203,336.5374450683594,,3,"[105, 179]","[463, 494]","[[0, 60], [105, 179], [463, 494]]",
2441,train,25茂华,64,E:\桌面\v-Net\dataset\26合并\25茂华\2\2\64_0.0000.jpg,0.0,0.54,411.0226745605469,640,480,insufficient_yellow_edges,,0.0,259,320.0,,,,,,2,,,"[[0, 85], [129, 205]]",
2442,train,25茂华,65,E:\桌面\v-Net\dataset\26合并\25茂华\2\2 (3)\65_0.0000.jpg,0.0,0.54,411.0226745605469,640,480,ok,0.128067946434021,1.0,259,320.0,210.25148010253906,511.7120056152344,360.9817428588867,301.4605255126953,,3,"[172, 249]","[490, 533]","[[33, 135], [172, 249], [490, 533]]",
2443,train,25茂华,65,E:\桌面\v-Net\dataset\26合并\25茂华\2\2 (4)\65_0.0000.jpg,0.0,0.54,411.0226745605469,640,480,ok,0.11117260456085205,1.0,259,320.0,210.00059509277344,501.1498718261719,355.57523345947266,291.14927673339844,,3,"[170, 249]","[478, 526]","[[42, 139], [170, 249], [478, 526]]",
2444,train,25茂华,65,E:\桌面\v-Net\dataset\26合并\25茂华\2\2 (5)\65_0.0000.jpg,0.0,0.54,411.0226745605469,640,480,ok,0.10866820812225342,1.0,259,320.0,253.29322814941406,456.2544250488281,354.7738265991211,202.96119689941406,,3,"[208, 299]","[438, 474]","[[91, 166], [208, 299], [438, 474]]",
2445,train,25茂华,65,E:\桌面\v-Net\dataset\26合并\25茂华\2\2 (8)\65_0.0000.jpg,0.0,0.54,411.0226745605469,640,480,ok,0.04502379894256592,1.0,259,320.0,183.8866729736328,484.9285583496094,334.4076156616211,301.04188537597656,,3,"[144, 224]","[464, 506]","[[3, 109], [144, 224], [464, 506]]",
2446,train,25茂华,65,E:\桌面\v-Net\dataset\26合并\25茂华\2\2\65_0.0000.jpg,0.0,0.54,411.0226745605469,640,480,ok,0.07707948684692383,1.0,259,320.0,196.43328857421875,492.8975830078125,344.6654357910156,296.46429443359375,,3,"[156, 237]","[470, 516]","[[23, 124], [156, 237], [470, 516]]",
2447,train,25茂华,66,E:\桌面\v-Net\dataset\26合并\25茂华\2\2 (3)\66_0.0000.jpg,0.0,0.54,411.0226745605469,640,480,ok,0.18810546398162842,1.0,259,320.0,241.5375213623047,518.8499755859375,380.1937484741211,277.3124542236328,,3,"[200, 283]","[498, 541]","[[76, 168], [200, 283], [498, 541]]",
2448,train,25茂华,66,E:\桌面\v-Net\dataset\26合并\25茂华\2\2\66_0.0000.jpg,0.0,0.54,411.0226745605469,640,480,ok,0.14155163764953613,1.0,259,320.0,232.956298828125,497.6367492675781,365.29652404785156,264.6804504394531,,3,"[190, 276]","[480, 516]","[[69, 158], [190, 276], [480, 516]]",
2449,train,26北理工l,0,E:\桌面\v-Net\dataset\26合并\26北理工l\l-530-1\2\0_0.0000.jpg,0.0,0.54,411.0226745605469,640,480,ok,0.013254475593566895,1.0,259,320.0,110.61860656738281,537.8642578125,324.2414321899414,427.2456512451172,,2,"[88, 133]","[514, 562]","[[88, 133], [514, 562]]",
2450,train,26北理工l,0,E:\桌面\v-Net\dataset\26合并\26北理工l\l-530-1\5\0_1.6000.jpg,1.6,0.54,411.0226745605469,640,480,inferred_missing_left,-0.27823376655578613,0.6,259,320.0,25.453857421875,436.4765319824219,230.96519470214844,411.0226745605469,411.0226745605469,1,,,"[[348, 527]]",
2451,train,26北理工l,1,E:\桌面\v-Net\dataset\26合并\26北理工l\l-530-1\2\1_0.0000.jpg,0.0,0.54,411.0226745605469,640,480,ok,0.0038792967796325685,1.0,259,320.0,103.95894622802734,538.5238037109375,321.2413749694824,434.56485748291016,,2,"[83, 124]","[514, 564]","[[83, 124], [514, 564]]",
2452,train,26北理工l,2,E:\桌面\v-Net\dataset\26合并\26北理工l\l-530-1\3\2_-1.5010.jpg,-1.501,0.54,411.0226745605469,640,480,ok,0.1739804744720459,1.0,259,320.0,220.91244506835938,530.43505859375,375.6737518310547,309.5226135253906,,3,"[185, 257]","[510, 551]","[[46, 138], [185, 257], [510, 551]]",
2453,train,26北理工l,2,E:\桌面\v-Net\dataset\26合并\26北理工l\l-530-1\4\2_-1.5100.jpg,-1.51,0.54,411.0226745605469,640,480,ok,0.23792548179626466,1.0,259,320.0,266.1686096191406,526.1036987304688,396.1361541748047,259.9350891113281,,3,"[260, 274]","[507, 545]","[[74, 123], [260, 274], [507, 545]]",
2454,train,26北理工l,2,E:\桌面\v-Net\dataset\26合并\26北理工l\l-530-1\5\2_1.6000.jpg,1.6,0.54,411.0226745605469,640,480,inferred_missing_left,-0.31980319023132325,0.6,259,320.0,12.151641845703125,423.17431640625,217.66297912597656,411.0226745605469,411.0226745605469,1,,,"[[353, 495]]",
2455,train,26北理工l,3,E:\桌面\v-Net\dataset\26合并\26北理工l\l-530-1\3\3_-1.5010.jpg,-1.501,0.54,411.0226745605469,640,480,ok,0.168699312210083,1.0,259,320.0,228.68850708007812,519.279052734375,373.98377990722656,290.5905456542969,,3,"[193, 263]","[497, 542]","[[68, 149], [193, 263], [497, 542]]",
2456,train,26北理工l,3,E:\桌面\v-Net\dataset\26合并\26北理工l\l-530-1\4\3_-1.5100.jpg,-1.51,0.54,411.0226745605469,640,480,ok,0.20631251335144044,1.0,259,320.0,257.6539611816406,514.3860473632812,386.02000427246094,256.7320861816406,,3,"[238, 286]","[493, 536]","[[57, 105], [238, 286], [493, 536]]",
2457,train,26北理工l,4,E:\桌面\v-Net\dataset\26合并\26北理工l\l-530-1\3\4_-1.5010.jpg,-1.501,0.54,411.0226745605469,640,480,ok,0.1489053726196289,1.0,259,320.0,235.08489990234375,500.21453857421875,367.64971923828125,265.129638671875,,3,"[198, 273]","[482, 519]","[[82, 153], [198, 273], [482, 519]]",
2458,train,26北理工l,5,E:\桌面\v-Net\dataset\26合并\26北理工l\l-530-1\2\5_0.0000.jpg,0.0,0.54,411.0226745605469,640,480,ok,-0.13561760187149047,1.0,259,320.0,34.237571716308594,518.9671630859375,276.60236740112305,484.7295913696289,,2,"[0, 65]","[491, 547]","[[0, 65], [491, 547]]",
2459,train,26北理工l,5,E:\桌面\v-Net\dataset\26合并\26北理工l\l-530-1\3\5_-1.5010.jpg,-1.501,0.54,411.0226745605469,640,480,insufficient_yellow_edges,,0.0,259,320.0,,,,,,2,,,"[[81, 145], [198, 274]]",
2460,train,26北理工l,5,E:\桌面\v-Net\dataset\26合并\26北理工l\l-530-1\4\5_-1.5100.jpg,-1.51,0.54,411.0226745605469,640,480,ok,0.11121954917907714,1.0,259,320.0,281.77142333984375,429.4090881347656,355.5902557373047,147.63766479492188,,4,"[271, 295]","[424, 435]","[[0, 33], [214, 224], [271, 295], [424, 435]]",
2461,train,26北理工l,5,E:\桌面\v-Net\dataset\26合并\26北理工l\l-530-1\5\5_1.6000.jpg,1.6,0.54,411.0226745605469,640,480,inferred_missing_left,-0.31409144401550293,0.6,259,320.0,13.979400634765625,425.0020751953125,219.49073791503906,411.0226745605469,411.0226745605469,1,,,"[[368, 488]]",
2462,train,26北理工l,6,E:\桌面\v-Net\dataset\26合并\26北理工l\l-530-1\2\6_0.0000.jpg,0.0,0.54,411.0226745605469,640,480,ok,-0.15892168879508972,1.0,259,320.0,22.911823272705078,515.3782958984375,269.1450595855713,492.4664726257324,,2,"[0, 53]","[487, 544]","[[0, 53], [487, 544]]",
2463,train,26北理工l,6,E:\桌面\v-Net\dataset\26合并\26北理工l\l-530-1\3\6_-1.5010.jpg,-1.501,0.54,411.0226745605469,640,480,ok,0.053272795677185056,1.0,259,320.0,236.8114471435547,437.28314208984375,337.0472946166992,200.47169494628906,,3,"[200, 274]","[427, 448]","[[77, 139], [200, 274], [427, 448]]",
2464,train,26北理工l,6,E:\桌面\v-Net\dataset\26合并\26北理工l\l-530-1\4\6_-1.5100.jpg,-1.51,0.54,411.0226745605469,640,480,ok,0.048929882049560544,1.0,259,320.0,261.518310546875,409.79681396484375,335.6575622558594,148.27850341796875,,2,"[239, 291]","[391, 429]","[[239, 291], [391, 429]]",
2465,train,26北理工l,6,E:\桌面\v-Net\dataset\26合并\26北理工l\l-530-1\5\6_1.6000.jpg,1.6,0.54,411.0226745605469,640,480,inferred_missing_left,-0.2848757266998291,0.6,259,320.0,23.32843017578125,434.3511047363281,228.8397674560547,411.0226745605469,411.0226745605469,1,,,"[[380, 493]]",
2466,train,26北理工l,7,E:\桌面\v-Net\dataset\26合并\26北理工l\l-530-1\2\7_0.0000.jpg,0.0,0.54,411.0226745605469,640,480,ok,-0.19563671797513962,1.0,259,320.0,7.9481706619262695,506.8443298339844,257.3962502479553,498.8961591720581,,2,"[0, 19]","[476, 538]","[[0, 19], [476, 538]]",
2467,train,26北理工l,7,E:\桌面\v-Net\dataset\26合并\26北理工l\l-530-1\3\7_-1.5010.jpg,-1.501,0.54,411.0226745605469,640,480,ok,0.015753746032714844,1.0,259,320.0,235.31295776367188,414.7694396972656,325.04119873046875,179.45648193359375,,3,"[198, 272]","[396, 434]","[[63, 119], [198, 272], [396, 434]]",
2468,train,26北理工l,7,E:\桌面\v-Net\dataset\26合并\26北理工l\l-530-1\4\7_-1.5100.jpg,-1.51,0.54,411.0226745605469,640,480,ok,0.010092353820800782,1.0,259,320.0,251.2774658203125,395.181640625,323.22955322265625,143.9041748046875,,2,"[222, 275]","[373, 418]","[[222, 275], [373, 418]]",
2469,train,26北理工l,7,E:\桌面\v-Net\dataset\26合并\26北理工l\l-530-1\5\7_1.6000.jpg,1.6,0.54,411.0226745605469,640,480,inferred_missing_left,-0.2606799602508545,0.6,259,320.0,31.071075439453125,442.09375,236.58241271972656,411.0226745605469,411.0226745605469,1,,,"[[387, 502]]",
2470,train,26北理工l,8,E:\桌面\v-Net\dataset\26合并\26北理工l\l-530-1\2\8_0.0000.jpg,0.0,0.54,411.0226745605469,640,480,inferred_missing_left,-0.08392605781555176,0.6,259,320.0,87.63232421875,498.6549987792969,293.14366149902344,411.0226745605469,411.0226745605469,1,,,"[[467, 531]]",
2471,train,26北理工l,8,E:\桌面\v-Net\dataset\26合并\26北理工l\l-530-1\3\8_-1.5010.jpg,-1.501,0.54,411.0226745605469,640,480,ok,-0.004866933822631836,1.0,259,320.0,234.9676513671875,401.9175109863281,318.4425811767578,166.94985961914062,,3,"[198, 272]","[380, 423]","[[53, 108], [198, 272], [380, 423]]",
2472,train,26北理工l,8,E:\桌面\v-Net\dataset\26合并\26北理工l\l-530-1\4\8_-1.5100.jpg,-1.51,0.54,411.0226745605469,640,480,ok,0.032203960418701175,1.0,259,320.0,291.217041015625,369.39349365234375,330.3052673339844,78.17645263671875,,3,"[285, 298]","[348, 392]","[[216, 243], [285, 298], [348, 392]]",
2473,train,26北理工l,8,E:\桌面\v-Net\dataset\26合并\26北理工l\l-530-1\5\8_1.6000.jpg,1.6,0.54,411.0226745605469,640,480,inferred_missing_left,-0.23105311393737793,0.6,259,320.0,40.551666259765625,451.5743408203125,246.06300354003906,411.0226745605469,411.0226745605469,1,,,"[[400, 511]]",
2474,train,26北理工l,9,E:\桌面\v-Net\dataset\26合并\26北理工l\l-530-1\2\9_0.0000.jpg,0.0,0.54,411.0226745605469,640,480,inferred_missing_left,-0.13179755210876465,0.6,259,320.0,72.31344604492188,483.33612060546875,277.8247833251953,411.0226745605469,411.0226745605469,1,,,"[[451, 516]]",
2475,train,26北理工l,9,E:\桌面\v-Net\dataset\26合并\26北理工l\l-530-1\3\9_-1.5010.jpg,-1.501,0.54,411.0226745605469,640,480,ok,-0.04335296154022217,1.0,259,320.0,235.30067443847656,376.95343017578125,306.1270523071289,141.6527557373047,,3,"[198, 273]","[356, 398]","[[33, 84], [198, 273], [356, 398]]",
2476,train,26北理工l,10,E:\桌面\v-Net\dataset\26合并\26北理工l\l-530-1\3\10_-1.5010.jpg,-1.501,0.54,411.0226745605469,640,480,ok,-0.06546051502227783,1.0,259,320.0,235.20542907714844,362.89984130859375,299.0526351928711,127.69441223144531,,3,"[198, 272]","[343, 382]","[[19, 70], [198, 272], [343, 382]]",
2477,train,26北理工l,10,E:\桌面\v-Net\dataset\26合并\26北理工l\l-530-1\4\10_-1.5100.jpg,-1.51,0.54,411.0226745605469,640,480,inferred_missing_right,0.4158041000366211,0.6,259,320.0,267.1146240234375,639.0,453.05731201171875,371.8853759765625,411.0226745605469,1,,,"[[231, 312]]",
2478,train,26北理工l,10,E:\桌面\v-Net\dataset\26合并\26北理工l\l-530-1\5\10_1.6000.jpg,1.6,0.54,411.0226745605469,640,480,inferred_missing_left,-0.1496762752532959,0.6,259,320.0,66.59225463867188,477.61492919921875,272.1035919189453,411.0226745605469,411.0226745605469,1,,,"[[427, 532]]",
2479,train,26北理工l,11,E:\桌面\v-Net\dataset\26合并\26北理工l\l-530-1\2\11_0.0000.jpg,0.0,0.54,411.0226745605469,640,480,inferred_missing_left,-0.21644864082336426,0.6,259,320.0,45.22509765625,456.2477722167969,250.73643493652344,411.0226745605469,411.0226745605469,1,,,"[[423, 490]]",
2480,train,26北理工l,11,E:\桌面\v-Net\dataset\26合并\26北理工l\l-530-1\3\11_-1.5010.jpg,-1.501,0.54,411.0226745605469,640,480,insufficient_yellow_edges,,0.0,259,320.0,,,,,,3,,,"[[0, 38], [198, 271], [290, 315]]",
2481,train,26北理工l,11,E:\桌面\v-Net\dataset\26合并\26北理工l\l-530-1\4\11_-1.5100.jpg,-1.51,0.54,411.0226745605469,640,480,inferred_missing_right,0.4078533172607422,0.6,259,320.0,262.026123046875,639.0,450.5130615234375,376.973876953125,411.0226745605469,1,,,"[[222, 298]]",
2482,train,26北理工l,11,E:\桌面\v-Net\dataset\26合并\26北理工l\l-530-1\5\11_1.6000.jpg,1.6,0.54,411.0226745605469,640,480,inferred_missing_left,-0.11930766105651855,0.6,259,320.0,76.31021118164062,487.3328857421875,281.82154846191406,411.0226745605469,411.0226745605469,1,,,"[[437, 541]]",
2483,train,26北理工l,12,E:\桌面\v-Net\dataset\26合并\26北理工l\l-530-1\2\12_0.0000.jpg,0.0,0.54,411.0226745605469,640,480,inferred_missing_left,-0.23931508064270018,0.6,259,320.0,37.9078369140625,448.9305114746094,243.41917419433594,411.0226745605469,411.0226745605469,1,,,"[[415, 483]]",
2484,train,26北理工l,12,E:\桌面\v-Net\dataset\26合并\26北理工l\l-530-1\3\12_-1.5010.jpg,-1.501,0.54,411.0226745605469,640,480,insufficient_yellow_edges,,0.0,259,320.0,,,,,,2,,,"[[0, 19], [198, 307]]",
2485,train,26北理工l,12,E:\桌面\v-Net\dataset\26合并\26北理工l\l-530-1\4\12_-1.5100.jpg,-1.51,0.54,411.0226745605469,640,480,inferred_missing_right,0.36390712261199953,0.6,259,320.0,233.9005584716797,639.0,436.45027923583984,405.0994415283203,411.0226745605469,1,,,"[[205, 265]]",
2486,train,26北理工l,12,E:\桌面\v-Net\dataset\26合并\26北理工l\l-530-1\5\12_1.6000.jpg,1.6,0.54,411.0226745605469,640,480,inferred_missing_left,-0.06615443229675293,0.6,259,320.0,93.31924438476562,504.3419189453125,298.83058166503906,411.0226745605469,411.0226745605469,1,,,"[[457, 556]]",
2487,train,26北理工l,13,E:\桌面\v-Net\dataset\26合并\26北理工l\l-530-1\2\13_1.5800.jpg,1.58,0.54,411.0226745605469,640,480,inferred_missing_left,-0.29529271125793455,0.6,259,320.0,19.9949951171875,431.0176696777344,225.50633239746094,411.0226745605469,411.0226745605469,1,,,"[[396, 466]]",
2488,train,26北理工l,13,E:\桌面\v-Net\dataset\26合并\26北理工l\l-530-1\3\13_-1.5010.jpg,-1.501,0.54,411.0226745605469,640,480,inferred_missing_right,0.3727329015731812,0.6,259,320.0,239.54905700683594,639.0,439.27452850341797,399.45094299316406,411.0226745605469,1,,,"[[192, 278]]",
2489,train,26北理工l,13,E:\桌面\v-Net\dataset\26合并\26北理工l\l-530-1\4\13_-1.5100.jpg,-1.51,0.54,411.0226745605469,640,480,inferred_missing_right,0.20995659828186036,0.6,259,320.0,181.67477416992188,592.6974487304688,387.1861114501953,411.0226745605469,411.0226745605469,1,,,"[[150, 214]]",
2490,train,26北理工l,14,E:\桌面\v-Net\dataset\26合并\26北理工l\l-530-1\2\14_1.5800.jpg,1.58,0.54,411.0226745605469,640,480,inferred_missing_left,-0.30542407035827634,0.6,259,320.0,16.752960205078125,427.775634765625,222.26429748535156,411.0226745605469,411.0226745605469,1,,,"[[393, 463]]",
2491,train,26北理工l,14,E:\桌面\v-Net\dataset\26合并\26北理工l\l-530-1\3\14_-1.5010.jpg,-1.501,0.54,411.0226745605469,640,480,inferred_missing_right,0.34142608642578126,0.6,259,320.0,223.74501037597656,634.7676849365234,429.25634765625,411.0226745605469,411.0226745605469,1,,,"[[195, 255]]",
2492,train,26北理工l,14,E:\桌面\v-Net\dataset\26合并\26北理工l\l-530-1\4\14_-1.5100.jpg,-1.51,0.54,411.0226745605469,640,480,inferred_missing_right,-0.06931724548339843,0.6,259,320.0,92.30714416503906,503.32981872558594,297.8184814453125,411.0226745605469,411.0226745605469,1,,,"[[59, 127]]",
2493,train,26北理工l,15,E:\桌面\v-Net\dataset\26合并\26北理工l\l-530-1\2\15_1.5800.jpg,1.58,0.54,411.0226745605469,640,480,inferred_missing_left,-0.3285838603973389,0.6,259,320.0,9.341827392578125,420.364501953125,214.85316467285156,411.0226745605469,411.0226745605469,1,,,"[[386, 455]]",
2494,train,26北理工l,15,E:\桌面\v-Net\dataset\26合并\26北理工l\l-530-1\3\15_-1.5010.jpg,-1.501,0.54,411.0226745605469,640,480,insufficient_yellow_edges,,0.0,259,320.0,,,,,,2,,,"[[139, 197], [231, 270]]",
2495,train,26北理工l,15,E:\桌面\v-Net\dataset\26合并\26北理工l\l-530-1\4\15_-1.5100.jpg,-1.51,0.54,411.0226745605469,640,480,inferred_missing_right,-0.27831528782844545,0.6,259,320.0,25.427770614624023,436.4504451751709,230.93910789489746,411.0226745605469,411.0226745605469,1,,,"[[0, 58]]",
2496,train,26北理工l,15,E:\桌面\v-Net\dataset\26合并\26北理工l\l-530-1\5\15_1.6000.jpg,1.6,0.54,411.0226745605469,640,480,inferred_missing_left,0.046045351028442386,0.6,259,320.0,129.22317504882812,540.245849609375,334.73451232910156,411.0226745605469,411.0226745605469,1,,,"[[504, 580]]",
2497,train,26北理工l,16,E:\桌面\v-Net\dataset\26合并\26北理工l\l-530-1\3\16_-1.5010.jpg,-1.501,0.54,411.0226745605469,640,480,insufficient_yellow_edges,,0.0,259,320.0,,,,,,2,,,"[[107, 168], [211, 261]]",
2498,train,26北理工l,16,E:\桌面\v-Net\dataset\26合并\26北理工l\l-530-1\5\16_1.6000.jpg,1.6,0.54,411.0226745605469,640,480,inferred_missing_left,0.1399263858795166,0.6,259,320.0,159.26510620117188,570.2877807617188,364.7764434814453,411.0226745605469,411.0226745605469,1,,,"[[533, 617]]",
2499,train,26北理工l,17,E:\桌面\v-Net\dataset\26合并\26北理工l\l-530-1\2\17_1.5800.jpg,1.58,0.54,411.0226745605469,640,480,inferred_missing_left,-0.35761151313781736,0.6,259,320.0,0.052978515625,411.0756530761719,205.56431579589844,411.0226745605469,411.0226745605469,1,,,"[[376, 446]]",
2500,train,26北理工l,17,E:\桌面\v-Net\dataset\26合并\26北理工l\l-530-1\3\17_-1.5010.jpg,-1.501,0.54,411.0226745605469,640,480,ok,0.27026236057281494,1.0,259,320.0,208.3905792236328,604.5773315429688,406.4839553833008,396.18675231933594,,3,"[184, 229]","[599, 610]","[[40, 102], [184, 229], [599, 610]]",
2501,train,26北理工l,17,E:\桌面\v-Net\dataset\26合并\26北理工l\l-530-1\4\17_1.8900.jpg,1.89,0.54,411.0226745605469,640,480,insufficient_yellow_edges,,0.0,259,320.0,,,,,,0,,,[],
2502,train,26北理工l,18,E:\桌面\v-Net\dataset\26合并\26北理工l\l-530-1\4\18_1.8900.jpg,1.89,0.54,411.0226745605469,640,480,insufficient_yellow_edges,,0.0,259,320.0,,,,,,0,,,[],
2503,train,26北理工l,18,E:\桌面\v-Net\dataset\26合并\26北理工l\l-530-1\5\18_1.6000.jpg,1.6,0.54,411.0226745605469,640,480,inferred_missing_left,0.2565475940704346,0.6,259,320.0,196.58389282226562,607.6065673828125,402.09523010253906,411.0226745605469,411.0226745605469,1,,,"[[580, 639]]",
2504,train,26北理工l,19,E:\桌面\v-Net\dataset\26合并\26北理工l\l-530-1\2\19_1.5800.jpg,1.58,0.54,411.0226745605469,640,480,inferred_missing_left,-0.36032819747924805,0.6,259,320.0,0.0,409.38995361328125,204.69497680664062,409.38995361328125,411.0226745605469,1,,,"[[373, 445]]",
2505,train,26北理工l,19,E:\桌面\v-Net\dataset\26合并\26北理工l\l-530-1\3\19_-1.5010.jpg,-1.501,0.54,411.0226745605469,640,480,ok,0.22735702991485596,1.0,259,320.0,224.19642639160156,561.3120727539062,392.7542495727539,337.1156463623047,,2,"[198, 251]","[541, 578]","[[198, 251], [541, 578]]",
2506,train,26北理工l,19,E:\桌面\v-Net\dataset\26合并\26北理工l\l-530-1\4\19_1.8900.jpg,1.89,0.54,411.0226745605469,640,480,insufficient_yellow_edges,,0.0,259,320.0,,,,,,0,,,[],
2507,train,26北理工l,20,E:\桌面\v-Net\dataset\26合并\26北理工l\l-530-1\2\20_1.5800.jpg,1.58,0.54,411.0226745605469,640,480,inferred_missing_left,-0.36197514533996583,0.6,259,320.0,0.0,408.3359069824219,204.16795349121094,408.3359069824219,411.0226745605469,1,,,"[[372, 444]]",
2508,train,26北理工l,20,E:\桌面\v-Net\dataset\26合并\26北理工l\l-530-1\3\20_-1.5010.jpg,-1.501,0.54,411.0226745605469,640,480,ok,0.1820314884185791,1.0,259,320.0,210.85684204101562,545.643310546875,378.2500762939453,334.7864685058594,,2,"[183, 235]","[520, 566]","[[183, 235], [520, 566]]",
2509,train,26北理工l,20,E:\桌面\v-Net\dataset\26合并\26北理工l\l-530-1\4\20_1.8900.jpg,1.89,0.54,411.0226745605469,640,480,insufficient_yellow_edges,,0.0,259,320.0,,,,,,0,,,[],
2510,train,26北理工l,20,E:\桌面\v-Net\dataset\26合并\26北理工l\l-530-1\5\20_1.6000.jpg,1.6,0.54,411.0226745605469,640,480,insufficient_yellow_edges,,0.0,259,320.0,,,,,,0,,,[],
2511,train,26北理工l,21,E:\桌面\v-Net\dataset\26合并\26北理工l\l-530-1\4\21_1.8900.jpg,1.89,0.54,411.0226745605469,640,480,insufficient_yellow_edges,,0.0,259,320.0,,,,,,0,,,[],
2512,train,26北理工l,22,E:\桌面\v-Net\dataset\26合并\26北理工l\l-530-1\3\22_-1.5010.jpg,-1.501,0.54,411.0226745605469,640,480,ok,0.15620768070220947,1.0,259,320.0,229.10426330566406,510.86865234375,369.98645782470703,281.76438903808594,,2,"[205, 255]","[484, 537]","[[205, 255], [484, 537]]",
2513,train,26北理工l,23,E:\桌面\v-Net\dataset\26合并\26北理工l\l-530-1\2\23_1.5800.jpg,1.58,0.54,411.0226745605469,640,480,inferred_missing_left,-0.3635986804962158,0.6,259,320.0,0.0,407.2968444824219,203.64842224121094,407.2968444824219,411.0226745605469,1,,,"[[372, 443]]",
2514,train,26北理工l,23,E:\桌面\v-Net\dataset\26合并\26北理工l\l-530-1\3\23_-1.5010.jpg,-1.501,0.54,411.0226745605469,640,480,ok,-0.05393354892730713,1.0,259,320.0,203.1605987548828,402.3219299316406,302.7412643432617,199.1613311767578,,3,"[177, 226]","[388, 415]","[[177, 226], [388, 415], [462, 517]]",
2515,train,26北理工l,24,E:\桌面\v-Net\dataset\26合并\26北理工l\l-530-1\2\24_1.5800.jpg,1.58,0.54,411.0226745605469,640,480,insufficient_yellow_edges,,0.0,259,320.0,,,,,,2,,,"[[371, 441], [597, 639]]",
2516,train,26北理工l,24,E:\桌面\v-Net\dataset\26合并\26北理工l\l-530-1\3\24_-1.5010.jpg,-1.501,0.54,411.0226745605469,640,480,ok,-0.10072841644287109,1.0,259,320.0,191.4339599609375,384.099853515625,287.76690673828125,192.6658935546875,,3,"[175, 209]","[357, 406]","[[175, 209], [357, 406], [452, 499]]",
2517,train,26北理工l,25,E:\桌面\v-Net\dataset\26合并\26北理工l\l-530-1\2\25_1.5800.jpg,1.58,0.54,411.0226745605469,640,480,insufficient_yellow_edges,,0.0,259,320.0,,,,,,2,,,"[[369, 441], [550, 639]]",
2518,train,26北理工l,25,E:\桌面\v-Net\dataset\26合并\26北理工l\l-530-1\4\25_1.8900.jpg,1.89,0.54,411.0226745605469,640,480,insufficient_yellow_edges,,0.0,259,320.0,,,,,,0,,,[],
2519,train,26北理工l,25,E:\桌面\v-Net\dataset\26合并\26北理工l\l-530-1\5\25_1.6000.jpg,1.6,0.54,411.0226745605469,640,480,insufficient_yellow_edges,,0.0,259,320.0,,,,,,0,,,[],
2520,train,26北理工l,26,E:\桌面\v-Net\dataset\26合并\26北理工l\l-530-1\2\26_1.5800.jpg,1.58,0.54,411.0226745605469,640,480,insufficient_yellow_edges,,0.0,259,320.0,,,,,,2,,,"[[368, 438], [527, 639]]",
2521,train,26北理工l,26,E:\桌面\v-Net\dataset\26合并\26北理工l\l-530-1\4\26_1.8900.jpg,1.89,0.54,411.0226745605469,640,480,insufficient_yellow_edges,,0.0,259,320.0,,,,,,0,,,[],
2522,train,26北理工l,27,E:\桌面\v-Net\dataset\26合并\26北理工l\l-530-1\3\27_-1.5010.jpg,-1.501,0.54,411.0226745605469,640,480,ok,0.2398733377456665,1.0,259,320.0,170.4160919189453,623.1028442382812,396.7594680786133,452.68675231933594,,2,"[80, 244]","[604, 639]","[[80, 244], [604, 639]]",
2523,train,26北理工l,27,E:\桌面\v-Net\dataset\26合并\26北理工l\l-530-1\4\27_1.8900.jpg,1.89,0.54,411.0226745605469,640,480,insufficient_yellow_edges,,0.0,259,320.0,,,,,,0,,,[],
2524,train,26北理工l,28,E:\桌面\v-Net\dataset\26合并\26北理工l\l-530-1\2\28_1.5800.jpg,1.58,0.54,411.0226745605469,640,480,insufficient_yellow_edges,,0.0,259,320.0,,,,,,2,,,"[[370, 443], [507, 584]]",
2525,train,26北理工l,28,E:\桌面\v-Net\dataset\26合并\26北理工l\l-530-1\4\28_1.8900.jpg,1.89,0.54,411.0226745605469,640,480,insufficient_yellow_edges,,0.0,259,320.0,,,,,,0,,,[],
2526,train,26北理工l,29,E:\桌面\v-Net\dataset\26合并\26北理工l\l-530-1\2\29_1.5800.jpg,1.58,0.54,411.0226745605469,640,480,insufficient_yellow_edges,,0.0,259,320.0,,,,,,3,,,"[[370, 443], [478, 487], [500, 559]]",
2527,train,26北理工l,29,E:\桌面\v-Net\dataset\26合并\26北理工l\l-530-1\3\29_-1.5010.jpg,-1.501,0.54,411.0226745605469,640,480,ok,0.15439205169677733,1.0,259,320.0,151.51043701171875,587.3004760742188,369.40545654296875,435.7900390625,,3,"[124, 179]","[566, 610]","[[0, 27], [124, 179], [566, 610]]",
2528,train,26北理工l,29,E:\桌面\v-Net\dataset\26合并\26北理工l\l-530-1\5\29_1.6000.jpg,1.6,0.54,411.0226745605469,640,480,inferred_missing_left,-0.012162733078002929,0.6,259,320.0,110.59658813476562,521.6192626953125,316.10792541503906,411.0226745605469,411.0226745605469,1,,,"[[496, 546]]",
2529,train,26北理工l,30,E:\桌面\v-Net\dataset\26合并\26北理工l\l-530-1\2\30_1.5800.jpg,1.58,0.54,411.0226745605469,640,480,insufficient_yellow_edges,,0.0,259,320.0,,,,,,3,,,"[[370, 443], [472, 501], [518, 540]]",
2530,train,26北理工l,30,E:\桌面\v-Net\dataset\26合并\26北理工l\l-530-1\3\30_-1.5010.jpg,-1.501,0.54,411.0226745605469,640,480,ok,0.11643471717834472,1.0,259,320.0,140.63839721679688,573.8798217773438,357.2591094970703,433.2414245605469,,2,"[114, 166]","[552, 596]","[[114, 166], [552, 596]]",
2531,train,26北理工l,30,E:\桌面\v-Net\dataset\26合并\26北理工l\l-530-1\4\30_1.8900.jpg,1.89,0.54,411.0226745605469,640,480,insufficient_yellow_edges,,0.0,259,320.0,,,,,,0,,,[],
2532,train,26北理工l,30,E:\桌面\v-Net\dataset\26合并\26北理工l\l-530-1\5\30_1.6000.jpg,1.6,0.54,411.0226745605469,640,480,inferred_missing_left,0.17963166236877443,0.6,259,320.0,171.97079467773438,582.9934692382812,377.4821319580078,411.0226745605469,411.0226745605469,1,,,"[[546, 619]]",
2533,train,26北理工l,31,E:\桌面\v-Net\dataset\26合并\26北理工l\l-530-1\2\31_1.5800.jpg,1.58,0.54,411.0226745605469,640,480,insufficient_yellow_edges,,0.0,259,320.0,,,,,,2,,,"[[370, 444], [462, 505]]",
2534,train,26北理工l,31,E:\桌面\v-Net\dataset\26合并\26北理工l\l-530-1\3\31_-1.5010.jpg,-1.501,0.54,411.0226745605469,640,480,ok,0.03670475482940674,1.0,259,320.0,115.70826721191406,547.7827758789062,331.74552154541016,432.0745086669922,,2,"[87, 142]","[526, 571]","[[87, 142], [526, 571]]",
2535,train,26北理工l,31,E:\桌面\v-Net\dataset\26合并\26北理工l\l-530-1\5\31_1.6000.jpg,1.6,0.54,411.0226745605469,640,480,inferred_missing_right,-0.33119758665561677,0.6,259,320.0,8.5054349899292,419.5281095504761,214.01677227020264,411.0226745605469,411.0226745605469,1,,,"[[0, 19]]",
2536,train,26北理工l,32,E:\桌面\v-Net\dataset\26合并\26北理工l\l-530-1\2\32_1.5800.jpg,1.58,0.54,411.0226745605469,640,480,insufficient_yellow_edges,,0.0,259,320.0,,,,,,2,,,"[[369, 443], [456, 518]]",
2537,train,26北理工l,32,E:\桌面\v-Net\dataset\26合并\26北理工l\l-530-1\3\32_0.0000.jpg,0.0,0.54,411.0226745605469,640,480,ok,-0.002151453495025635,1.0,259,320.0,104.98299407958984,533.6400756835938,319.3115348815918,428.6570816040039,,2,"[79, 130]","[511, 557]","[[79, 130], [511, 557]]",
2538,train,26北理工l,32,E:\桌面\v-Net\dataset\26合并\26北理工l\l-530-1\4\32_1.8900.jpg,1.89,0.54,411.0226745605469,640,480,insufficient_yellow_edges,,0.0,259,320.0,,,,,,0,,,[],
2539,train,26北理工l,32,E:\桌面\v-Net\dataset\26合并\26北理工l\l-530-1\5\32_1.6000.jpg,1.6,0.54,411.0226745605469,640,480,inferred_missing_right,-0.3086362719535828,0.6,259,320.0,15.725055694580078,426.74773025512695,221.23639297485352,411.0226745605469,411.0226745605469,1,,,"[[0, 37]]",
2540,train,26北理工l,33,E:\桌面\v-Net\dataset\26合并\26北理工l\l-530-1\2\33_1.5800.jpg,1.58,0.54,411.0226745605469,640,480,inferred_missing_left,-0.29509902000427246,0.6,259,320.0,20.056976318359375,431.07965087890625,225.5683135986328,411.0226745605469,411.0226745605469,1,,,"[[371, 510]]",
2541,train,26北理工l,33,E:\桌面\v-Net\dataset\26合并\26北理工l\l-530-1\3\33_0.0000.jpg,0.0,0.54,411.0226745605469,640,480,ok,-0.05179743766784668,1.0,259,320.0,89.89425659179688,516.9553833007812,303.42481994628906,427.0611267089844,,2,"[64, 115]","[495, 540]","[[64, 115], [495, 540]]",
2542,train,26北理工l,33,E:\桌面\v-Net\dataset\26合并\26北理工l\l-530-1\4\33_1.8900.jpg,1.89,0.54,411.0226745605469,640,480,insufficient_yellow_edges,,0.0,259,320.0,,,,,,0,,,[],
2543,train,26北理工l,34,E:\桌面\v-Net\dataset\26合并\26北理工l\l-530-1\3\34_0.0000.jpg,0.0,0.54,411.0226745605469,640,480,ok,-0.051474010944366454,1.0,259,320.0,89.95384979248047,517.102783203125,303.52831649780273,427.14893341064453,,2,"[65, 114]","[494, 541]","[[65, 114], [494, 541]]",
2544,train,26北理工l,34,E:\桌面\v-Net\dataset\26合并\26北理工l\l-530-1\4\34_1.8900.jpg,1.89,0.54,411.0226745605469,640,480,insufficient_yellow_edges,,0.0,259,320.0,,,,,,0,,,[],
2545,train,26北理工l,34,E:\桌面\v-Net\dataset\26合并\26北理工l\l-530-1\5\34_1.6000.jpg,1.6,0.54,411.0226745605469,640,480,inferred_missing_right,-0.14330239295959474,0.6,259,320.0,68.63189697265625,479.6545715332031,274.1432342529297,411.0226745605469,411.0226745605469,1,,,"[[0, 145]]",
2546,train,26北理工l,35,E:\桌面\v-Net\dataset\26合并\26北理工l\l-530-1\3\35_0.0000.jpg,0.0,0.54,411.0226745605469,640,480,ok,-0.05400911569595337,1.0,259,320.0,87.36775970458984,518.06640625,302.7170829772949,430.69864654541016,,2,"[62, 112]","[496, 541]","[[62, 112], [496, 541]]",
2547,train,26北理工l,35,E:\桌面\v-Net\dataset\26合并\26北理工l\l-530-1\5\35_-1.6400.jpg,-1.64,0.54,411.0226745605469,640,480,inferred_missing_right,0.030613303184509277,0.6,259,320.0,124.28491973876953,535.3075942993164,329.79625701904297,411.0226745605469,411.0226745605469,1,,,"[[35, 213]]",
2548,train,26北理工l,36,E:\桌面\v-Net\dataset\26合并\26北理工l\l-530-1\2\36_1.5800.jpg,1.58,0.54,411.0226745605469,640,480,insufficient_yellow_edges,,0.0,259,320.0,,,,,,2,,,"[[365, 439], [452, 494]]",
2549,train,26北理工l,36,E:\桌面\v-Net\dataset\26合并\26北理工l\l-530-1\4\36_1.8900.jpg,1.89,0.54,411.0226745605469,640,480,inferred_missing_right,-0.27652707099914553,0.6,259,320.0,26.0,437.0226745605469,231.51133728027344,411.0226745605469,411.0226745605469,1,,,"[[22, 30]]",
2550,train,26北理工l,37,E:\桌面\v-Net\dataset\26合并\26北理工l\l-530-1\2\37_1.5800.jpg,1.58,0.54,411.0226745605469,640,480,insufficient_yellow_edges,,0.0,259,320.0,,,,,,2,,,"[[364, 438], [456, 496]]",
2551,train,26北理工l,37,E:\桌面\v-Net\dataset\26合并\26北理工l\l-530-1\3\37_0.0000.jpg,0.0,0.54,411.0226745605469,640,480,ok,-0.03877294063568115,1.0,259,320.0,88.90522766113281,526.2800903320312,307.59265899658203,437.37486267089844,,2,"[63, 115]","[507, 546]","[[63, 115], [507, 546]]",
2552,train,26北理工l,38,E:\桌面\v-Net\dataset\26合并\26北理工l\l-530-1\3\38_0.0000.jpg,0.0,0.54,411.0226745605469,640,480,ok,-0.02771672010421753,1.0,259,320.0,91.63660430908203,530.6246948242188,311.1306495666504,438.9880905151367,,2,"[65, 117]","[511, 550]","[[65, 117], [511, 550]]",
2553,train,26北理工l,38,E:\桌面\v-Net\dataset\26合并\26北理工l\l-530-1\4\38_0.0000.jpg,0.0,0.54,411.0226745605469,640,480,insufficient_yellow_edges,,0.0,259,320.0,,,,,,0,,,[],
2554,train,26北理工l,39,E:\桌面\v-Net\dataset\26合并\26北理工l\l-530-1\2\39_1.5800.jpg,1.58,0.54,411.0226745605469,640,480,insufficient_yellow_edges,,0.0,259,320.0,,,,,,2,,,"[[359, 434], [466, 507]]",
2555,train,26北理工l,39,E:\桌面\v-Net\dataset\26合并\26北理工l\l-530-1\4\39_0.0000.jpg,0.0,0.54,411.0226745605469,640,480,insufficient_yellow_edges,,0.0,259,320.0,,,,,,0,,,[],
2556,train,26北理工l,39,E:\桌面\v-Net\dataset\26合并\26北理工l\l-530-1\5\39_-1.6400.jpg,-1.64,0.54,411.0226745605469,640,480,inferred_missing_right,0.3987734317779541,0.6,259,320.0,256.2149963378906,639.0,447.6074981689453,382.7850036621094,411.0226745605469,1,,,"[[215, 293]]",
2557,train,26北理工l,40,E:\桌面\v-Net\dataset\26合并\26北理工l\l-530-1\5\40_-1.6400.jpg,-1.64,0.54,411.0226745605469,640,480,inferred_missing_right,0.4105055332183838,0.6,259,320.0,263.7235412597656,639.0,451.3617706298828,375.2764587402344,411.0226745605469,1,,,"[[227, 297]]",
2558,train,26北理工l,41,E:\桌面\v-Net\dataset\26合并\26北理工l\l-530-1\2\41_1.5800.jpg,1.58,0.54,411.0226745605469,640,480,insufficient_yellow_edges,,0.0,259,320.0,,,,,,2,,,"[[357, 430], [485, 527]]",
2559,train,26北理工l,41,E:\桌面\v-Net\dataset\26合并\26北理工l\l-530-1\4\41_0.0000.jpg,0.0,0.54,411.0226745605469,640,480,insufficient_yellow_edges,,0.0,259,320.0,,,,,,0,,,[],
2560,train,26北理工l,42,E:\桌面\v-Net\dataset\26合并\26北理工l\l-530-1\2\42_1.5800.jpg,1.58,0.54,411.0226745605469,640,480,insufficient_yellow_edges,,0.0,259,320.0,,,,,,2,,,"[[356, 429], [492, 533]]",
2561,train,26北理工l,42,E:\桌面\v-Net\dataset\26合并\26北理工l\l-530-1\3\42_0.0000.jpg,0.0,0.54,411.0226745605469,640,480,ok,0.0836678385734558,1.0,259,320.0,102.97130584716797,590.5761108398438,346.77370834350586,487.6048049926758,,2,"[74, 131]","[555, 633]","[[74, 131], [555, 633]]",
2562,train,26北理工l,42,E:\桌面\v-Net\dataset\26合并\26北理工l\l-530-1\4\42_0.0000.jpg,0.0,0.54,411.0226745605469,640,480,insufficient_yellow_edges,,0.0,259,320.0,,,,,,0,,,[],
2563,train,26北理工l,42,E:\桌面\v-Net\dataset\26合并\26北理工l\l-530-1\5\42_-1.6400.jpg,-1.64,0.54,411.0226745605469,640,480,inferred_missing_right,0.40300812721252444,0.6,259,320.0,258.9252014160156,639.0,448.9626007080078,380.0747985839844,411.0226745605469,1,,,"[[232, 284]]",
2564,train,26北理工l,43,E:\桌面\v-Net\dataset\26合并\26北理工l\l-530-1\2\43_1.5800.jpg,1.58,0.54,411.0226745605469,640,480,insufficient_yellow_edges,,0.0,259,320.0,,,,,,2,,,"[[357, 429], [510, 550]]",
2565,train,26北理工l,43,E:\桌面\v-Net\dataset\26合并\26北理工l\l-530-1\4\43_0.0000.jpg,0.0,0.54,411.0226745605469,640,480,insufficient_yellow_edges,,0.0,259,320.0,,,,,,0,,,[],
2566,train,26北理工l,43,E:\桌面\v-Net\dataset\26合并\26北理工l\l-530-1\5\43_-1.6400.jpg,-1.64,0.54,411.0226745605469,640,480,inferred_missing_right,0.3760145902633667,0.6,259,320.0,241.6493377685547,639.0,440.32466888427734,397.3506622314453,411.0226745605469,1,,,"[[219, 263]]",
2567,train,26北理工l,44,E:\桌面\v-Net\dataset\26合并\26北理工l\l-530-1\2\44_1.5800.jpg,1.58,0.54,411.0226745605469,640,480,insufficient_yellow_edges,,0.0,259,320.0,,,,,,2,,,"[[355, 428], [518, 563]]",
2568,train,26北理工l,44,E:\桌面\v-Net\dataset\26合并\26北理工l\l-530-1\3\44_0.0000.jpg,0.0,0.54,411.0226745605469,640,480,ok,0.15454157590866088,1.0,259,320.0,116.01702117919922,622.8895874023438,369.4533042907715,506.87256622314453,,2,"[86, 146]","[599, 639]","[[86, 146], [599, 639]]",
2569,train,26北理工l,44,E:\桌面\v-Net\dataset\26合并\26北理工l\l-530-1\4\44_0.0000.jpg,0.0,0.54,411.0226745605469,640,480,insufficient_yellow_edges,,0.0,259,320.0,,,,,,0,,,[],
2570,train,26北理工l,44,E:\桌面\v-Net\dataset\26合并\26北理工l\l-530-1\5\44_-1.6400.jpg,-1.64,0.54,411.0226745605469,640,480,inferred_missing_right,0.35551464557647705,0.6,259,320.0,228.5293731689453,639.0,433.76468658447266,410.4706268310547,411.0226745605469,1,,,"[[207, 249]]",
2571,train,26北理工l,45,E:\桌面\v-Net\dataset\26合并\26北理工l\l-530-1\2\45_1.5800.jpg,1.58,0.54,411.0226745605469,640,480,insufficient_yellow_edges,,0.0,259,320.0,,,,,,2,,,"[[353, 426], [539, 581]]",
2572,train,26北理工l,45,E:\桌面\v-Net\dataset\26合并\26北理工l\l-530-1\5\45_-1.6400.jpg,-1.64,0.54,411.0226745605469,640,480,inferred_missing_right,0.1845465660095215,0.6,259,320.0,173.54356384277344,584.5662384033203,379.0549011230469,411.0226745605469,411.0226745605469,1,,,"[[151, 196]]",
2573,train,26北理工l,46,E:\桌面\v-Net\dataset\26合并\26北理工l\l-530-1\2\46_1.5800.jpg,1.58,0.54,411.0226745605469,640,480,insufficient_yellow_edges,,0.0,259,320.0,,,,,,2,,,"[[357, 427], [553, 598]]",
2574,train,26北理工l,46,E:\桌面\v-Net\dataset\26合并\26北理工l\l-530-1\3\46_0.0000.jpg,0.0,0.54,411.0226745605469,640,480,inferred_missing_right,0.04502449035644531,0.6,259,320.0,128.89649963378906,539.9191741943359,334.4078369140625,411.0226745605469,411.0226745605469,1,,,"[[99, 158]]",
2575,train,26北理工l,46,E:\桌面\v-Net\dataset\26合并\26北理工l\l-530-1\4\46_0.0000.jpg,0.0,0.54,411.0226745605469,640,480,insufficient_yellow_edges,,0.0,259,320.0,,,,,,0,,,[],
2576,train,26北理工l,46,E:\桌面\v-Net\dataset\26合并\26北理工l\l-530-1\5\46_-1.6400.jpg,-1.64,0.54,411.0226745605469,640,480,inferred_missing_right,-0.08062655925750732,0.6,259,320.0,88.68816375732422,499.7108383178711,294.19950103759766,411.0226745605469,411.0226745605469,1,,,"[[52, 124]]",
2577,train,26北理工l,47,E:\桌面\v-Net\dataset\26合并\26北理工l\l-530-1\2\47_1.5800.jpg,1.58,0.54,411.0226745605469,640,480,insufficient_yellow_edges,,0.0,259,320.0,,,,,,2,,,"[[352, 426], [578, 620]]",
2578,train,26北理工l,47,E:\桌面\v-Net\dataset\26合并\26北理工l\l-530-1\3\47_0.0000.jpg,0.0,0.54,411.0226745605469,640,480,inferred_missing_right,0.07637505531311035,0.6,259,320.0,138.92868041992188,549.9513549804688,344.4400177001953,411.0226745605469,411.0226745605469,1,,,"[[104, 174]]",
2579,train,26北理工l,47,E:\桌面\v-Net\dataset\26合并\26北理工l\l-530-1\4\47_0.0000.jpg,0.0,0.54,411.0226745605469,640,480,insufficient_yellow_edges,,0.0,259,320.0,,,,,,0,,,[],
2580,train,26北理工l,47,E:\桌面\v-Net\dataset\26合并\26北理工l\l-530-1\5\47_1.4051.jpg,1.4051,0.54,411.0226745605469,640,480,ok,0.017274457216262817,1.0,259,320.0,18.816211700439453,632.2394409179688,325.5278263092041,613.4232292175293,,2,"[0, 48]","[624, 639]","[[0, 48], [624, 639]]",
2581,train,26北理工l,48,E:\桌面\v-Net\dataset\26合并\26北理工l\l-530-1\2\48_1.5800.jpg,1.58,0.54,411.0226745605469,640,480,insufficient_yellow_edges,,0.0,259,320.0,,,,,,2,,,"[[354, 428], [594, 635]]",
2582,train,26北理工l,48,E:\桌面\v-Net\dataset\26合并\26北理工l\l-530-1\3\48_0.0000.jpg,0.0,0.54,411.0226745605469,640,480,inferred_missing_right,0.09426584243774414,0.6,259,320.0,144.6537322998047,555.6764068603516,350.1650695800781,411.0226745605469,411.0226745605469,1,,,"[[105, 181]]",
2583,train,26北理工l,48,E:\桌面\v-Net\dataset\26合并\26北理工l\l-530-1\4\48_0.0000.jpg,0.0,0.54,411.0226745605469,640,480,insufficient_yellow_edges,,0.0,259,320.0,,,,,,0,,,[],
2584,train,26北理工l,48,E:\桌面\v-Net\dataset\26合并\26北理工l\l-530-1\5\48_1.4051.jpg,1.4051,0.54,411.0226745605469,640,480,ok,-0.014203285425901413,1.0,259,320.0,5.438889026641846,625.4710083007812,315.45494866371155,620.0321192741394,,2,"[0, 13]","[607, 639]","[[0, 13], [607, 639]]",
2585,train,26北理工l,49,E:\桌面\v-Net\dataset\26合并\26北理工l\l-530-1\2\49_1.5800.jpg,1.58,0.54,411.0226745605469,640,480,insufficient_yellow_edges,,0.0,259,320.0,,,,,,2,,,"[[352, 425], [622, 639]]",
2586,train,26北理工l,49,E:\桌面\v-Net\dataset\26合并\26北理工l\l-530-1\3\49_0.0000.jpg,0.0,0.54,411.0226745605469,640,480,inferred_missing_right,0.1584770679473877,0.6,259,320.0,165.20132446289062,576.2239990234375,370.71266174316406,411.0226745605469,411.0226745605469,1,,,"[[130, 201]]",
2587,train,26北理工l,49,E:\桌面\v-Net\dataset\26合并\26北理工l\l-530-1\4\49_1.6900.jpg,1.69,0.54,411.0226745605469,640,480,insufficient_yellow_edges,,0.0,259,320.0,,,,,,0,,,[],
2588,train,26北理工l,50,E:\桌面\v-Net\dataset\26合并\26北理工l\l-530-1\3\50_0.0000.jpg,0.0,0.54,411.0226745605469,640,480,inferred_missing_right,0.1757983684539795,0.6,259,320.0,170.744140625,581.7668151855469,376.25547790527344,411.0226745605469,411.0226745605469,1,,,"[[135, 205]]",
2589,train,26北理工l,50,E:\桌面\v-Net\dataset\26合并\26北理工l\l-530-1\5\50_1.4051.jpg,1.4051,0.54,411.0226745605469,640,480,inferred_missing_left,0.2433393955230713,0.6,259,320.0,192.35726928710938,603.3799438476562,397.8686065673828,411.0226745605469,411.0226745605469,1,,,"[[557, 639]]",
2590,train,26北理工l,51,E:\桌面\v-Net\dataset\26合并\26北理工l\l-530-1\2\51_1.5800.jpg,1.58,0.54,411.0226745605469,640,480,inferred_missing_left,-0.39447021484375,0.6,259,320.0,0.0,387.5390625,193.76953125,387.5390625,411.0226745605469,1,,,"[[352, 423]]",
2591,train,26北理工l,51,E:\桌面\v-Net\dataset\26合并\26北理工l\l-530-1\3\51_0.0000.jpg,0.0,0.54,411.0226745605469,640,480,inferred_missing_right,0.22438302040100097,0.6,259,320.0,186.29122924804688,597.3139038085938,391.8025665283203,411.0226745605469,411.0226745605469,1,,,"[[149, 224]]",
2592,train,26北理工l,51,E:\桌面\v-Net\dataset\26合并\26北理工l\l-530-1\5\51_1.4051.jpg,1.4051,0.54,411.0226745605469,640,480,inferred_missing_left,0.1708143711090088,0.6,259,320.0,169.14926147460938,580.1719360351562,374.6605987548828,411.0226745605469,411.0226745605469,1,,,"[[525, 635]]",
2593,train,26北理工l,52,E:\桌面\v-Net\dataset\26合并\26北理工l\l-530-1\2\52_1.5800.jpg,1.58,0.54,411.0226745605469,640,480,inferred_missing_left,-0.3955729007720947,0.6,259,320.0,0.0,386.8333435058594,193.4166717529297,386.8333435058594,411.0226745605469,1,,,"[[351, 422]]",
2594,train,26北理工l,52,E:\桌面\v-Net\dataset\26合并\26北理工l\l-530-1\3\52_-1.5610.jpg,-1.561,0.54,411.0226745605469,640,480,inferred_missing_right,0.2657193183898926,0.6,259,320.0,199.5188446044922,610.5415191650391,405.0301818847656,411.0226745605469,411.0226745605469,1,,,"[[161, 237]]",
2595,train,26北理工l,52,E:\桌面\v-Net\dataset\26合并\26北理工l\l-530-1\4\52_1.6900.jpg,1.69,0.54,411.0226745605469,640,480,insufficient_yellow_edges,,0.0,259,320.0,,,,,,0,,,[],
2596,train,26北理工l,52,E:\桌面\v-Net\dataset\26合并\26北理工l\l-530-1\5\52_1.4051.jpg,1.4051,0.54,411.0226745605469,640,480,inferred_missing_left,0.12090840339660644,0.6,259,320.0,153.17935180664062,564.2020263671875,358.69068908691406,411.0226745605469,411.0226745605469,1,,,"[[509, 619]]",
2597,train,26北理工l,53,E:\桌面\v-Net\dataset\26合并\26北理工l\l-530-1\2\53_1.5800.jpg,1.58,0.54,411.0226745605469,640,480,inferred_missing_left,-0.39775452613830564,0.6,259,320.0,0.0,385.4371032714844,192.7185516357422,385.4371032714844,411.0226745605469,1,,,"[[350, 421]]",
2598,train,26北理工l,53,E:\桌面\v-Net\dataset\26合并\26北理工l\l-530-1\3\53_-1.5610.jpg,-1.561,0.54,411.0226745605469,640,480,inferred_missing_right,0.2882343292236328,0.6,259,320.0,206.72364807128906,617.7463226318359,412.2349853515625,411.0226745605469,411.0226745605469,1,,,"[[171, 241]]",
2599,train,26北理工l,53,E:\桌面\v-Net\dataset\26合并\26北理工l\l-530-1\4\53_1.6900.jpg,1.69,0.54,411.0226745605469,640,480,insufficient_yellow_edges,,0.0,259,320.0,,,,,,0,,,[],
2600,train,26北理工l,53,E:\桌面\v-Net\dataset\26合并\26北理工l\l-530-1\5\53_1.4051.jpg,1.4051,0.54,411.0226745605469,640,480,inferred_missing_left,-0.025632810592651368,0.6,259,320.0,106.28616333007812,517.308837890625,311.79750061035156,411.0226745605469,411.0226745605469,1,,,"[[466, 569]]",
2601,train,26北理工l,54,E:\桌面\v-Net\dataset\26合并\26北理工l\l-530-1\2\54_1.5800.jpg,1.58,0.54,411.0226745605469,640,480,inferred_missing_left,-0.40060853958129883,0.6,259,320.0,0.0,383.61053466796875,191.80526733398438,383.61053466796875,411.0226745605469,1,,,"[[348, 419]]",
2602,train,26北理工l,54,E:\桌面\v-Net\dataset\26合并\26北理工l\l-530-1\5\54_1.4051.jpg,1.4051,0.54,411.0226745605469,640,480,inferred_missing_left,-0.08694605827331543,0.6,259,320.0,86.66592407226562,497.6885986328125,292.17726135253906,411.0226745605469,411.0226745605469,1,,,"[[450, 546]]",
2603,train,26北理工l,55,E:\桌面\v-Net\dataset\26合并\26北理工l\l-530-1\2\55_1.5800.jpg,1.58,0.54,411.0226745605469,640,480,inferred_missing_left,-0.4020387649536133,0.6,259,320.0,0.0,382.6951904296875,191.34759521484375,382.6951904296875,411.0226745605469,1,,,"[[348, 418]]",
2604,train,26北理工l,55,E:\桌面\v-Net\dataset\26合并\26北理工l\l-530-1\4\55_1.6900.jpg,1.69,0.54,411.0226745605469,640,480,insufficient_yellow_edges,,0.0,259,320.0,,,,,,0,,,[],
2605,train,26北理工l,55,E:\桌面\v-Net\dataset\26合并\26北理工l\l-530-1\5\55_1.4051.jpg,1.4051,0.54,411.0226745605469,640,480,inferred_missing_left,-0.12479424476623535,0.6,259,320.0,74.55450439453125,485.5771789550781,280.0658416748047,411.0226745605469,411.0226745605469,1,,,"[[440, 533]]",
2606,train,26北理工l,56,E:\桌面\v-Net\dataset\26合并\26北理工l\l-530-1\4\56_1.6900.jpg,1.69,0.54,411.0226745605469,640,480,insufficient_yellow_edges,,0.0,259,320.0,,,,,,0,,,[],
2607,train,26北理工l,56,E:\桌面\v-Net\dataset\26合并\26北理工l\l-530-1\5\56_1.4051.jpg,1.4051,0.54,411.0226745605469,640,480,inferred_missing_left,-0.17262568473815917,0.6,259,320.0,59.248443603515625,470.2711181640625,264.75978088378906,411.0226745605469,411.0226745605469,1,,,"[[429, 513]]",
2608,train,26北理工l,57,E:\桌面\v-Net\dataset\26合并\26北理工l\l-530-1\3\57_-1.5610.jpg,-1.561,0.54,411.0226745605469,640,480,inferred_missing_right,0.3079052448272705,0.6,259,320.0,213.01834106445312,624.041015625,418.52967834472656,411.0226745605469,411.0226745605469,1,,,"[[172, 255]]",
2609,train,26北理工l,57,E:\桌面\v-Net\dataset\26合并\26北理工l\l-530-1\4\57_1.6900.jpg,1.69,0.54,411.0226745605469,640,480,insufficient_yellow_edges,,0.0,259,320.0,,,,,,0,,,[],
2610,train,26北理工l,57,E:\桌面\v-Net\dataset\26合并\26北理工l\l-530-1\5\57_1.4051.jpg,1.4051,0.54,411.0226745605469,640,480,inferred_missing_left,-0.1885524272918701,0.6,259,320.0,54.151885986328125,465.174560546875,259.66322326660156,411.0226745605469,411.0226745605469,1,,,"[[425, 506]]",
2611,train,26北理工l,58,E:\桌面\v-Net\dataset\26合并\26北理工l\l-530-1\2\58_1.5800.jpg,1.58,0.54,411.0226745605469,640,480,inferred_missing_left,-0.40500459671020506,0.6,259,320.0,0.0,380.79705810546875,190.39852905273438,380.79705810546875,411.0226745605469,1,,,"[[345, 416]]",
2612,train,26北理工l,58,E:\桌面\v-Net\dataset\26合并\26北理工l\l-530-1\4\58_1.6900.jpg,1.69,0.54,411.0226745605469,640,480,insufficient_yellow_edges,,0.0,259,320.0,,,,,,0,,,[],
2613,train,26北理工l,59,E:\桌面\v-Net\dataset\26合并\26北理工l\l-530-1\2\59_1.5800.jpg,1.58,0.54,411.0226745605469,640,480,inferred_missing_left,-0.40700998306274416,0.6,259,320.0,0.0,379.51361083984375,189.75680541992188,379.51361083984375,411.0226745605469,1,,,"[[343, 415]]",
2614,train,26北理工l,59,E:\桌面\v-Net\dataset\26合并\26北理工l\l-530-1\3\59_-1.5610.jpg,-1.561,0.54,411.0226745605469,640,480,inferred_missing_right,0.32234692573547363,0.6,259,320.0,217.63967895507812,628.662353515625,423.15101623535156,411.0226745605469,411.0226745605469,1,,,"[[178, 258]]",
2615,train,26北理工l,59,E:\桌面\v-Net\dataset\26合并\26北理工l\l-530-1\4\59_1.6900.jpg,1.69,0.54,411.0226745605469,640,480,inferred_missing_left,-0.37174057960510254,0.6,259,320.0,0.0,402.0860290527344,201.0430145263672,402.0860290527344,411.0226745605469,1,,,"[[394, 412]]",
2616,train,26北理工l,59,E:\桌面\v-Net\dataset\26合并\26北理工l\l-530-1\5\59_1.4051.jpg,1.4051,0.54,411.0226745605469,640,480,inferred_missing_left,-0.22104926109313966,0.6,259,320.0,43.752899169921875,454.77557373046875,249.2642364501953,411.0226745605469,411.0226745605469,1,,,"[[420, 491]]",
2617,train,26北理工l,60,E:\桌面\v-Net\dataset\26合并\26北理工l\l-530-1\2\60_1.5800.jpg,1.58,0.54,411.0226745605469,640,480,inferred_missing_left,-0.405568790435791,0.6,259,320.0,0.0,380.43597412109375,190.21798706054688,380.43597412109375,411.0226745605469,1,,,"[[345, 416]]",
2618,train,26北理工l,60,E:\桌面\v-Net\dataset\26合并\26北理工l\l-530-1\3\60_-1.5610.jpg,-1.561,0.54,411.0226745605469,640,480,inferred_missing_right,0.32563958168029783,0.6,259,320.0,218.69332885742188,629.7160034179688,424.2046661376953,411.0226745605469,411.0226745605469,1,,,"[[180, 258]]",
2619,train,26北理工l,60,E:\桌面\v-Net\dataset\26合并\26北理工l\l-530-1\4\60_1.6900.jpg,1.69,0.54,411.0226745605469,640,480,inferred_missing_left,-0.24576849937438966,0.6,259,320.0,35.842742919921875,446.86541748046875,241.3540802001953,411.0226745605469,411.0226745605469,1,,,"[[430, 470]]",
2620,train,26北理工l,60,E:\桌面\v-Net\dataset\26合并\26北理工l\l-530-1\5\60_1.4051.jpg,1.4051,0.54,411.0226745605469,640,480,ok,-0.27813215255737306,1.0,259,320.0,9.5,452.49542236328125,230.99771118164062,442.99542236328125,,2,"[6, 13]","[419, 486]","[[6, 13], [419, 486]]",
2621,train,26北理工l,61,E:\桌面\v-Net\dataset\26合并\26北理工l\l-530-1\3\61_-1.5610.jpg,-1.561,0.54,411.0226745605469,640,480,insufficient_yellow_edges,,0.0,259,320.0,,,,,,2,,,"[[0, 25], [181, 263]]",
2622,train,26北理工l,61,E:\桌面\v-Net\dataset\26合并\26北理工l\l-530-1\4\61_1.6900.jpg,1.69,0.54,411.0226745605469,640,480,inferred_missing_left,-0.16385388374328613,0.6,259,320.0,62.055419921875,473.0780944824219,267.56675720214844,411.0226745605469,411.0226745605469,1,,,"[[451, 499]]",
2623,train,26北理工l,61,E:\桌面\v-Net\dataset\26合并\26北理工l\l-530-1\5\61_1.4051.jpg,1.4051,0.54,411.0226745605469,640,480,ok,-0.23236530423164367,1.0,259,320.0,36.3863639831543,454.89984130859375,245.64310264587402,418.51347732543945,,2,"[18, 53]","[422, 488]","[[18, 53], [422, 488]]",
2624,train,26北理工l,62,E:\桌面\v-Net\dataset\26合并\26北理工l\l-530-1\3\62_-1.5610.jpg,-1.561,0.54,411.0226745605469,640,480,insufficient_yellow_edges,,0.0,259,320.0,,,,,,2,,,"[[0, 66], [182, 267]]",
2625,train,26北理工l,62,E:\桌面\v-Net\dataset\26合并\26北理工l\l-530-1\5\62_1.4051.jpg,1.4051,0.54,411.0226745605469,640,480,ok,-0.16242074966430664,1.0,259,320.0,78.59375,457.45697021484375,268.0253601074219,378.86322021484375,,3,"[73, 84]","[426, 489]","[[0, 9], [73, 84], [426, 489]]",
2626,train,26北理工l,63,E:\桌面\v-Net\dataset\26合并\26北理工l\l-530-1\3\63_-1.5610.jpg,-1.561,0.54,411.0226745605469,640,480,insufficient_yellow_edges,,0.0,259,320.0,,,,,,2,,,"[[0, 122], [183, 267]]",
2627,train,26北理工l,63,E:\桌面\v-Net\dataset\26合并\26北理工l\l-530-1\4\63_1.6900.jpg,1.69,0.54,411.0226745605469,640,480,inferred_missing_left,0.13203034400939942,0.6,259,320.0,156.73837280273438,567.7610473632812,362.2497100830078,411.0226745605469,411.0226745605469,1,,,"[[533, 599]]",
2628,train,26北理工l,63,E:\桌面\v-Net\dataset\26合并\26北理工l\l-530-1\5\63_1.4051.jpg,1.4051,0.54,411.0226745605469,640,480,ok,-0.2664715893566608,1.0,259,320.0,7.7849650382995605,461.6732177734375,234.72909140586853,453.88825273513794,,2,"[0, 18]","[431, 493]","[[0, 18], [431, 493]]",
2629,train,26北理工l,64,E:\桌面\v-Net\dataset\26合并\26北理工l\l-530-1\2\64_1.5800.jpg,1.58,0.54,411.0226745605469,640,480,inferred_missing_left,-0.405382776260376,0.6,259,320.0,0.0,380.5550231933594,190.2775115966797,380.5550231933594,411.0226745605469,1,,,"[[345, 416]]",
2630,train,26北理工l,64,E:\桌面\v-Net\dataset\26合并\26北理工l\l-530-1\3\64_-1.5610.jpg,-1.561,0.54,411.0226745605469,640,480,insufficient_yellow_edges,,0.0,259,320.0,,,,,,3,,,"[[46, 63], [69, 165], [183, 267]]",
2631,train,26北理工l,64,E:\桌面\v-Net\dataset\26合并\26北理工l\l-530-1\4\64_1.6900.jpg,1.69,0.54,411.0226745605469,640,480,ok,0.003429199755191803,1.0,259,320.0,15.431138038635254,626.7635498046875,321.0973439216614,611.3324117660522,,2,"[0, 37]","[610, 639]","[[0, 37], [610, 639]]",
2632,train,26北理工l,65,E:\桌面\v-Net\dataset\26合并\26北理工l\l-530-1\2\65_1.5800.jpg,1.58,0.54,411.0226745605469,640,480,inferred_missing_left,-0.3995016574859619,0.6,259,320.0,0.0,384.3189392089844,192.1594696044922,384.3189392089844,411.0226745605469,1,,,"[[351, 419]]",
2633,train,26北理工l,65,E:\桌面\v-Net\dataset\26合并\26北理工l\l-530-1\3\65_-1.5610.jpg,-1.561,0.54,411.0226745605469,640,480,inferred_missing_right,0.215525484085083,0.6,259,320.0,183.45681762695312,594.4794921875,388.96815490722656,411.0226745605469,411.0226745605469,1,,,"[[91, 270]]",
2634,train,26北理工l,65,E:\桌面\v-Net\dataset\26合并\26北理工l\l-530-1\4\65_1.6900.jpg,1.69,0.54,411.0226745605469,640,480,inferred_missing_right,-0.28663415312767027,0.6,259,320.0,22.76573371887207,433.78840827941895,228.2770709991455,411.0226745605469,411.0226745605469,1,,,"[[0, 56]]",
2635,train,26北理工l,65,E:\桌面\v-Net\dataset\26合并\26北理工l\l-530-1\5\65_1.4051.jpg,1.4051,0.54,411.0226745605469,640,480,ok,-0.3320832490921021,1.0,259,320.0,22.715805053710938,404.75091552734375,213.73336029052734,382.0351104736328,,3,"[0, 44]","[381, 432]","[[0, 44], [381, 432], [445, 503]]",
2636,train,26北理工l,66,E:\桌面\v-Net\dataset\26合并\26北理工l\l-530-1\2\66_1.5800.jpg,1.58,0.54,411.0226745605469,640,480,inferred_missing_left,-0.3953249931335449,0.6,259,320.0,0.0,386.99200439453125,193.49600219726562,386.99200439453125,411.0226745605469,1,,,"[[355, 420]]",
2637,train,26北理工l,66,E:\桌面\v-Net\dataset\26合并\26北理工l\l-530-1\3\66_-1.5610.jpg,-1.561,0.54,411.0226745605469,640,480,inferred_missing_right,0.22942538261413575,0.6,259,320.0,187.90478515625,598.9274597167969,393.41612243652344,411.0226745605469,411.0226745605469,1,,,"[[83, 275]]",
2638,train,26北理工l,66,E:\桌面\v-Net\dataset\26合并\26北理工l\l-530-1\4\66_1.6900.jpg,1.69,0.54,411.0226745605469,640,480,inferred_missing_right,-0.22359209060668944,0.6,259,320.0,42.93919372558594,453.9618682861328,248.45053100585938,411.0226745605469,411.0226745605469,1,,,"[[0, 99]]",
2639,train,26北理工l,66,E:\桌面\v-Net\dataset\26合并\26北理工l\l-530-1\5\66_1.4051.jpg,1.4051,0.54,411.0226745605469,640,480,ok,-0.20431469678878783,1.0,259,320.0,42.911537170410156,466.3270568847656,254.6192970275879,423.41551971435547,,2,"[20, 65]","[409, 513]","[[20, 65], [409, 513]]",
2640,train,26北理工l,67,E:\桌面\v-Net\dataset\26合并\26北理工l\l-530-1\2\67_1.5800.jpg,1.58,0.54,411.0226745605469,640,480,inferred_missing_left,-0.38346266746520996,0.6,259,320.0,0.0,394.5838928222656,197.2919464111328,394.5838928222656,411.0226745605469,1,,,"[[365, 425]]",
2641,train,26北理工l,67,E:\桌面\v-Net\dataset\26合并\26北理工l\l-530-1\3\67_-1.5610.jpg,-1.561,0.54,411.0226745605469,640,480,insufficient_yellow_edges,,0.0,259,320.0,,,,,,3,,,"[[15, 28], [81, 93], [143, 283]]",
2642,train,26北理工l,67,E:\桌面\v-Net\dataset\26合并\26北理工l\l-530-1\4\67_-1.7000.jpg,-1.7,0.54,411.0226745605469,640,480,inferred_missing_right,-0.18005770444869995,0.6,259,320.0,56.87019729614258,467.89287185668945,262.381534576416,411.0226745605469,411.0226745605469,1,,,"[[0, 124]]",
2643,train,26北理工l,67,E:\桌面\v-Net\dataset\26合并\26北理工l\l-530-1\5\67_1.4051.jpg,1.4051,0.54,411.0226745605469,640,480,ok,-0.1483657717704773,1.0,259,320.0,53.308937072753906,491.7369689941406,272.52295303344727,438.4280319213867,,2,"[30, 76]","[465, 519]","[[30, 76], [465, 519]]",
2644,train,26北理工l,68,E:\桌面\v-Net\dataset\26合并\26北理工l\l-530-1\2\68_1.5800.jpg,1.58,0.54,411.0226745605469,640,480,inferred_missing_left,-0.3750720500946045,0.6,259,320.0,0.0,399.9538879394531,199.97694396972656,399.9538879394531,411.0226745605469,1,,,"[[371, 429]]",
2645,train,26北理工l,68,E:\桌面\v-Net\dataset\26合并\26北理工l\l-530-1\3\68_-1.5610.jpg,-1.561,0.54,411.0226745605469,640,480,inferred_missing_right,0.28768105506896974,0.6,259,320.0,206.54660034179688,617.5692749023438,412.0579376220703,411.0226745605469,411.0226745605469,1,,,"[[139, 281]]",
2646,train,26北理工l,68,E:\桌面\v-Net\dataset\26合并\26北理工l\l-530-1\4\68_-1.7000.jpg,-1.7,0.54,411.0226745605469,640,480,inferred_missing_right,-0.05236670970916748,0.6,259,320.0,97.73131561279297,508.75399017333984,303.2426528930664,411.0226745605469,411.0226745605469,1,,,"[[22, 172]]",
2647,train,26北理工l,68,E:\桌面\v-Net\dataset\26合并\26北理工l\l-530-1\5\68_1.4051.jpg,1.4051,0.54,411.0226745605469,640,480,ok,-0.08770126104354858,1.0,259,320.0,74.75736236572266,509.11383056640625,291.93559646606445,434.3564682006836,,2,"[51, 97]","[482, 537]","[[51, 97], [482, 537]]",
2648,train,26北理工l,69,E:\桌面\v-Net\dataset\26合并\26北理工l\l-530-1\2\69_1.5800.jpg,1.58,0.54,411.0226745605469,640,480,inferred_missing_left,-0.3555115222930908,0.6,259,320.0,0.7249755859375,411.7476501464844,206.23631286621094,411.0226745605469,411.0226745605469,1,,,"[[384, 440]]",
2649,train,26北理工l,69,E:\桌面\v-Net\dataset\26合并\26北理工l\l-530-1\5\69_1.4051.jpg,1.4051,0.54,411.0226745605469,640,480,ok,-0.05533853769302368,1.0,259,320.0,86.50972747802734,518.0736083984375,302.2916679382324,431.56388092041016,,2,"[63, 109]","[492, 545]","[[63, 109], [492, 545]]",
2650,train,26北理工l,70,E:\桌面\v-Net\dataset\26合并\26北理工l\l-530-1\3\70_-1.5610.jpg,-1.561,0.54,411.0226745605469,640,480,inferred_missing_right,0.2737154006958008,0.6,259,320.0,202.0775909423828,613.1002655029297,407.58892822265625,411.0226745605469,411.0226745605469,1,,,"[[130, 281]]",
2651,train,26北理工l,70,E:\桌面\v-Net\dataset\26合并\26北理工l\l-530-1\4\70_-1.7000.jpg,-1.7,0.54,411.0226745605469,640,480,inferred_missing_right,0.16802315711975097,0.6,259,320.0,168.25607299804688,579.2787475585938,373.7674102783203,411.0226745605469,411.0226745605469,1,,,"[[98, 238]]",
2652,train,26北理工l,71,E:\桌面\v-Net\dataset\26合并\26北理工l\l-530-1\2\71_1.5800.jpg,1.58,0.54,411.0226745605469,640,480,ok,-0.31608770713210105,1.0,259,320.0,4.397196292877197,433.3066711425781,218.85193371772766,428.9094748497009,,2,"[0, 11]","[406, 461]","[[0, 11], [406, 461]]",
2653,train,26北理工l,71,E:\桌面\v-Net\dataset\26合并\26北理工l\l-530-1\4\71_-1.7000.jpg,-1.7,0.54,411.0226745605469,640,480,inferred_missing_right,0.24453811645507811,0.6,259,320.0,192.74085998535156,603.7635345458984,398.252197265625,411.0226745605469,411.0226745605469,1,,,"[[122, 263]]",
2654,train,26北理工l,71,E:\桌面\v-Net\dataset\26合并\26北理工l\l-530-1\5\71_0.0000.jpg,0.0,0.54,411.0226745605469,640,480,ok,-0.023514044284820557,1.0,259,320.0,83.4735336303711,541.4774780273438,312.4755058288574,458.00394439697266,,2,"[0, 134]","[516, 568]","[[0, 134], [516, 568]]",
2655,train,26北理工l,72,E:\桌面\v-Net\dataset\26合并\26北理工l\l-530-1\5\72_0.0000.jpg,0.0,0.54,411.0226745605469,640,480,ok,-0.021175581216812133,1.0,259,320.0,62.864376068115234,563.583251953125,313.2238140106201,500.71887588500977,,2,"[0, 129]","[512, 639]","[[0, 129], [512, 639]]",
2656,train,26北理工l,73,E:\桌面\v-Net\dataset\26合并\26北理工l\l-530-1\2\73_1.5800.jpg,1.58,0.54,411.0226745605469,640,480,ok,-0.2438368558883667,1.0,259,320.0,23.929824829101562,460.01458740234375,241.97220611572266,436.0847625732422,,3,"[0, 49]","[435, 486]","[[0, 49], [435, 486], [575, 639]]",
2657,train,26北理工l,73,E:\桌面\v-Net\dataset\26合并\26北理工l\l-530-1\3\73_-1.5610.jpg,-1.561,0.54,411.0226745605469,640,480,insufficient_yellow_edges,,0.0,259,320.0,,,,,,2,,,"[[82, 154], [196, 278]]",
2658,train,26北理工l,73,E:\桌面\v-Net\dataset\26合并\26北理工l\l-530-1\5\73_0.0000.jpg,0.0,0.54,411.0226745605469,640,480,ok,-0.006560224294662476,1.0,259,320.0,59.261478424072266,576.5399780273438,317.900728225708,517.2784996032715,,2,"[0, 124]","[518, 639]","[[0, 124], [518, 639]]",
2659,train,26北理工l,74,E:\桌面\v-Net\dataset\26合并\26北理工l\l-530-1\2\74_1.5800.jpg,1.58,0.54,411.0226745605469,640,480,ok,-0.21215925812721254,1.0,259,320.0,34.336605072021484,469.8814697265625,252.109037399292,435.544864654541,,3,"[8, 59]","[446, 495]","[[8, 59], [446, 495], [567, 639]]",
2660,train,26北理工l,74,E:\桌面\v-Net\dataset\26合并\26北理工l\l-530-1\3\74_-1.5500.jpg,-1.55,0.54,411.0226745605469,640,480,insufficient_yellow_edges,,0.0,259,320.0,,,,,,2,,,"[[44, 115], [191, 273]]",
2661,train,26北理工l,74,E:\桌面\v-Net\dataset\26合并\26北理工l\l-530-1\4\74_-1.7000.jpg,-1.7,0.54,411.0226745605469,640,480,inferred_missing_right,0.4429152011871338,0.6,259,320.0,284.4657287597656,639.0,461.7328643798828,354.5342712402344,411.0226745605469,1,,,"[[233, 334]]",
2662,train,26北理工l,74,E:\桌面\v-Net\dataset\26合并\26北理工l\l-530-1\5\74_0.0000.jpg,0.0,0.54,411.0226745605469,640,480,inferred_missing_left,0.20983414649963378,0.6,259,320.0,181.63558959960938,592.6582641601562,387.1469268798828,411.0226745605469,411.0226745605469,1,,,"[[532, 639]]",
2663,train,26北理工l,75,E:\桌面\v-Net\dataset\26合并\26北理工l\l-530-1\3\75_-1.5500.jpg,-1.55,0.54,411.0226745605469,640,480,insufficient_yellow_edges,,0.0,259,320.0,,,,,,2,,,"[[22, 88], [196, 275]]",
2664,train,26北理工l,75,E:\桌面\v-Net\dataset\26合并\26北理工l\l-530-1\5\75_0.0000.jpg,0.0,0.54,411.0226745605469,640,480,inferred_missing_left,0.3254370212554932,0.6,259,320.0,218.62850952148438,629.6511840820312,424.1398468017578,411.0226745605469,411.0226745605469,1,,,"[[619, 639]]",
2665,train,26北理工l,76,E:\桌面\v-Net\dataset\26合并\26北理工l\l-530-1\3\76_-1.5500.jpg,-1.55,0.54,411.0226745605469,640,480,insufficient_yellow_edges,,0.0,259,320.0,,,,,,2,,,"[[0, 45], [199, 277]]",
2666,train,26北理工l,76,E:\桌面\v-Net\dataset\26合并\26北理工l\l-530-1\4\76_-1.7000.jpg,-1.7,0.54,411.0226745605469,640,480,inferred_missing_right,0.42408361434936526,0.6,259,320.0,272.41351318359375,639.0,455.7067565917969,366.58648681640625,411.0226745605469,1,,,"[[245, 296]]",
2667,train,26北理工l,76,E:\桌面\v-Net\dataset\26合并\26北理工l\l-530-1\5\76_0.0000.jpg,0.0,0.54,411.0226745605469,640,480,insufficient_yellow_edges,,0.0,259,320.0,,,,,,0,,,[],
2668,train,26北理工l,77,E:\桌面\v-Net\dataset\26合并\26北理工l\l-530-1\2\77_0.0000.jpg,0.0,0.54,411.0226745605469,640,480,ok,0.0266160249710083,1.0,259,320.0,97.67018127441406,559.3640747070312,328.51712799072266,461.6938934326172,,2,"[72, 123]","[506, 622]","[[72, 123], [506, 622]]",
2669,train,26北理工l,77,E:\桌面\v-Net\dataset\26合并\26北理工l\l-530-1\3\77_-1.5500.jpg,-1.55,0.54,411.0226745605469,640,480,insufficient_yellow_edges,,0.0,259,320.0,,,,,,2,,,"[[0, 8], [197, 275]]",
2670,train,26北理工l,78,E:\桌面\v-Net\dataset\26合并\26北理工l\l-530-1\2\78_0.0000.jpg,0.0,0.54,411.0226745605469,640,480,ok,0.017914938926696777,1.0,259,320.0,99.94566345214844,551.5198974609375,325.73278045654297,451.57423400878906,,2,"[74, 125]","[506, 606]","[[74, 125], [506, 606]]",
2671,train,26北理工l,78,E:\桌面\v-Net\dataset\26合并\26北理工l\l-530-1\3\78_-1.5500.jpg,-1.55,0.54,411.0226745605469,640,480,inferred_missing_right,0.3720297336578369,0.6,259,320.0,239.09902954101562,639.0,439.0495147705078,399.9009704589844,411.0226745605469,1,,,"[[201, 278]]",
2672,train,26北理工l,78,E:\桌面\v-Net\dataset\26合并\26北理工l\l-530-1\4\78_-1.7000.jpg,-1.7,0.54,411.0226745605469,640,480,ok,0.35694050788879395,1.0,259,320.0,234.33865356445312,634.103271484375,434.22096252441406,399.7646179199219,,2,"[213, 256]","[627, 639]","[[213, 256], [627, 639]]",
2673,train,26北理工l,78,E:\桌面\v-Net\dataset\26合并\26北理工l\l-530-1\5\78_0.0000.jpg,0.0,0.54,411.0226745605469,640,480,insufficient_yellow_edges,,0.0,259,320.0,,,,,,0,,,[],
2674,train,26北理工l,79,E:\桌面\v-Net\dataset\26合并\26北理工l\l-530-1\2\79_0.0000.jpg,0.0,0.54,411.0226745605469,640,480,ok,0.01666170358657837,1.0,259,320.0,100.3868179321289,550.2766723632812,325.3317451477051,449.88985443115234,,2,"[74, 126]","[508, 602]","[[74, 126], [508, 602]]",
2675,train,26北理工l,79,E:\桌面\v-Net\dataset\26合并\26北理工l\l-530-1\4\79_-1.7000.jpg,-1.7,0.54,411.0226745605469,640,480,ok,0.24150454998016357,1.0,259,320.0,180.4087371826172,614.1541748046875,397.28145599365234,433.7454376220703,,2,"[158, 202]","[587, 639]","[[158, 202], [587, 639]]",
2676,train,26北理工l,80,E:\桌面\v-Net\dataset\26合并\26北理工l\l-530-1\4\80_-1.7000.jpg,-1.7,0.54,411.0226745605469,640,480,ok,0.12323215007781982,1.0,259,320.0,129.45872497558594,589.4098510742188,359.43428802490234,459.9511260986328,,2,"[100, 158]","[559, 619]","[[100, 158], [559, 619]]",
2677,train,26北理工l,81,E:\桌面\v-Net\dataset\26合并\26北理工l\l-530-1\3\81_-1.5500.jpg,-1.55,0.54,411.0226745605469,640,480,inferred_missing_right,0.3673954725265503,0.6,259,320.0,236.1331024169922,639.0,437.5665512084961,402.8668975830078,411.0226745605469,1,,,"[[198, 276]]",
2678,train,26北理工l,82,E:\桌面\v-Net\dataset\26合并\26北理工l\l-530-1\3\82_-1.5500.jpg,-1.55,0.54,411.0226745605469,640,480,inferred_missing_right,0.36917197704315186,0.6,259,320.0,237.2700653076172,639.0,438.1350326538086,401.7299346923828,411.0226745605469,1,,,"[[199, 278]]",
2679,train,26北理工l,82,E:\桌面\v-Net\dataset\26合并\26北理工l\l-530-1\4\82_-1.7000.jpg,-1.7,0.54,411.0226745605469,640,480,ok,-0.12181782722473145,1.0,259,320.0,22.158294677734375,539.8782958984375,281.01829528808594,517.7200012207031,,2,"[0, 55]","[508, 572]","[[0, 55], [508, 572]]",
2680,train,26北理工l,84,E:\桌面\v-Net\dataset\26合并\26北理工l\l-530-1\3\84_-1.5500.jpg,-1.55,0.54,411.0226745605469,640,480,inferred_missing_right,0.3664863109588623,0.6,259,320.0,235.55123901367188,639.0,437.27561950683594,403.4487609863281,411.0226745605469,1,,,"[[197, 275]]",
2681,train,26北理工l,85,E:\桌面\v-Net\dataset\26合并\26北理工l\l-530-1\2\85_0.0000.jpg,0.0,0.54,411.0226745605469,640,480,ok,0.022411715984344483,1.0,259,320.0,113.53783416748047,540.8056640625,327.17174911499023,427.26782989501953,,2,"[88, 138]","[515, 570]","[[88, 138], [515, 570]]",
2682,train,26北理工l,85,E:\桌面\v-Net\dataset\26合并\26北理工l\l-530-1\3\85_-1.5500.jpg,-1.55,0.54,411.0226745605469,640,480,inferred_missing_right,0.36216919422149657,0.6,259,320.0,232.7882843017578,639.0,435.8941421508789,406.2117156982422,411.0226745605469,1,,,"[[194, 272]]",
2683,train,26北理工l,86,E:\桌面\v-Net\dataset\26合并\26北理工l\l-530-1\2\86_0.0000.jpg,0.0,0.54,411.0226745605469,640,480,ok,0.028367865085601806,1.0,259,320.0,115.8740005493164,542.2814331054688,329.0777168273926,426.40743255615234,,2,"[91, 141]","[518, 568]","[[91, 141], [518, 568]]",
2684,train,26北理工l,86,E:\桌面\v-Net\dataset\26合并\26北理工l\l-530-1\3\86_-1.5500.jpg,-1.55,0.54,411.0226745605469,640,480,inferred_missing_right,0.35927605628967285,0.6,259,320.0,230.93667602539062,639.0,434.9683380126953,408.0633239746094,411.0226745605469,1,,,"[[191, 271]]",
2685,train,26北理工l,87,E:\桌面\v-Net\dataset\26合并\26北理工l\l-530-1\2\87_0.0000.jpg,0.0,0.54,411.0226745605469,640,480,ok,0.03150777816772461,1.0,259,320.0,117.50933837890625,542.6556396484375,330.0824890136719,425.14630126953125,,2,"[92, 142]","[519, 568]","[[92, 142], [519, 568]]",
2686,train,26北理工l,88,E:\桌面\v-Net\dataset\26合并\26北理工l\l-530-1\2\88_0.0000.jpg,0.0,0.54,411.0226745605469,640,480,ok,0.04108660221099854,1.0,259,320.0,119.71717834472656,546.5782470703125,333.14771270751953,426.86106872558594,,2,"[94, 144]","[524, 571]","[[94, 144], [524, 571]]",
2687,train,26北理工l,90,E:\桌面\v-Net\dataset\26合并\26北理工l\l-530-1\2\90_0.0000.jpg,0.0,0.54,411.0226745605469,640,480,ok,0.060013067722320554,1.0,259,320.0,124.1563491821289,554.2520141601562,339.2041816711426,430.09566497802734,,2,"[98, 150]","[531, 579]","[[98, 150], [531, 579]]",
2688,train,26北理工l,90,E:\桌面\v-Net\dataset\26合并\26北理工l\l-530-1\3\90_-1.5500.jpg,-1.55,0.54,411.0226745605469,640,480,inferred_missing_right,0.361164927482605,0.6,259,320.0,232.1455535888672,639.0,435.5727767944336,406.8544464111328,411.0226745605469,1,,,"[[193, 271]]",
2689,train,26北理工l,92,E:\桌面\v-Net\dataset\26合并\26北理工l\l-530-1\3\92_-1.5500.jpg,-1.55,0.54,411.0226745605469,640,480,inferred_missing_right,0.3698949098587036,0.6,259,320.0,237.7327423095703,639.0,438.36637115478516,401.2672576904297,411.0226745605469,1,,,"[[198, 278]]",
2690,train,26北理工l,93,E:\桌面\v-Net\dataset\26合并\26北理工l\l-530-1\3\93_-1.5500.jpg,-1.55,0.54,411.0226745605469,640,480,inferred_missing_right,0.3674286365509033,0.6,259,320.0,236.15432739257812,639.0,437.57716369628906,402.8456726074219,411.0226745605469,1,,,"[[196, 276]]",
2691,train,26北理工l,96,E:\桌面\v-Net\dataset\26合并\26北理工l\l-530-1\3\96_-1.5500.jpg,-1.55,0.54,411.0226745605469,640,480,inferred_missing_right,0.3587817192077637,0.6,259,320.0,230.62030029296875,639.0,434.8101501464844,408.37969970703125,411.0226745605469,1,,,"[[191, 270]]",
2692,train,26北理工l,97,E:\桌面\v-Net\dataset\26合并\26北理工l\l-530-1\3\97_-1.5500.jpg,-1.55,0.54,411.0226745605469,640,480,inferred_missing_right,0.34877877235412597,0.6,259,320.0,226.09786987304688,637.1205444335938,431.6092071533203,411.0226745605469,411.0226745605469,1,,,"[[187, 265]]",
2693,train,26北理工l,98,E:\桌面\v-Net\dataset\26合并\26北理工l\l-530-1\3\98_-1.5500.jpg,-1.55,0.54,411.0226745605469,640,480,inferred_missing_right,0.3407427787780762,0.6,259,320.0,223.52635192871094,634.5490264892578,429.0376892089844,411.0226745605469,411.0226745605469,1,,,"[[185, 262]]",
2694,train,26北理工l,99,E:\桌面\v-Net\dataset\26合并\26北理工l\l-530-1\3\99_-1.5500.jpg,-1.55,0.54,411.0226745605469,640,480,inferred_missing_right,0.3304303646087646,0.6,259,320.0,220.22637939453125,631.2490539550781,425.7377166748047,411.0226745605469,411.0226745605469,1,,,"[[182, 259]]",
2695,train,26北理工l,100,E:\桌面\v-Net\dataset\26合并\26北理工l\l-530-1\3\100_-1.5500.jpg,-1.55,0.54,411.0226745605469,640,480,inferred_missing_right,0.3228609085083008,0.6,259,320.0,217.8041534423828,628.8268280029297,423.31549072265625,411.0226745605469,411.0226745605469,1,,,"[[180, 256]]",
2696,train,26北理工l,104,E:\桌面\v-Net\dataset\26合并\26北理工l\l-530-1\3\104_-1.5500.jpg,-1.55,0.54,411.0226745605469,640,480,insufficient_yellow_edges,,0.0,259,320.0,,,,,,2,,,"[[0, 162], [170, 254]]",
2697,train,26北理工l,105,E:\桌面\v-Net\dataset\26合并\26北理工l\l-530-1\3\105_-1.5500.jpg,-1.55,0.54,411.0226745605469,640,480,inferred_missing_right,0.15097551345825194,0.6,259,320.0,162.8008270263672,573.8235015869141,368.3121643066406,411.0226745605469,411.0226745605469,1,,,"[[59, 254]]",
2698,train,26北理工l,107,E:\桌面\v-Net\dataset\26合并\26北理工l\l-530-1\3\107_-1.6000.jpg,-1.6,0.54,411.0226745605469,640,480,inferred_missing_right,0.2342668056488037,0.6,259,320.0,189.45404052734375,600.4767150878906,394.9653778076172,411.0226745605469,411.0226745605469,1,,,"[[117, 254]]",
2699,train,26北理工l,108,E:\桌面\v-Net\dataset\26合并\26北理工l\l-530-1\3\108_-1.6000.jpg,-1.6,0.54,411.0226745605469,640,480,inferred_missing_right,0.2535087585449219,0.6,259,320.0,195.61146545410156,606.6341400146484,401.122802734375,411.0226745605469,411.0226745605469,1,,,"[[130, 254]]",
2700,train,26北理工l,109,E:\桌面\v-Net\dataset\26合并\26北理工l\l-530-1\3\109_-1.6000.jpg,-1.6,0.54,411.0226745605469,640,480,ok,0.3074928045272827,1.0,259,320.0,205.53782653808594,631.257568359375,418.39769744873047,425.71974182128906,,2,"[152, 256]","[621, 639]","[[152, 256], [621, 639]]",
2701,train,26北理工l,110,E:\桌面\v-Net\dataset\26合并\26北理工l\l-530-1\3\110_-1.6000.jpg,-1.6,0.54,411.0226745605469,640,480,ok,0.2987995147705078,1.0,259,320.0,205.5294189453125,625.7022705078125,415.6158447265625,420.1728515625,,2,"[156, 253]","[608, 639]","[[156, 253], [608, 639]]",
2702,train,26北理工l,111,E:\桌面\v-Net\dataset\26合并\26北理工l\l-530-1\3\111_-1.6000.jpg,-1.6,0.54,411.0226745605469,640,480,ok,0.2590113401412964,1.0,259,320.0,209.02378845214844,596.7434692382812,402.88362884521484,387.7196807861328,,2,"[165, 252]","[568, 619]","[[165, 252], [568, 619]]",
2703,train,26北理工l,112,E:\桌面\v-Net\dataset\26合并\26北理工l\l-530-1\3\112_-1.6000.jpg,-1.6,0.54,411.0226745605469,640,480,ok,0.23733606338500976,1.0,259,320.0,209.04345703125,582.8516235351562,395.9475402832031,373.80816650390625,,2,"[167, 250]","[551, 607]","[[167, 250], [551, 607]]",
2704,train,26北理工l,113,E:\桌面\v-Net\dataset\26合并\26北理工l\l-530-1\3\113_-1.6000.jpg,-1.6,0.54,411.0226745605469,640,480,ok,0.1915865421295166,1.0,259,320.0,206.49716186523438,556.1182250976562,381.3076934814453,349.6210632324219,,2,"[168, 244]","[526, 584]","[[168, 244], [526, 584]]",
2705,train,26北理工l,114,E:\桌面\v-Net\dataset\26合并\26北理工l\l-530-1\3\114_-1.6000.jpg,-1.6,0.54,411.0226745605469,640,480,ok,0.16904518604278565,1.0,259,320.0,203.7278594970703,544.4610595703125,374.0944595336914,340.7332000732422,,2,"[166, 240]","[515, 573]","[[166, 240], [515, 573]]",
2706,train,26北理工l,115,E:\桌面\v-Net\dataset\26合并\26北理工l\l-530-1\3\115_-1.6000.jpg,-1.6,0.54,411.0226745605469,640,480,ok,0.09080963134765625,1.0,259,320.0,278.7961730957031,419.3219909667969,349.05908203125,140.52581787109375,,4,"[240, 328]","[390, 444]","[[161, 212], [240, 328], [390, 444], [491, 550]]",
2707,train,26北理工l,117,E:\桌面\v-Net\dataset\26合并\26北理工l\l-530-1\3\117_-1.6000.jpg,-1.6,0.54,411.0226745605469,640,480,ok,-0.04711153507232666,1.0,259,320.0,232.86119079589844,376.9874267578125,304.92430877685547,144.12623596191406,,4,"[159, 302]","[345, 407]","[[159, 302], [345, 407], [456, 486], [621, 639]]",
2708,train,26北理工l,121,E:\桌面\v-Net\dataset\26合并\26北理工l\l-530-1\3\121_-1.6000.jpg,-1.6,0.54,411.0226745605469,640,480,ok,0.05066945552825928,1.0,259,320.0,115.35197448730469,557.0764770507812,336.21422576904297,441.72450256347656,,2,"[88, 141]","[541, 575]","[[88, 141], [541, 575]]",
2709,train,26北理工l,122,E:\桌面\v-Net\dataset\26合并\26北理工l\l-530-1\3\122_-1.6000.jpg,-1.6,0.54,411.0226745605469,640,480,ok,-0.01259828805923462,1.0,259,320.0,96.93709564208984,535.0,315.9685478210449,438.06290435791016,,2,"[76, 117]","[529, 541]","[[76, 117], [529, 541]]",
2710,train,26北理工l,123,E:\桌面\v-Net\dataset\26合并\26北理工l\l-530-1\3\123_0.0000.jpg,0.0,0.54,411.0226745605469,640,480,ok,-0.0791704535484314,1.0,259,320.0,87.2741470336914,502.0567626953125,294.66545486450195,414.7826156616211,,2,"[67, 108]","[488, 516]","[[67, 108], [488, 516]]",
2711,train,26北理工l,125,E:\桌面\v-Net\dataset\26合并\26北理工l\l-530-1\3\125_0.0000.jpg,0.0,0.54,411.0226745605469,640,480,ok,-0.10707709789276124,1.0,259,320.0,72.27601623535156,499.19464111328125,285.7353286743164,426.9186248779297,,2,"[49, 94]","[479, 520]","[[49, 94], [479, 520]]",
2712,train,26北理工l,126,E:\桌面\v-Net\dataset\26合并\26北理工l\l-530-1\3\126_0.0000.jpg,0.0,0.54,411.0226745605469,640,480,ok,-0.1115141749382019,1.0,259,320.0,67.94226837158203,500.68865966796875,284.3154640197754,432.7463912963867,,2,"[49, 86]","[483, 519]","[[49, 86], [483, 519]]",
2713,train,26北理工l,127,E:\桌面\v-Net\dataset\26合并\26北理工l\l-530-1\3\127_0.0000.jpg,0.0,0.54,411.0226745605469,640,480,inferred_missing_right,-0.10504121780395508,0.6,259,320.0,80.87547302246094,491.8981475830078,286.3868103027344,411.0226745605469,411.0226745605469,1,,,"[[62, 100]]",
2714,train,26北理工l,128,E:\桌面\v-Net\dataset\26合并\26北理工l\l-530-1\3\128_0.0000.jpg,0.0,0.54,411.0226745605469,640,480,ok,-0.11582170724868775,1.0,259,320.0,77.2552719116211,488.61883544921875,282.9370536804199,411.36356353759766,,2,"[55, 100]","[472, 505]","[[55, 100], [472, 505]]",
2715,train,26北理工l,129,E:\桌面\v-Net\dataset\26合并\26北理工l\l-530-1\3\129_0.0000.jpg,0.0,0.54,411.0226745605469,640,480,ok,-0.12591899633407594,1.0,259,320.0,67.0074234008789,492.4044189453125,279.7059211730957,425.3969955444336,,2,"[43, 90]","[471, 514]","[[43, 90], [471, 514]]",
2716,train,26北理工l,130,E:\桌面\v-Net\dataset\26合并\26北理工l\l-530-1\3\130_0.0000.jpg,0.0,0.54,411.0226745605469,640,480,ok,-0.13090935349464417,1.0,259,320.0,61.739131927490234,494.4788818359375,278.10900688171387,432.73974990844727,,2,"[41, 82]","[475, 515]","[[41, 82], [475, 515]]",
2717,train,26北理工l,131,E:\桌面\v-Net\dataset\26合并\26北理工l\l-530-1\3\131_0.0000.jpg,0.0,0.54,411.0226745605469,640,480,ok,-0.10886110067367553,1.0,259,320.0,75.16870880126953,495.1601867675781,285.1644477844238,419.9914779663086,,3,"[59, 92]","[482, 509]","[[0, 20], [59, 92], [482, 509]]",
2718,train,26北理工l,132,E:\桌面\v-Net\dataset\26合并\26北理工l\l-530-1\3\132_0.0000.jpg,0.0,0.54,411.0226745605469,640,480,insufficient_yellow_edges,,0.0,259,320.0,,,,,,2,,,"[[0, 37], [46, 88]]",
2719,train,26北理工l,133,E:\桌面\v-Net\dataset\26合并\26北理工l\l-530-1\3\133_0.0000.jpg,0.0,0.54,411.0226745605469,640,480,ok,-0.17442206144332886,1.0,259,320.0,41.54596710205078,486.82391357421875,264.18494033813477,445.27794647216797,,2,"[0, 83]","[469, 505]","[[0, 83], [469, 505]]",
2720,train,26北理工l,134,E:\桌面\v-Net\dataset\26合并\26北理工l\l-530-1\3\134_0.0000.jpg,0.0,0.54,411.0226745605469,640,480,ok,-0.075557541847229,1.0,259,320.0,246.64317321777344,345.0,295.8215866088867,98.35682678222656,,5,"[221, 272]","[320, 370]","[[0, 82], [114, 173], [221, 272], [320, 370], [419, 639]]",
2721,train,26北理工l,135,E:\桌面\v-Net\dataset\26合并\26北理工l\l-530-1\3\135_0.0000.jpg,0.0,0.54,411.0226745605469,640,480,ok,-0.08473970890045165,1.0,259,320.0,241.9128875732422,343.85369873046875,292.88329315185547,101.94081115722656,,5,"[213, 269]","[318, 371]","[[27, 81], [106, 166], [213, 269], [318, 371], [416, 639]]",
2722,train,26北理工l,137,E:\桌面\v-Net\dataset\26合并\26北理工l\l-530-1\3\137_0.0000.jpg,0.0,0.54,411.0226745605469,640,480,ok,-0.1693386971950531,1.0,259,320.0,51.446414947509766,480.17681884765625,265.811616897583,428.7304039001465,,2,"[24, 77]","[458, 502]","[[24, 77], [458, 502]]",
2723,train,26北理工l,138,E:\桌面\v-Net\dataset\26合并\26北理工l\l-530-1\3\138_0.0000.jpg,0.0,0.54,411.0226745605469,640,480,ok,-0.17228469252586365,1.0,259,320.0,49.247135162353516,480.49066162109375,264.86889839172363,431.24352645874023,,2,"[23, 73]","[458, 504]","[[23, 73], [458, 504]]",
2724,train,26北理工l,140,E:\桌面\v-Net\dataset\26合并\26北理工l\l-530-1\3\140_0.0000.jpg,0.0,0.54,411.0226745605469,640,480,ok,-0.18360788226127625,1.0,259,320.0,46.6058235168457,475.8851318359375,261.2454776763916,429.2793083190918,,2,"[18, 74]","[454, 499]","[[18, 74], [454, 499]]",
2725,train,26北理工l,142,E:\桌面\v-Net\dataset\26合并\26北理工l\l-530-1\3\142_0.0000.jpg,0.0,0.54,411.0226745605469,640,480,ok,-0.18487000465393066,1.0,259,320.0,43.39984130859375,478.2833557128906,260.8415985107422,434.8835144042969,,2,"[16, 70]","[461, 496]","[[16, 70], [461, 496]]",
2726,train,26北理工l,143,E:\桌面\v-Net\dataset\26合并\26北理工l\l-530-1\3\143_0.0000.jpg,0.0,0.54,411.0226745605469,640,480,inferred_missing_right,-0.2341010093688965,0.6,259,320.0,39.57633972167969,450.59901428222656,245.08767700195312,411.0226745605469,411.0226745605469,1,,,"[[13, 65]]",
2727,train,26北理工l,144,E:\桌面\v-Net\dataset\26合并\26北理工l\l-530-1\3\144_0.0000.jpg,0.0,0.54,411.0226745605469,640,480,ok,-0.2196010172367096,1.0,259,320.0,37.625301361083984,461.8300476074219,249.72767448425293,424.2047462463379,,2,"[11, 63]","[447, 477]","[[11, 63], [447, 477]]",
2728,train,26北理工r,0,E:\桌面\v-Net\dataset\26合并\26北理工r\530-r\1-2\0_0.0000.jpg,0.0,0.54,411.0226745605469,640,480,ok,0.023603165149688722,1.0,259,320.0,113.83551788330078,541.2705078125,327.5530128479004,427.4349899291992,,2,"[90, 137]","[520, 564]","[[90, 137], [520, 564]]",
2729,train,26北理工r,0,E:\桌面\v-Net\dataset\26合并\26北理工r\530-r\2-3\0_0.0000.jpg,0.0,0.54,411.0226745605469,640,480,ok,0.0474045991897583,1.0,259,320.0,117.56562805175781,552.7733154296875,335.16947174072266,435.2076873779297,,2,"[94, 140]","[526, 581]","[[94, 140], [526, 581]]",
2730,train,26北理工r,0,E:\桌面\v-Net\dataset\26合并\26北理工r\530-r\2\0_0.0000.jpg,0.0,0.54,411.0226745605469,640,480,ok,0.031156504154205324,1.0,259,320.0,115.99246978759766,543.9476928710938,329.9700813293457,427.9552230834961,,2,"[92, 139]","[519, 569]","[[92, 139], [519, 569]]",
2731,train,26北理工r,0,E:\桌面\v-Net\dataset\26合并\26北理工r\530-r\3\0_0.0000.jpg,0.0,0.54,411.0226745605469,640,480,ok,0.028604304790496825,1.0,259,320.0,125.33861541748047,532.9681396484375,329.153377532959,407.62952423095703,,3,"[102, 149]","[511, 556]","[[102, 149], [511, 556], [582, 635]]",
2732,train,26北理工r,0,E:\桌面\v-Net\dataset\26合并\26北理工r\530-r\4\0_0.0000.jpg,0.0,0.54,411.0226745605469,640,480,ok,0.15570542812347413,1.0,259,320.0,195.6999969482422,543.9514770507812,369.8257369995117,348.25148010253906,,3,"[165, 220]","[525, 564]","[[84, 129], [165, 220], [525, 564]]",
2733,train,26北理工r,0,E:\桌面\v-Net\dataset\26合并\26北理工r\530-r\5\0_1.5600.jpg,1.56,0.54,411.0226745605469,640,480,inferred_missing_left,-0.3676906108856201,0.6,259,320.0,0.0,404.6780090332031,202.33900451660156,404.6780090332031,411.0226745605469,1,,,"[[368, 440]]",
2734,train,26北理工r,1,E:\桌面\v-Net\dataset\26合并\26北理工r\530-r\1-2\1_0.0000.jpg,0.0,0.54,411.0226745605469,640,480,ok,0.023428702354431154,1.0,259,320.0,114.11460876464844,540.8797607421875,327.49718475341797,426.76515197753906,,2,"[90, 137]","[519, 563]","[[90, 137], [519, 563]]",
2735,train,26北理工r,1,E:\桌面\v-Net\dataset\26合并\26北理工r\530-r\2-3\1_0.0000.jpg,0.0,0.54,411.0226745605469,640,480,ok,0.0467991828918457,1.0,259,320.0,117.27886962890625,552.672607421875,334.9757385253906,435.39373779296875,,2,"[94, 140]","[526, 581]","[[94, 140], [526, 581]]",
2736,train,26北理工r,1,E:\桌面\v-Net\dataset\26合并\26北理工r\530-r\4\1_-1.5100.jpg,-1.51,0.54,411.0226745605469,640,480,insufficient_yellow_edges,,0.0,259,320.0,,,,,,2,,,"[[84, 127], [183, 220]]",
2737,train,26北理工r,2,E:\桌面\v-Net\dataset\26合并\26北理工r\530-r\1-2\2_0.0000.jpg,0.0,0.54,411.0226745605469,640,480,ok,0.030194878578186035,1.0,259,320.0,123.05610656738281,536.2686157226562,329.66236114501953,413.21250915527344,,2,"[100, 146]","[515, 558]","[[100, 146], [515, 558]]",
2738,train,26北理工r,2,E:\桌面\v-Net\dataset\26合并\26北理工r\530-r\2\2_0.0000.jpg,0.0,0.54,411.0226745605469,640,480,ok,0.011241984367370606,1.0,259,320.0,107.21861267089844,539.9762573242188,323.5974349975586,432.7576446533203,,2,"[86, 127]","[515, 566]","[[86, 127], [515, 566]]",
2739,train,26北理工r,2,E:\桌面\v-Net\dataset\26合并\26北理工r\530-r\3\2_0.0000.jpg,0.0,0.54,411.0226745605469,640,480,inferred_missing_right,0.08791174888610839,0.6,259,320.0,142.62042236328125,553.6430969238281,348.1317596435547,411.0226745605469,411.0226745605469,1,,,"[[115, 169]]",
2740,train,26北理工r,2,E:\桌面\v-Net\dataset\26合并\26北理工r\530-r\4\2_-1.5100.jpg,-1.51,0.54,411.0226745605469,640,480,ok,0.11256437301635742,1.0,259,320.0,193.2738037109375,518.7673950195312,356.0205993652344,325.49359130859375,,3,"[189, 197]","[500, 537]","[[67, 115], [189, 197], [500, 537]]",
2741,train,26北理工r,3,E:\桌面\v-Net\dataset\26合并\26北理工r\530-r\2-3\3_0.0000.jpg,0.0,0.54,411.0226745605469,640,480,ok,0.04666324853897095,1.0,259,320.0,118.67472076416016,551.1897583007812,334.9322395324707,432.5150375366211,,2,"[94, 143]","[526, 577]","[[94, 143], [526, 577]]",
2742,train,26北理工r,3,E:\桌面\v-Net\dataset\26合并\26北理工r\530-r\2\3_0.0000.jpg,0.0,0.54,411.0226745605469,640,480,ok,-0.011997592449188233,1.0,259,320.0,95.03522491455078,537.2863159179688,316.16077041625977,442.25109100341797,,2,"[75, 115]","[512, 563]","[[75, 115], [512, 563]]",
2743,train,26北理工r,3,E:\桌面\v-Net\dataset\26合并\26北理工r\530-r\3\3_0.0000.jpg,0.0,0.54,411.0226745605469,640,480,ok,0.05540211200714111,1.0,259,320.0,147.77015686035156,527.6871948242188,337.72867584228516,379.9170379638672,,2,"[120, 176]","[511, 544]","[[120, 176], [511, 544]]",
2744,train,26北理工r,3,E:\桌面\v-Net\dataset\26合并\26北理工r\530-r\4\3_-1.5100.jpg,-1.51,0.54,411.0226745605469,640,480,ok,0.174993634223938,1.0,259,320.0,248.0213165283203,503.974609375,375.99796295166016,255.9532928466797,,3,"[233, 269]","[480, 528]","[[47, 94], [233, 269], [480, 528]]",
2745,train,26北理工r,3,E:\桌面\v-Net\dataset\26合并\26北理工r\530-r\5\3_1.5600.jpg,1.56,0.54,411.0226745605469,640,480,inferred_missing_left,-0.3575202465057373,0.6,259,320.0,0.082183837890625,411.1048583984375,205.59352111816406,411.0226745605469,411.0226745605469,1,,,"[[379, 444]]",
2746,train,26北理工r,4,E:\桌面\v-Net\dataset\26合并\26北理工r\530-r\1-2\4_0.0000.jpg,0.0,0.54,411.0226745605469,640,480,ok,0.03216531276702881,1.0,259,320.0,117.62510681152344,542.960693359375,330.2929000854492,425.33558654785156,,2,"[93, 142]","[520, 566]","[[93, 142], [520, 566]]",
2747,train,26北理工r,4,E:\桌面\v-Net\dataset\26合并\26北理工r\530-r\2-3\4_0.0000.jpg,0.0,0.54,411.0226745605469,640,480,ok,0.04878832101821899,1.0,259,320.0,121.3301773071289,549.8943481445312,335.6122627258301,428.56417083740234,,2,"[96, 146]","[525, 575]","[[96, 146], [525, 575]]",
2748,train,26北理工r,4,E:\桌面\v-Net\dataset\26合并\26北理工r\530-r\2\4_0.0000.jpg,0.0,0.54,411.0226745605469,640,480,ok,-0.02723749876022339,1.0,259,320.0,87.29419708251953,535.2738037109375,311.2840003967285,447.97960662841797,,2,"[65, 109]","[508, 562]","[[65, 109], [508, 562]]",
2749,train,26北理工r,4,E:\桌面\v-Net\dataset\26合并\26北理工r\530-r\3\4_0.0000.jpg,0.0,0.54,411.0226745605469,640,480,ok,0.08389804363250733,1.0,259,320.0,160.06407165527344,533.6306762695312,346.84737396240234,373.5666046142578,,3,"[132, 187]","[510, 558]","[[0, 16], [132, 187], [510, 558]]",
2750,train,26北理工r,4,E:\桌面\v-Net\dataset\26合并\26北理工r\530-r\4\4_-1.5100.jpg,-1.51,0.54,411.0226745605469,640,480,ok,0.12178733348846435,1.0,259,320.0,234.16429138183594,483.77960205078125,358.9719467163086,249.6153106689453,,3,"[206, 260]","[462, 507]","[[21, 67], [206, 260], [462, 507]]",
2751,train,26北理工r,4,E:\桌面\v-Net\dataset\26合并\26北理工r\530-r\5\4_1.5600.jpg,1.56,0.54,411.0226745605469,640,480,inferred_missing_left,-0.3515344142913818,0.6,259,320.0,1.997650146484375,413.02032470703125,207.5089874267578,411.0226745605469,411.0226745605469,1,,,"[[384, 442]]",
2752,train,26北理工r,5,E:\桌面\v-Net\dataset\26合并\26北理工r\530-r\2-3\5_0.0000.jpg,0.0,0.54,411.0226745605469,640,480,ok,0.05153721570968628,1.0,259,320.0,122.68944549560547,550.2943725585938,336.4919090270996,427.6049270629883,,2,"[97, 147]","[526, 575]","[[97, 147], [526, 575]]",
2753,train,26北理工r,5,E:\桌面\v-Net\dataset\26合并\26北理工r\530-r\4\5_-1.5100.jpg,-1.51,0.54,411.0226745605469,640,480,ok,0.05954177379608154,1.0,259,320.0,217.39183044433594,460.71490478515625,339.0533676147461,243.3230743408203,,3,"[200, 230]","[441, 479]","[[0, 30], [200, 230], [441, 479]]",
2754,train,26北理工r,5,E:\桌面\v-Net\dataset\26合并\26北理工r\530-r\5\5_1.5600.jpg,1.56,0.54,411.0226745605469,640,480,inferred_missing_left,-0.3588394641876221,0.6,259,320.0,0.0,410.3427429199219,205.17137145996094,410.3427429199219,411.0226745605469,1,,,"[[383, 437]]",
2755,train,26北理工r,6,E:\桌面\v-Net\dataset\26合并\26北理工r\530-r\2-3\6_0.0000.jpg,0.0,0.54,411.0226745605469,640,480,ok,0.05885998010635376,1.0,259,320.0,125.62357330322266,552.0468139648438,338.8351936340332,426.4232406616211,,2,"[100, 151]","[529, 576]","[[100, 151], [529, 576]]",
2756,train,26北理工r,6,E:\桌面\v-Net\dataset\26合并\26北理工r\530-r\3\6_0.0000.jpg,0.0,0.54,411.0226745605469,640,480,insufficient_yellow_edges,,0.0,259,320.0,,,,,,2,,,"[[0, 84], [163, 218]]",
2757,train,26北理工r,6,E:\桌面\v-Net\dataset\26合并\26北理工r\530-r\4\6_-1.5100.jpg,-1.51,0.54,411.0226745605469,640,480,insufficient_yellow_edges,,0.0,259,320.0,,,,,,3,,,"[[0, 9], [200, 213], [261, 280]]",
2758,train,26北理工r,6,E:\桌面\v-Net\dataset\26合并\26北理工r\530-r\5\6_1.5600.jpg,1.56,0.54,411.0226745605469,640,480,inferred_missing_left,-0.3558057308197021,0.6,259,320.0,0.630828857421875,411.65350341796875,206.1421661376953,411.0226745605469,411.0226745605469,1,,,"[[385, 438]]",
2759,train,26北理工r,7,E:\桌面\v-Net\dataset\26合并\26北理工r\530-r\2\7_0.0000.jpg,0.0,0.54,411.0226745605469,640,480,ok,-0.15339715480804444,1.0,259,320.0,25.178726196289062,516.6470947265625,270.9129104614258,491.46836853027344,,2,"[0, 57]","[487, 547]","[[0, 57], [487, 547]]",
2760,train,26北理工r,7,E:\桌面\v-Net\dataset\26合并\26北理工r\530-r\5\7_1.5600.jpg,1.56,0.54,411.0226745605469,640,480,inferred_missing_left,-0.3484152317047119,0.6,259,320.0,2.99578857421875,414.0184631347656,208.5071258544922,411.0226745605469,411.0226745605469,1,,,"[[387, 440]]",
2761,train,26北理工r,8,E:\桌面\v-Net\dataset\26合并\26北理工r\530-r\1-2\8_0.0000.jpg,0.0,0.54,411.0226745605469,640,480,ok,0.03608967065811157,1.0,259,320.0,117.13932037353516,545.9580688476562,331.5486946105957,428.8187484741211,,2,"[91, 142]","[523, 570]","[[91, 142], [523, 570]]",
2762,train,26北理工r,8,E:\桌面\v-Net\dataset\26合并\26北理工r\530-r\2\8_0.0000.jpg,0.0,0.54,411.0226745605469,640,480,ok,-0.17236515879631042,1.0,259,320.0,16.808612823486328,512.877685546875,264.84314918518066,496.0690727233887,,2,"[0, 42]","[483, 543]","[[0, 42], [483, 543]]",
2763,train,26北理工r,8,E:\桌面\v-Net\dataset\26合并\26北理工r\530-r\3\8_-1.5500.jpg,-1.55,0.54,411.0226745605469,640,480,ok,0.13632078170776368,1.0,259,320.0,205.524169921875,521.7211303710938,363.6226501464844,316.19696044921875,,3,"[174, 237]","[501, 541]","[[21, 116], [174, 237], [501, 541]]",
2764,train,26北理工r,8,E:\桌面\v-Net\dataset\26合并\26北理工r\530-r\4\8_-1.5100.jpg,-1.51,0.54,411.0226745605469,640,480,ok,-0.03401589393615723,1.0,259,320.0,236.31546020507812,381.91436767578125,309.1149139404297,145.59890747070312,,2,"[209, 262]","[360, 404]","[[209, 262], [360, 404]]",
2765,train,26北理工r,8,E:\桌面\v-Net\dataset\26合并\26北理工r\530-r\5\8_1.5600.jpg,1.56,0.54,411.0226745605469,640,480,inferred_missing_left,-0.341217565536499,0.6,259,320.0,5.299041748046875,416.32171630859375,210.8103790283203,411.0226745605469,411.0226745605469,1,,,"[[390, 443]]",
2766,train,26北理工r,9,E:\桌面\v-Net\dataset\26合并\26北理工r\530-r\1-2\9_0.0000.jpg,0.0,0.54,411.0226745605469,640,480,ok,0.03863015174865723,1.0,259,320.0,116.47622680664062,548.2470703125,332.3616485595703,431.7708435058594,,2,"[90, 142]","[526, 572]","[[90, 142], [526, 572]]",
2767,train,26北理工r,9,E:\桌面\v-Net\dataset\26合并\26北理工r\530-r\2-3\9_0.0000.jpg,0.0,0.54,411.0226745605469,640,480,ok,0.061328125,1.0,259,320.0,134.64654541015625,544.6034545898438,339.625,409.9569091796875,,3,"[108, 161]","[527, 562]","[[108, 161], [527, 562], [584, 630]]",
2768,train,26北理工r,9,E:\桌面\v-Net\dataset\26合并\26北理工r\530-r\2\9_0.0000.jpg,0.0,0.54,411.0226745605469,640,480,inferred_missing_left,-0.0753354549407959,0.6,259,320.0,90.38131713867188,501.40399169921875,295.8926544189453,411.0226745605469,411.0226745605469,1,,,"[[471, 533]]",
2769,train,26北理工r,9,E:\桌面\v-Net\dataset\26合并\26北理工r\530-r\4\9_-1.5100.jpg,-1.51,0.54,411.0226745605469,640,480,ok,-0.016106033325195314,1.0,259,320.0,274.9204406738281,354.7716979980469,314.8460693359375,79.85125732421875,,3,"[270, 280]","[330, 381]","[[199, 229], [270, 280], [330, 381]]",
2770,train,26北理工r,9,E:\桌面\v-Net\dataset\26合并\26北理工r\530-r\5\9_1.5600.jpg,1.56,0.54,411.0226745605469,640,480,insufficient_yellow_edges,,0.0,259,320.0,,,,,,2,,,"[[399, 448], [496, 519]]",
2771,train,26北理工r,10,E:\桌面\v-Net\dataset\26合并\26北理工r\530-r\1-2\10_0.0000.jpg,0.0,0.54,411.0226745605469,640,480,ok,0.04155378341674805,1.0,259,320.0,122.66375732421875,543.9306640625,333.2972106933594,421.26690673828125,,2,"[97, 148]","[521, 567]","[[97, 148], [521, 567]]",
2772,train,26北理工r,10,E:\桌面\v-Net\dataset\26合并\26北理工r\530-r\2\10_0.0000.jpg,0.0,0.54,411.0226745605469,640,480,inferred_missing_left,-0.09745841026306153,0.6,259,320.0,83.30197143554688,494.32464599609375,288.8133087158203,411.0226745605469,411.0226745605469,1,,,"[[462, 526]]",
2773,train,26北理工r,10,E:\桌面\v-Net\dataset\26合并\26北理工r\530-r\3\10_-1.5500.jpg,-1.55,0.54,411.0226745605469,640,480,ok,0.11181607246398925,1.0,259,320.0,212.56524658203125,498.9970397949219,355.78114318847656,286.4317932128906,,3,"[180, 245]","[474, 526]","[[56, 130], [180, 245], [474, 526]]",
2774,train,26北理工r,11,E:\桌面\v-Net\dataset\26合并\26北理工r\530-r\2-3\11_0.0000.jpg,0.0,0.54,411.0226745605469,640,480,ok,0.09523417949676513,1.0,259,320.0,146.17051696777344,554.7793579101562,350.47493743896484,408.6088409423828,,3,"[118, 173]","[533, 579]","[[118, 173], [533, 579], [607, 639]]",
2775,train,26北理工r,11,E:\桌面\v-Net\dataset\26合并\26北理工r\530-r\2\11_0.0000.jpg,0.0,0.54,411.0226745605469,640,480,inferred_missing_left,-0.1432614803314209,0.6,259,320.0,68.64498901367188,479.66766357421875,274.1563262939453,411.0226745605469,411.0226745605469,1,,,"[[447, 512]]",
2776,train,26北理工r,11,E:\桌面\v-Net\dataset\26合并\26北理工r\530-r\3\11_-1.5500.jpg,-1.55,0.54,411.0226745605469,640,480,ok,0.0992633581161499,1.0,259,320.0,213.73756408691406,489.7909851074219,351.76427459716797,276.0534210205078,,3,"[179, 248]","[467, 515]","[[63, 132], [179, 248], [467, 515]]",
2777,train,26北理工r,11,E:\桌面\v-Net\dataset\26合并\26北理工r\530-r\4\11_-1.5100.jpg,-1.51,0.54,411.0226745605469,640,480,inferred_missing_right,0.37993779182434084,0.6,259,320.0,244.16018676757812,639.0,441.58009338378906,394.8398132324219,411.0226745605469,1,,,"[[214, 287]]",
2778,train,26北理工r,11,E:\桌面\v-Net\dataset\26合并\26北理工r\530-r\5\11_1.5600.jpg,1.56,0.54,411.0226745605469,640,480,insufficient_yellow_edges,,0.0,259,320.0,,,,,,2,,,"[[418, 465], [520, 623]]",
2779,train,26北理工r,12,E:\桌面\v-Net\dataset\26合并\26北理工r\530-r\2-3\12_0.0000.jpg,0.0,0.54,411.0226745605469,640,480,ok,0.11865274906158448,1.0,259,320.0,155.2857208251953,560.6520385742188,357.96887969970703,405.36631774902344,,2,"[126, 184]","[543, 579]","[[126, 184], [543, 579]]",
2780,train,26北理工r,12,E:\桌面\v-Net\dataset\26合并\26北理工r\530-r\4\12_-1.5100.jpg,-1.51,0.54,411.0226745605469,640,480,inferred_missing_right,0.3721285104751587,0.6,259,320.0,239.16224670410156,639.0,439.0811233520508,399.83775329589844,411.0226745605469,1,,,"[[196, 282]]",
2781,train,26北理工r,12,E:\桌面\v-Net\dataset\26合并\26北理工r\530-r\5\12_1.5600.jpg,1.56,0.54,411.0226745605469,640,480,insufficient_yellow_edges,,0.0,259,320.0,,,,,,3,,,"[[428, 470], [545, 565], [575, 639]]",
2782,train,26北理工r,13,E:\桌面\v-Net\dataset\26合并\26北理工r\530-r\2-3\13_0.0000.jpg,0.0,0.54,411.0226745605469,640,480,ok,0.1029625415802002,1.0,259,320.0,160.98159790039062,544.9144287109375,352.94801330566406,383.9328308105469,,2,"[132, 190]","[531, 559]","[[132, 190], [531, 559]]",
2783,train,26北理工r,13,E:\桌面\v-Net\dataset\26合并\26北理工r\530-r\2\13_0.0000.jpg,0.0,0.54,411.0226745605469,640,480,inferred_missing_left,-0.21954083442687988,0.6,259,320.0,44.235595703125,455.2582702636719,249.74693298339844,411.0226745605469,411.0226745605469,1,,,"[[421, 490]]",
2784,train,26北理工r,13,E:\桌面\v-Net\dataset\26合并\26北理工r\530-r\3\13_-1.5500.jpg,-1.55,0.54,411.0226745605469,640,480,ok,0.05005731582641602,1.0,259,320.0,213.54580688476562,458.4908752441406,336.0183410644531,244.945068359375,,3,"[179, 248]","[438, 478]","[[63, 121], [179, 248], [438, 478]]",
2785,train,26北理工r,13,E:\桌面\v-Net\dataset\26合并\26北理工r\530-r\4\13_-1.5100.jpg,-1.51,0.54,411.0226745605469,640,480,inferred_missing_right,0.32005882263183594,0.6,259,320.0,216.90748596191406,627.9301605224609,422.4188232421875,411.0226745605469,411.0226745605469,1,,,"[[186, 250]]",
2786,train,26北理工r,14,E:\桌面\v-Net\dataset\26合并\26北理工r\530-r\1-2\14_0.0000.jpg,0.0,0.54,411.0226745605469,640,480,ok,0.04430420398712158,1.0,259,320.0,120.87086486816406,547.4838256835938,334.1773452758789,426.6129608154297,,2,"[95, 145]","[524, 572]","[[95, 145], [524, 572]]",
2787,train,26北理工r,14,E:\桌面\v-Net\dataset\26合并\26北理工r\530-r\2\14_0.0000.jpg,0.0,0.54,411.0226745605469,640,480,inferred_missing_left,-0.24859557151794434,0.6,259,320.0,34.938079833984375,445.96075439453125,240.4494171142578,411.0226745605469,411.0226745605469,1,,,"[[411, 481]]",
2788,train,26北理工r,14,E:\桌面\v-Net\dataset\26合并\26北理工r\530-r\3\14_-1.5500.jpg,-1.55,0.54,411.0226745605469,640,480,ok,-0.025928711891174315,1.0,259,320.0,215.56727600097656,407.8383483886719,311.7028121948242,192.2710723876953,,3,"[181, 250]","[390, 428]","[[54, 107], [181, 250], [390, 428]]",
2789,train,26北理工r,14,E:\桌面\v-Net\dataset\26合并\26北理工r\530-r\4\14_-1.5100.jpg,-1.51,0.54,411.0226745605469,640,480,inferred_missing_right,0.24144463539123534,0.6,259,320.0,191.75094604492188,602.7736206054688,397.2622833251953,411.0226745605469,411.0226745605469,1,,,"[[158, 226]]",
2790,train,26北理工r,15,E:\桌面\v-Net\dataset\26合并\26北理工r\530-r\2\15_1.5000.jpg,1.5,0.54,411.0226745605469,640,480,inferred_missing_left,-0.3062135219573975,0.6,259,320.0,16.500335693359375,427.52301025390625,222.0116729736328,411.0226745605469,411.0226745605469,1,,,"[[393, 463]]",
2791,train,26北理工r,15,E:\桌面\v-Net\dataset\26合并\26北理工r\530-r\4\15_-1.5100.jpg,-1.51,0.54,411.0226745605469,640,480,inferred_missing_right,0.06012625694274902,0.6,259,320.0,133.72906494140625,544.7517395019531,339.2404022216797,411.0226745605469,411.0226745605469,1,,,"[[101, 169]]",
2792,train,26北理工r,16,E:\桌面\v-Net\dataset\26合并\26北理工r\530-r\1-2\16_0.0000.jpg,0.0,0.54,411.0226745605469,640,480,ok,0.040195906162261964,1.0,259,320.0,119.4324722290039,546.2929077148438,332.8626899719238,426.86043548583984,,2,"[96, 141]","[521, 572]","[[96, 141], [521, 572]]",
2793,train,26北理工r,16,E:\桌面\v-Net\dataset\26合并\26北理工r\530-r\2-3\16_0.0000.jpg,0.0,0.54,411.0226745605469,640,480,ok,0.1781230926513672,1.0,259,320.0,194.921875,559.076904296875,376.9993896484375,364.155029296875,,3,"[163, 227]","[539, 581]","[[0, 71], [163, 227], [539, 581]]",
2794,train,26北理工r,16,E:\桌面\v-Net\dataset\26合并\26北理工r\530-r\2\16_1.5000.jpg,1.5,0.54,411.0226745605469,640,480,inferred_missing_left,-0.3173496723175049,0.6,259,320.0,12.936767578125,423.9594421386719,218.44810485839844,411.0226745605469,411.0226745605469,1,,,"[[389, 459]]",
2795,train,26北理工r,16,E:\桌面\v-Net\dataset\26合并\26北理工r\530-r\3\16_-1.5500.jpg,-1.55,0.54,411.0226745605469,640,480,ok,-0.12581274509429932,1.0,259,320.0,207.1481475830078,352.3316955566406,279.7399215698242,145.1835479736328,,3,"[171, 243]","[326, 380]","[[8, 47], [171, 243], [326, 380]]",
2796,train,26北理工r,16,E:\桌面\v-Net\dataset\26合并\26北理工r\530-r\4\16_-1.5100.jpg,-1.51,0.54,411.0226745605469,640,480,inferred_missing_right,-0.041668367385864255,0.6,259,320.0,101.15478515625,512.1774597167969,306.66612243652344,411.0226745605469,411.0226745605469,1,,,"[[66, 138]]",
2797,train,26北理工r,16,E:\桌面\v-Net\dataset\26合并\26北理工r\530-r\5\16_1.5600.jpg,1.56,0.54,411.0226745605469,640,480,insufficient_yellow_edges,,0.0,259,320.0,,,,,,3,,,"[[484, 527], [564, 593], [618, 639]]",
2798,train,26北理工r,17,E:\桌面\v-Net\dataset\26合并\26北理工r\530-r\1-2\17_0.0000.jpg,0.0,0.54,411.0226745605469,640,480,ok,0.029191648960113524,1.0,259,320.0,113.97269439697266,544.7099609375,329.3413276672363,430.73726654052734,,2,"[92, 136]","[519, 571]","[[92, 136], [519, 571]]",
2799,train,26北理工r,17,E:\桌面\v-Net\dataset\26合并\26北理工r\530-r\2-3\17_0.0000.jpg,0.0,0.54,411.0226745605469,640,480,insufficient_yellow_edges,,0.0,259,320.0,,,,,,2,,,"[[0, 98], [175, 242]]",
2800,train,26北理工r,17,E:\桌面\v-Net\dataset\26合并\26北理工r\530-r\2\17_1.5000.jpg,1.5,0.54,411.0226745605469,640,480,inferred_missing_left,-0.34005093574523926,0.6,259,320.0,5.67236328125,416.6950378417969,211.18370056152344,411.0226745605469,411.0226745605469,1,,,"[[379, 454]]",
2801,train,26北理工r,17,E:\桌面\v-Net\dataset\26合并\26北理工r\530-r\3\17_-1.5500.jpg,-1.55,0.54,411.0226745605469,640,480,ok,-0.1780958890914917,1.0,259,320.0,204.36143493652344,321.6571960449219,263.00931549072266,117.29576110839844,,2,"[169, 240]","[300, 341]","[[169, 240], [300, 341]]",
2802,train,26北理工r,17,E:\桌面\v-Net\dataset\26合并\26北理工r\530-r\4\17_-1.5100.jpg,-1.51,0.54,411.0226745605469,640,480,inferred_missing_right,-0.26059995889663695,0.6,259,320.0,31.096675872802734,442.1193504333496,236.60801315307617,411.0226745605469,411.0226745605469,1,,,"[[0, 67]]",
2803,train,26北理工r,17,E:\桌面\v-Net\dataset\26合并\26北理工r\530-r\5\17_1.5600.jpg,1.56,0.54,411.0226745605469,640,480,insufficient_yellow_edges,,0.0,259,320.0,,,,,,2,,,"[[508, 552], [590, 639]]",
2804,train,26北理工r,18,E:\桌面\v-Net\dataset\26合并\26北理工r\530-r\2-3\18_0.0000.jpg,0.0,0.54,411.0226745605469,640,480,ok,0.20166499614715577,1.0,259,320.0,223.20848083496094,545.8571166992188,384.53279876708984,322.6486358642578,,3,"[188, 259]","[526, 565]","[[10, 125], [188, 259], [526, 565]]",
2805,train,26北理工r,18,E:\桌面\v-Net\dataset\26合并\26北理工r\530-r\2\18_1.5000.jpg,1.5,0.54,411.0226745605469,640,480,inferred_missing_left,-0.34978766441345216,0.6,259,320.0,2.556610107421875,413.57928466796875,208.0679473876953,411.0226745605469,411.0226745605469,1,,,"[[376, 452]]",
2806,train,26北理工r,18,E:\桌面\v-Net\dataset\26合并\26北理工r\530-r\4\18_-1.5100.jpg,-1.51,0.54,411.0226745605469,640,480,inferred_missing_right,-0.32407077848911287,0.6,259,320.0,10.78601360321045,421.8086881637573,216.2973508834839,411.0226745605469,411.0226745605469,1,,,"[[0, 28]]",
2807,train,26北理工r,19,E:\桌面\v-Net\dataset\26合并\26北理工r\530-r\1-2\19_0.0000.jpg,0.0,0.54,411.0226745605469,640,480,ok,-0.005743098258972168,1.0,259,320.0,97.51570129394531,538.8087158203125,318.1622085571289,441.2930145263672,,2,"[77, 118]","[512, 566]","[[77, 118], [512, 566]]",
2808,train,26北理工r,19,E:\桌面\v-Net\dataset\26合并\26北理工r\530-r\2\19_1.5000.jpg,1.5,0.54,411.0226745605469,640,480,inferred_missing_left,-0.3622283935546875,0.6,259,320.0,0.0,408.173828125,204.0869140625,408.173828125,411.0226745605469,1,,,"[[370, 446]]",
2809,train,26北理工r,19,E:\桌面\v-Net\dataset\26合并\26北理工r\530-r\3\19_-1.5500.jpg,-1.55,0.54,411.0226745605469,640,480,inferred_missing_right,0.3170867919921875,0.6,259,320.0,215.95643615722656,626.9791107177734,421.4677734375,411.0226745605469,411.0226745605469,1,,,"[[164, 260]]",
2810,train,26北理工r,19,E:\桌面\v-Net\dataset\26合并\26北理工r\530-r\4\19_-1.5100.jpg,-1.51,0.54,411.0226745605469,640,480,insufficient_yellow_edges,,0.0,259,320.0,,,,,,0,,,[],
2811,train,26北理工r,19,E:\桌面\v-Net\dataset\26合并\26北理工r\530-r\5\19_1.5600.jpg,1.56,0.54,411.0226745605469,640,480,insufficient_yellow_edges,,0.0,259,320.0,,,,,,2,,,"[[551, 593], [631, 639]]",
2812,train,26北理工r,20,E:\桌面\v-Net\dataset\26合并\26北理工r\530-r\1-2\20_0.0000.jpg,0.0,0.54,411.0226745605469,640,480,ok,-0.022361886501312257,1.0,259,320.0,89.31351470947266,536.3748779296875,312.8441963195801,447.06136322021484,,2,"[66, 111]","[509, 564]","[[66, 111], [509, 564]]",
2813,train,26北理工r,20,E:\桌面\v-Net\dataset\26合并\26北理工r\530-r\4-5\20_-1.2500.jpg,-1.25,0.54,411.0226745605469,640,480,ok,0.2424395799636841,1.0,259,320.0,185.84474182128906,609.3165893554688,397.5806655883789,423.4718475341797,,2,"[165, 206]","[581, 639]","[[165, 206], [581, 639]]",
2814,train,26北理工r,20,E:\桌面\v-Net\dataset\26合并\26北理工r\530-r\4\20_-1.5100.jpg,-1.51,0.54,411.0226745605469,640,480,insufficient_yellow_edges,,0.0,259,320.0,,,,,,0,,,[],
2815,train,26北理工r,20,E:\桌面\v-Net\dataset\26合并\26北理工r\530-r\5\20_1.5600.jpg,1.56,0.54,411.0226745605469,640,480,inferred_missing_left,0.18724408149719238,0.6,259,320.0,174.40676879882812,585.429443359375,379.91810607910156,411.0226745605469,411.0226745605469,1,,,"[[567, 605]]",
2816,train,26北理工r,21,E:\桌面\v-Net\dataset\26合并\26北理工r\530-r\1-2\21_0.0000.jpg,0.0,0.54,411.0226745605469,640,480,ok,-0.06375288963317871,1.0,259,320.0,69.87124633789062,529.326904296875,299.5990753173828,459.4556579589844,,2,"[41, 96]","[501, 558]","[[41, 96], [501, 558]]",
2817,train,26北理工r,21,E:\桌面\v-Net\dataset\26合并\26北理工r\530-r\2\21_1.5000.jpg,1.5,0.54,411.0226745605469,640,480,inferred_missing_left,-0.37090115547180175,0.6,259,320.0,0.0,402.6232604980469,201.31163024902344,402.6232604980469,411.0226745605469,1,,,"[[365, 440]]",
2818,train,26北理工r,21,E:\桌面\v-Net\dataset\26合并\26北理工r\530-r\3\21_-1.5500.jpg,-1.55,0.54,411.0226745605469,640,480,insufficient_yellow_edges,,0.0,259,320.0,,,,,,2,,,"[[125, 185], [215, 235]]",
2819,train,26北理工r,21,E:\桌面\v-Net\dataset\26合并\26北理工r\530-r\4-5\21_-1.2500.jpg,-1.25,0.54,411.0226745605469,640,480,ok,0.20221421718597413,1.0,259,320.0,171.72312927246094,597.6939697265625,384.7085494995117,425.97084045410156,,2,"[151, 192]","[569, 627]","[[151, 192], [569, 627]]",
2820,train,26北理工r,21,E:\桌面\v-Net\dataset\26合并\26北理工r\530-r\5\21_1.5600.jpg,1.56,0.54,411.0226745605469,640,480,inferred_missing_left,0.28815350532531736,0.6,259,320.0,206.69778442382812,617.720458984375,412.20912170410156,411.0226745605469,411.0226745605469,1,,,"[[600, 635]]",
2821,train,26北理工r,22,E:\桌面\v-Net\dataset\26合并\26北理工r\530-r\1-2\22_0.0000.jpg,0.0,0.54,411.0226745605469,640,480,ok,-0.08909980058670045,1.0,259,320.0,57.67137908935547,525.3047485351562,291.48806381225586,467.6333694458008,,2,"[24, 87]","[496, 555]","[[24, 87], [496, 555]]",
2822,train,26北理工r,22,E:\桌面\v-Net\dataset\26合并\26北理工r\530-r\3\22_-1.5500.jpg,-1.55,0.54,411.0226745605469,640,480,insufficient_yellow_edges,,0.0,259,320.0,,,,,,2,,,"[[94, 154], [191, 233]]",
2823,train,26北理工r,22,E:\桌面\v-Net\dataset\26合并\26北理工r\530-r\5\22_1.5600.jpg,1.56,0.54,411.0226745605469,640,480,inferred_missing_left,0.325365686416626,0.6,259,320.0,218.60568237304688,629.6283569335938,424.1170196533203,411.0226745605469,411.0226745605469,1,,,"[[614, 639]]",
2824,train,26北理工r,23,E:\桌面\v-Net\dataset\26合并\26北理工r\530-r\1-2\23_0.0000.jpg,0.0,0.54,411.0226745605469,640,480,ok,-0.1452078640460968,1.0,259,320.0,29.542919158935547,517.5240478515625,273.533483505249,487.98112869262695,,2,"[0, 63]","[488, 548]","[[0, 63], [488, 548]]",
2825,train,26北理工r,23,E:\桌面\v-Net\dataset\26合并\26北理工r\530-r\2\23_1.5000.jpg,1.5,0.54,411.0226745605469,640,480,inferred_missing_left,-0.3727607727050781,0.6,259,320.0,0.0,401.43310546875,200.716552734375,401.43310546875,411.0226745605469,1,,,"[[363, 439]]",
2826,train,26北理工r,23,E:\桌面\v-Net\dataset\26合并\26北理工r\530-r\3\23_-1.5500.jpg,-1.55,0.54,411.0226745605469,640,480,ok,0.2792360305786133,1.0,259,320.0,183.97625732421875,634.7348022460938,409.35552978515625,450.758544921875,,3,"[154, 209]","[629, 639]","[[27, 86], [154, 209], [629, 639]]",
2827,train,26北理工r,23,E:\桌面\v-Net\dataset\26合并\26北理工r\530-r\5\23_1.5600.jpg,1.56,0.54,411.0226745605469,640,480,insufficient_yellow_edges,,0.0,259,320.0,,,,,,0,,,[],
2828,train,26北理工r,24,E:\桌面\v-Net\dataset\26合并\26北理工r\530-r\2\24_1.5000.jpg,1.5,0.54,411.0226745605469,640,480,inferred_missing_left,-0.3779139995574951,0.6,259,320.0,0.0,398.1350402832031,199.06752014160156,398.1350402832031,411.0226745605469,1,,,"[[360, 436]]",
2829,train,26北理工r,24,E:\桌面\v-Net\dataset\26合并\26北理工r\530-r\4-5\24_-1.2500.jpg,-1.25,0.54,411.0226745605469,640,480,ok,-0.0925575315952301,1.0,259,320.0,45.414730072021484,535.3484497070312,290.38158988952637,489.93371963500977,,2,"[0, 85]","[505, 566]","[[0, 85], [505, 566]]",
2830,train,26北理工r,24,E:\桌面\v-Net\dataset\26合并\26北理工r\530-r\5\24_1.5600.jpg,1.56,0.54,411.0226745605469,640,480,insufficient_yellow_edges,,0.0,259,320.0,,,,,,0,,,[],
2831,train,26北理工r,25,E:\桌面\v-Net\dataset\26合并\26北理工r\530-r\2\25_1.5000.jpg,1.5,0.54,411.0226745605469,640,480,inferred_missing_left,-0.37891197204589844,0.6,259,320.0,0.0,397.496337890625,198.7481689453125,397.496337890625,411.0226745605469,1,,,"[[360, 435]]",
2832,train,26北理工r,25,E:\桌面\v-Net\dataset\26合并\26北理工r\530-r\3\25_-1.5500.jpg,-1.55,0.54,411.0226745605469,640,480,ok,0.1597592353820801,1.0,259,320.0,201.35076904296875,540.8951416015625,371.1229553222656,339.54437255859375,,3,"[177, 230]","[534, 548]","[[177, 230], [534, 548], [597, 639]]",
2833,train,26北理工r,25,E:\桌面\v-Net\dataset\26合并\26北理工r\530-r\4-5\25_-1.2500.jpg,-1.25,0.54,411.0226745605469,640,480,ok,-0.15236862003803253,1.0,259,320.0,20.63789176940918,521.84619140625,271.2420415878296,501.2082996368408,,2,"[0, 52]","[491, 553]","[[0, 52], [491, 553]]",
2834,train,26北理工r,25,E:\桌面\v-Net\dataset\26合并\26北理工r\530-r\5\25_1.5600.jpg,1.56,0.54,411.0226745605469,640,480,insufficient_yellow_edges,,0.0,259,320.0,,,,,,0,,,[],
2835,train,26北理工r,26,E:\桌面\v-Net\dataset\26合并\26北理工r\530-r\3\26_-1.5500.jpg,-1.55,0.54,411.0226745605469,640,480,ok,0.11573443412780762,1.0,259,320.0,186.37454223632812,527.6954956054688,357.03501892089844,341.3209533691406,,3,"[157, 215]","[516, 538]","[[157, 215], [516, 538], [586, 637]]",
2836,train,26北理工r,26,E:\桌面\v-Net\dataset\26合并\26北理工r\530-r\4-5\26_-1.2500.jpg,-1.25,0.54,411.0226745605469,640,480,inferred_missing_left,-0.09953837394714356,0.6,259,320.0,82.63638305664062,493.6590576171875,288.14772033691406,411.0226745605469,411.0226745605469,1,,,"[[461, 526]]",
2837,train,26北理工r,26,E:\桌面\v-Net\dataset\26合并\26北理工r\530-r\4\26_1.7700.jpg,1.77,0.54,411.0226745605469,640,480,insufficient_yellow_edges,,0.0,259,320.0,,,,,,0,,,[],
2838,train,26北理工r,27,E:\桌面\v-Net\dataset\26合并\26北理工r\530-r\2\27_1.5000.jpg,1.5,0.54,411.0226745605469,640,480,inferred_missing_left,-0.38510785102844236,0.6,259,320.0,0.0,393.5309753417969,196.76548767089844,393.5309753417969,411.0226745605469,1,,,"[[355, 431]]",
2839,train,26北理工r,27,E:\桌面\v-Net\dataset\26合并\26北理工r\530-r\3\27_-1.5500.jpg,-1.55,0.54,411.0226745605469,640,480,ok,0.03729407787322998,1.0,259,320.0,162.9296112060547,500.9385986328125,331.9341049194336,338.0089874267578,,3,"[144, 182]","[473, 522]","[[144, 182], [473, 522], [568, 601]]",
2840,train,26北理工r,27,E:\桌面\v-Net\dataset\26合并\26北理工r\530-r\4\27_1.7700.jpg,1.77,0.54,411.0226745605469,640,480,insufficient_yellow_edges,,0.0,259,320.0,,,,,,0,,,[],
2841,train,26北理工r,27,E:\桌面\v-Net\dataset\26合并\26北理工r\530-r\5\27_1.5600.jpg,1.56,0.54,411.0226745605469,640,480,insufficient_yellow_edges,,0.0,259,320.0,,,,,,0,,,[],
2842,train,26北理工r,28,E:\桌面\v-Net\dataset\26合并\26北理工r\530-r\2\28_1.5000.jpg,1.5,0.54,411.0226745605469,640,480,inferred_missing_left,-0.389581298828125,0.6,259,320.0,0.0,390.66796875,195.333984375,390.66796875,411.0226745605469,1,,,"[[352, 429]]",
2843,train,26北理工r,28,E:\桌面\v-Net\dataset\26合并\26北理工r\530-r\3\28_-1.5500.jpg,-1.55,0.54,411.0226745605469,640,480,ok,0.07442450523376465,1.0,259,320.0,201.09982299804688,486.5318603515625,343.8158416748047,285.4320373535156,,3,"[181, 222]","[456, 510]","[[181, 222], [456, 510], [559, 580]]",
2844,train,26北理工r,28,E:\桌面\v-Net\dataset\26合并\26北理工r\530-r\4-5\28_1.5600.jpg,1.56,0.54,411.0226745605469,640,480,inferred_missing_left,-0.23774199485778807,0.6,259,320.0,38.411224365234375,449.43389892578125,243.9225616455078,411.0226745605469,411.0226745605469,1,,,"[[415, 484]]",
2845,train,26北理工r,28,E:\桌面\v-Net\dataset\26合并\26北理工r\530-r\4\28_1.7700.jpg,1.77,0.54,411.0226745605469,640,480,insufficient_yellow_edges,,0.0,259,320.0,,,,,,0,,,[],
2846,train,26北理工r,28,E:\桌面\v-Net\dataset\26合并\26北理工r\530-r\5\28_1.5600.jpg,1.56,0.54,411.0226745605469,640,480,insufficient_yellow_edges,,0.0,259,320.0,,,,,,0,,,[],
2847,train,26北理工r,29,E:\桌面\v-Net\dataset\26合并\26北理工r\530-r\2\29_1.5000.jpg,1.5,0.54,411.0226745605469,640,480,inferred_missing_left,-0.3913129329681396,0.6,259,320.0,0.0,389.5597229003906,194.7798614501953,389.5597229003906,411.0226745605469,1,,,"[[351, 428]]",
2848,train,26北理工r,29,E:\桌面\v-Net\dataset\26合并\26北理工r\530-r\3\29_-1.5500.jpg,-1.55,0.54,411.0226745605469,640,480,ok,-0.00760960578918457,1.0,259,320.0,173.84228515625,461.2875671386719,317.56492614746094,287.4452819824219,,2,"[140, 204]","[432, 489]","[[140, 204], [432, 489]]",
2849,train,26北理工r,29,E:\桌面\v-Net\dataset\26合并\26北理工r\530-r\4-5\29_1.5600.jpg,1.56,0.54,411.0226745605469,640,480,inferred_missing_left,-0.2604337215423584,0.6,259,320.0,31.149871826171875,442.17254638671875,236.6612091064453,411.0226745605469,411.0226745605469,1,,,"[[406, 478]]",
2850,train,26北理工r,29,E:\桌面\v-Net\dataset\26合并\26北理工r\530-r\4\29_1.7700.jpg,1.77,0.54,411.0226745605469,640,480,insufficient_yellow_edges,,0.0,259,320.0,,,,,,0,,,[],
2851,train,26北理工r,30,E:\桌面\v-Net\dataset\26合并\26北理工r\530-r\2\30_1.5000.jpg,1.5,0.54,411.0226745605469,640,480,inferred_missing_left,-0.39539384841918945,0.6,259,320.0,0.0,386.94793701171875,193.47396850585938,386.94793701171875,411.0226745605469,1,,,"[[349, 425]]",
2852,train,26北理工r,30,E:\桌面\v-Net\dataset\26合并\26北理工r\530-r\3\30_-1.5500.jpg,-1.55,0.54,411.0226745605469,640,480,ok,-0.18212323188781737,1.0,259,320.0,162.29257202148438,361.1485595703125,261.72056579589844,198.85598754882812,,4,"[137, 185]","[343, 377]","[[137, 185], [343, 377], [421, 478], [630, 639]]",
2853,train,26北理工r,30,E:\桌面\v-Net\dataset\26合并\26北理工r\530-r\4\30_1.7700.jpg,1.77,0.54,411.0226745605469,640,480,insufficient_yellow_edges,,0.0,259,320.0,,,,,,0,,,[],
2854,train,26北理工r,30,E:\桌面\v-Net\dataset\26合并\26北理工r\530-r\5\30_1.5600.jpg,1.56,0.54,411.0226745605469,640,480,insufficient_yellow_edges,,0.0,259,320.0,,,,,,0,,,[],
2855,train,26北理工r,31,E:\桌面\v-Net\dataset\26合并\26北理工r\530-r\3\31_-1.5500.jpg,-1.55,0.54,411.0226745605469,640,480,ok,-0.2047959566116333,1.0,259,320.0,178.8845672607422,330.0460205078125,254.46529388427734,151.1614532470703,,4,"[158, 201]","[301, 357]","[[158, 201], [301, 357], [403, 450], [608, 639]]",
2856,train,26北理工r,31,E:\桌面\v-Net\dataset\26合并\26北理工r\530-r\4-5\31_1.5600.jpg,1.56,0.54,411.0226745605469,640,480,inferred_missing_left,-0.3455164432525635,0.6,259,320.0,3.92340087890625,414.9460754394531,209.4347381591797,411.0226745605469,411.0226745605469,1,,,"[[377, 453]]",
2857,train,26北理工r,31,E:\桌面\v-Net\dataset\26合并\26北理工r\530-r\4\31_1.7700.jpg,1.77,0.54,411.0226745605469,640,480,insufficient_yellow_edges,,0.0,259,320.0,,,,,,0,,,[],
2858,train,26北理工r,31,E:\桌面\v-Net\dataset\26合并\26北理工r\530-r\5\31_1.5600.jpg,1.56,0.54,411.0226745605469,640,480,inferred_missing_left,-0.043728876113891604,0.6,259,320.0,100.49542236328125,511.5180969238281,306.0067596435547,411.0226745605469,411.0226745605469,1,,,"[[488, 534]]",
2859,train,26北理工r,32,E:\桌面\v-Net\dataset\26合并\26北理工r\530-r\3\32_-1.5500.jpg,-1.55,0.54,411.0226745605469,640,480,ok,0.42132110595703126,1.0,259,320.0,302.943115234375,606.702392578125,454.82275390625,303.75927734375,,3,"[276, 333]","[586, 628]","[[122, 242], [276, 333], [586, 628]]",
2860,train,26北理工r,32,E:\桌面\v-Net\dataset\26合并\26北理工r\530-r\5\32_1.5600.jpg,1.56,0.54,411.0226745605469,640,480,inferred_missing_left,0.03519845008850098,0.6,259,320.0,125.75216674804688,536.7748413085938,331.2635040283203,411.0226745605469,411.0226745605469,1,,,"[[509, 565]]",
2861,train,26北理工r,33,E:\桌面\v-Net\dataset\26合并\26北理工r\530-r\2\33_1.5000.jpg,1.5,0.54,411.0226745605469,640,480,inferred_missing_left,-0.39765009880065916,0.6,259,320.0,0.0,385.5039367675781,192.75196838378906,385.5039367675781,411.0226745605469,1,,,"[[348, 423]]",
2862,train,26北理工r,33,E:\桌面\v-Net\dataset\26合并\26北理工r\530-r\3\33_-1.5500.jpg,-1.55,0.54,411.0226745605469,640,480,ok,0.09165681600570678,1.0,259,320.0,113.82869720458984,584.8316650390625,349.3301811218262,471.00296783447266,,2,"[7, 210]","[564, 606]","[[7, 210], [564, 606]]",
2863,train,26北理工r,33,E:\桌面\v-Net\dataset\26合并\26北理工r\530-r\4-5\33_1.5600.jpg,1.56,0.54,411.0226745605469,640,480,inferred_missing_left,-0.3752139091491699,0.6,259,320.0,0.0,399.86309814453125,199.93154907226562,399.86309814453125,411.0226745605469,1,,,"[[361, 438]]",
2864,train,26北理工r,33,E:\桌面\v-Net\dataset\26合并\26北理工r\530-r\4\33_1.7700.jpg,1.77,0.54,411.0226745605469,640,480,insufficient_yellow_edges,,0.0,259,320.0,,,,,,0,,,[],
2865,train,26北理工r,33,E:\桌面\v-Net\dataset\26合并\26北理工r\530-r\5\33_1.5600.jpg,1.56,0.54,411.0226745605469,640,480,inferred_missing_left,0.24921422004699706,0.6,259,320.0,194.23721313476562,605.2598876953125,399.74855041503906,411.0226745605469,411.0226745605469,1,,,"[[574, 635]]",
2866,train,26北理工r,34,E:\桌面\v-Net\dataset\26合并\26北理工r\530-r\3\34_-1.5500.jpg,-1.55,0.54,411.0226745605469,640,480,ok,0.021794819831848146,1.0,259,320.0,81.09693908691406,572.8517456054688,326.9743423461914,491.7548065185547,,2,"[0, 172]","[551, 595]","[[0, 172], [551, 595]]",
2867,train,26北理工r,34,E:\桌面\v-Net\dataset\26合并\26北理工r\530-r\4\34_1.7700.jpg,1.77,0.54,411.0226745605469,640,480,insufficient_yellow_edges,,0.0,259,320.0,,,,,,0,,,[],
2868,train,26北理工r,34,E:\桌面\v-Net\dataset\26合并\26北理工r\530-r\5\34_1.5600.jpg,1.56,0.54,411.0226745605469,640,480,inferred_missing_right,-0.2932006597518921,0.6,259,320.0,20.664451599121094,431.68712615966797,226.17578887939453,411.0226745605469,411.0226745605469,1,,,"[[7, 35]]",
2869,train,26北理工r,35,E:\桌面\v-Net\dataset\26合并\26北理工r\530-r\3\35_-1.5500.jpg,-1.55,0.54,411.0226745605469,640,480,ok,0.04104760885238647,1.0,259,320.0,119.2085189819336,547.0619506835938,333.1352348327637,427.85343170166016,,2,"[89, 148]","[525, 570]","[[89, 148], [525, 570]]",
2870,train,26北理工r,35,E:\桌面\v-Net\dataset\26合并\26北理工r\530-r\4-5\35_1.5600.jpg,1.56,0.54,411.0226745605469,640,480,inferred_missing_left,-0.38570799827575686,0.6,259,320.0,0.0,393.1468811035156,196.5734405517578,393.1468811035156,411.0226745605469,1,,,"[[353, 433]]",
2871,train,26北理工r,35,E:\桌面\v-Net\dataset\26合并\26北理工r\530-r\4\35_1.7700.jpg,1.77,0.54,411.0226745605469,640,480,insufficient_yellow_edges,,0.0,259,320.0,,,,,,0,,,[],
2872,train,26北理工r,35,E:\桌面\v-Net\dataset\26合并\26北理工r\530-r\5\35_1.5600.jpg,1.56,0.54,411.0226745605469,640,480,inferred_missing_right,-0.21628684997558595,0.6,259,320.0,45.27687072753906,456.29954528808594,250.7882080078125,411.0226745605469,411.0226745605469,1,,,"[[21, 76]]",
2873,train,26北理工r,36,E:\桌面\v-Net\dataset\26合并\26北理工r\530-r\2\36_1.5000.jpg,1.5,0.54,411.0226745605469,640,480,inferred_missing_left,-0.39280056953430176,0.6,259,320.0,0.0,388.6076354980469,194.30381774902344,388.6076354980469,411.0226745605469,1,,,"[[351, 426]]",
2874,train,26北理工r,36,E:\桌面\v-Net\dataset\26合并\26北理工r\530-r\3\36_0.0000.jpg,0.0,0.54,411.0226745605469,640,480,ok,-0.029783058166503906,1.0,259,320.0,97.685546875,523.2532958984375,310.46942138671875,425.5677490234375,,2,"[69, 126]","[501, 547]","[[69, 126], [501, 547]]",
2875,train,26北理工r,36,E:\桌面\v-Net\dataset\26合并\26北理工r\530-r\4\36_1.7700.jpg,1.77,0.54,411.0226745605469,640,480,insufficient_yellow_edges,,0.0,259,320.0,,,,,,0,,,[],
2876,train,26北理工r,36,E:\桌面\v-Net\dataset\26合并\26北理工r\530-r\5\36_1.5600.jpg,1.56,0.54,411.0226745605469,640,480,inferred_missing_right,-0.16866538524627686,0.6,259,320.0,60.51573944091797,471.53841400146484,266.0270767211914,411.0226745605469,411.0226745605469,1,,,"[[28, 101]]",
2877,train,26北理工r,37,E:\桌面\v-Net\dataset\26合并\26北理工r\530-r\3\37_0.0000.jpg,0.0,0.54,411.0226745605469,640,480,ok,-0.057624197006225585,1.0,259,320.0,87.97640991210938,515.1441040039062,301.5602569580078,427.1676940917969,,2,"[60, 115]","[493, 539]","[[60, 115], [493, 539]]",
2878,train,26北理工r,37,E:\桌面\v-Net\dataset\26合并\26北理工r\530-r\5\37_-1.6400.jpg,-1.64,0.54,411.0226745605469,640,480,inferred_missing_right,-0.07986340522766114,0.6,259,320.0,88.932373046875,499.9550476074219,294.44371032714844,411.0226745605469,411.0226745605469,1,,,"[[38, 147]]",
2879,train,26北理工r,38,E:\桌面\v-Net\dataset\26合并\26北理工r\530-r\2\38_1.5000.jpg,1.5,0.54,411.0226745605469,640,480,inferred_missing_left,-0.3887995719909668,0.6,259,320.0,0.0,391.16827392578125,195.58413696289062,391.16827392578125,411.0226745605469,1,,,"[[355, 427]]",
2880,train,26北理工r,38,E:\桌面\v-Net\dataset\26合并\26北理工r\530-r\3\38_0.0000.jpg,0.0,0.54,411.0226745605469,640,480,ok,-0.056666088104248044,1.0,259,320.0,87.85369873046875,515.8800048828125,301.8668518066406,428.02630615234375,,2,"[60, 115]","[493, 540]","[[60, 115], [493, 540]]",
2881,train,26北理工r,38,E:\桌面\v-Net\dataset\26合并\26北理工r\530-r\4\38_1.7700.jpg,1.77,0.54,411.0226745605469,640,480,insufficient_yellow_edges,,0.0,259,320.0,,,,,,0,,,[],
2882,train,26北理工r,38,E:\桌面\v-Net\dataset\26合并\26北理工r\530-r\5\38_-1.6400.jpg,-1.64,0.54,411.0226745605469,640,480,inferred_missing_right,-0.015410971641540528,0.6,259,320.0,109.5571517944336,520.5798263549805,315.06848907470703,411.0226745605469,411.0226745605469,1,,,"[[43, 173]]",
2883,train,26北理工r,39,E:\桌面\v-Net\dataset\26合并\26北理工r\530-r\4\39_1.7700.jpg,1.77,0.54,411.0226745605469,640,480,inferred_missing_right,-0.3310242384672165,0.6,259,320.0,8.560906410217285,419.58358097076416,214.07224369049072,411.0226745605469,411.0226745605469,1,,,"[[0, 20]]",
2884,train,26北理工r,39,E:\桌面\v-Net\dataset\26合并\26北理工r\530-r\5\39_-1.6400.jpg,-1.64,0.54,411.0226745605469,640,480,inferred_missing_right,0.12884740829467772,0.6,259,320.0,155.71983337402344,566.7425079345703,361.2311706542969,411.0226745605469,411.0226745605469,1,,,"[[92, 214]]",
2885,train,26北理工r,40,E:\桌面\v-Net\dataset\26合并\26北理工r\530-r\4\40_1.7700.jpg,1.77,0.54,411.0226745605469,640,480,inferred_missing_right,-0.3014573693275452,0.6,259,320.0,18.02230453491211,429.044979095459,223.53364181518555,411.0226745605469,411.0226745605469,1,,,"[[0, 35]]",
2886,train,26北理工r,40,E:\桌面\v-Net\dataset\26合并\26北理工r\530-r\5\40_-1.6400.jpg,-1.64,0.54,411.0226745605469,640,480,inferred_missing_right,0.19314937591552733,0.6,259,320.0,176.2964630126953,587.3191375732422,381.80780029296875,411.0226745605469,411.0226745605469,1,,,"[[123, 224]]",
2887,train,26北理工r,41,E:\桌面\v-Net\dataset\26合并\26北理工r\530-r\3\41_0.0000.jpg,0.0,0.54,411.0226745605469,640,480,ok,-0.05006940364837646,1.0,259,320.0,87.86158752441406,520.093994140625,303.97779083251953,432.23240661621094,,2,"[59, 116]","[500, 541]","[[59, 116], [500, 541]]",
2888,train,26北理工r,41,E:\桌面\v-Net\dataset\26合并\26北理工r\530-r\5\41_-1.6400.jpg,-1.64,0.54,411.0226745605469,640,480,inferred_missing_right,0.2726723670959473,0.6,259,320.0,201.7438201904297,612.7664947509766,407.2551574707031,411.0226745605469,411.0226745605469,1,,,"[[161, 239]]",
2889,train,26北理工r,42,E:\桌面\v-Net\dataset\26合并\26北理工r\530-r\2\42_1.5000.jpg,1.5,0.54,411.0226745605469,640,480,inferred_missing_left,-0.37953524589538573,0.6,259,320.0,0.0,397.0974426269531,198.54872131347656,397.0974426269531,411.0226745605469,1,,,"[[361, 433]]",
2890,train,26北理工r,42,E:\桌面\v-Net\dataset\26合并\26北理工r\530-r\3\42_0.0000.jpg,0.0,0.54,411.0226745605469,640,480,ok,-0.03926242589950561,1.0,259,320.0,87.05338287353516,527.8186645507812,307.4360237121582,440.7652816772461,,2,"[58, 115]","[508, 548]","[[58, 115], [508, 548]]",
2891,train,26北理工r,42,E:\桌面\v-Net\dataset\26合并\26北理工r\530-r\4\42_0.0000.jpg,0.0,0.54,411.0226745605469,640,480,inferred_missing_right,-0.18010779619216918,0.6,259,320.0,56.85416793823242,467.8768424987793,262.36550521850586,411.0226745605469,411.0226745605469,1,,,"[[43, 71]]",
2892,train,26北理工r,42,E:\桌面\v-Net\dataset\26合并\26北理工r\530-r\5\42_-1.6400.jpg,-1.64,0.54,411.0226745605469,640,480,inferred_missing_right,0.29695982933044435,0.6,259,320.0,209.51580810546875,620.5384826660156,415.0271453857422,411.0226745605469,411.0226745605469,1,,,"[[174, 242]]",
2893,train,26北理工r,43,E:\桌面\v-Net\dataset\26合并\26北理工r\530-r\2\43_1.5000.jpg,1.5,0.54,411.0226745605469,640,480,inferred_missing_left,-0.37425575256347654,0.6,259,320.0,0.0,400.476318359375,200.2381591796875,400.476318359375,411.0226745605469,1,,,"[[364, 436]]",
2894,train,26北理工r,43,E:\桌面\v-Net\dataset\26合并\26北理工r\530-r\3\43_0.0000.jpg,0.0,0.54,411.0226745605469,640,480,ok,-0.02930372953414917,1.0,259,320.0,88.06122589111328,533.1843872070312,310.62280654907227,445.12316131591797,,2,"[59, 117]","[513, 554]","[[59, 117], [513, 554]]",
2895,train,26北理工r,43,E:\桌面\v-Net\dataset\26合并\26北理工r\530-r\5\43_-1.6400.jpg,-1.64,0.54,411.0226745605469,640,480,inferred_missing_right,0.3146472930908203,0.6,259,320.0,215.17579650878906,626.1984710693359,420.6871337890625,411.0226745605469,411.0226745605469,1,,,"[[186, 242]]",
2896,train,26北理工r,44,E:\桌面\v-Net\dataset\26合并\26北理工r\530-r\2\44_1.5000.jpg,1.5,0.54,411.0226745605469,640,480,inferred_missing_left,-0.37389121055603025,0.6,259,320.0,0.0,400.7096252441406,200.3548126220703,400.7096252441406,411.0226745605469,1,,,"[[365, 436]]",
2897,train,26北理工r,44,E:\桌面\v-Net\dataset\26合并\26北理工r\530-r\3\44_0.0000.jpg,0.0,0.54,411.0226745605469,640,480,ok,0.0039808392524719235,1.0,259,320.0,95.39740753173828,547.1503295898438,321.273868560791,451.75292205810547,,2,"[65, 125]","[524, 573]","[[65, 125], [524, 573]]",
2898,train,26北理工r,44,E:\桌面\v-Net\dataset\26合并\26北理工r\530-r\5\44_-1.6400.jpg,-1.64,0.54,411.0226745605469,640,480,inferred_missing_right,0.3055528163909912,0.6,259,320.0,212.26556396484375,623.2882385253906,417.7769012451172,411.0226745605469,411.0226745605469,1,,,"[[185, 238]]",
2899,train,26北理工r,45,E:\桌面\v-Net\dataset\26合并\26北理工r\530-r\2\45_1.5000.jpg,1.5,0.54,411.0226745605469,640,480,inferred_missing_left,-0.37073602676391604,0.6,259,320.0,0.0,402.72894287109375,201.36447143554688,402.72894287109375,411.0226745605469,1,,,"[[366, 439]]",
2900,train,26北理工r,45,E:\桌面\v-Net\dataset\26合并\26北理工r\530-r\3\45_0.0000.jpg,0.0,0.54,411.0226745605469,640,480,ok,0.025922465324401855,1.0,259,320.0,99.41136169433594,557.1790161132812,328.2951889038086,457.7676544189453,,2,"[69, 129]","[531, 587]","[[69, 129], [531, 587]]",
2901,train,26北理工r,45,E:\桌面\v-Net\dataset\26合并\26北理工r\530-r\4\45_0.0000.jpg,0.0,0.54,411.0226745605469,640,480,insufficient_yellow_edges,,0.0,259,320.0,,,,,,0,,,[],
2902,train,26北理工r,45,E:\桌面\v-Net\dataset\26合并\26北理工r\530-r\5\45_-1.6400.jpg,-1.64,0.54,411.0226745605469,640,480,inferred_missing_right,0.24906177520751954,0.6,259,320.0,194.1884307861328,605.2111053466797,399.69976806640625,411.0226745605469,411.0226745605469,1,,,"[[170, 217]]",
2903,train,26北理工r,46,E:\桌面\v-Net\dataset\26合并\26北理工r\530-r\3\46_0.0000.jpg,0.0,0.54,411.0226745605469,640,480,ok,0.0741092324256897,1.0,259,320.0,105.57035064697266,581.8595581054688,343.7149543762207,476.2892074584961,,2,"[74, 136]","[545, 621]","[[74, 136], [545, 621]]",
2904,train,26北理工r,46,E:\桌面\v-Net\dataset\26合并\26北理工r\530-r\4\46_0.0000.jpg,0.0,0.54,411.0226745605469,640,480,insufficient_yellow_edges,,0.0,259,320.0,,,,,,0,,,[],
2905,train,26北理工r,46,E:\桌面\v-Net\dataset\26合并\26北理工r\530-r\5\46_-1.6400.jpg,-1.64,0.54,411.0226745605469,640,480,inferred_missing_right,0.20621366500854493,0.6,259,320.0,180.47703552246094,591.4997100830078,385.9883728027344,411.0226745605469,411.0226745605469,1,,,"[[158, 201]]",
2906,train,26北理工r,47,E:\桌面\v-Net\dataset\26合并\26北理工r\530-r\2\47_1.5000.jpg,1.5,0.54,411.0226745605469,640,480,inferred_missing_left,-0.3651540279388428,0.6,259,320.0,0.0,406.3014221191406,203.1507110595703,406.3014221191406,411.0226745605469,1,,,"[[370, 442]]",
2907,train,26北理工r,47,E:\桌面\v-Net\dataset\26合并\26北理工r\530-r\3\47_0.0000.jpg,0.0,0.54,411.0226745605469,640,480,ok,0.10459591150283813,1.0,259,320.0,109.39591217041016,597.5454711914062,353.4706916809082,488.1495590209961,,2,"[78, 141]","[557, 639]","[[78, 141], [557, 639]]",
2908,train,26北理工r,47,E:\桌面\v-Net\dataset\26合并\26北理工r\530-r\4\47_0.0000.jpg,0.0,0.54,411.0226745605469,640,480,insufficient_yellow_edges,,0.0,259,320.0,,,,,,0,,,[],
2909,train,26北理工r,47,E:\桌面\v-Net\dataset\26合并\26北理工r\530-r\5\47_-1.6400.jpg,-1.64,0.54,411.0226745605469,640,480,inferred_missing_right,0.08866758346557617,0.6,259,320.0,142.86228942871094,553.8849639892578,348.3736267089844,411.0226745605469,411.0226745605469,1,,,"[[123, 163]]",
2910,train,26北理工r,48,E:\桌面\v-Net\dataset\26合并\26北理工r\530-r\2\48_1.5000.jpg,1.5,0.54,411.0226745605469,640,480,inferred_missing_left,-0.3639096736907959,0.6,259,320.0,0.0,407.0978088378906,203.5489044189453,407.0978088378906,411.0226745605469,1,,,"[[372, 443]]",
2911,train,26北理工r,48,E:\桌面\v-Net\dataset\26合并\26北理工r\530-r\3\48_0.0000.jpg,0.0,0.54,411.0226745605469,640,480,ok,0.1501269221305847,1.0,259,320.0,117.24053192138672,618.8406982421875,368.0406150817871,501.6001663208008,,2,"[85, 149]","[590, 639]","[[85, 149], [590, 639]]",
2912,train,26北理工r,48,E:\桌面\v-Net\dataset\26合并\26北理工r\530-r\4\48_0.0000.jpg,0.0,0.54,411.0226745605469,640,480,insufficient_yellow_edges,,0.0,259,320.0,,,,,,0,,,[],
2913,train,26北理工r,48,E:\桌面\v-Net\dataset\26合并\26北理工r\530-r\5\48_-1.6400.jpg,-1.64,0.54,411.0226745605469,640,480,inferred_missing_right,0.01507570743560791,0.6,259,320.0,119.3128890991211,530.335563659668,324.82422637939453,411.0226745605469,411.0226745605469,1,,,"[[96, 141]]",
2914,train,26北理工r,49,E:\桌面\v-Net\dataset\26合并\26北理工r\530-r\2\49_1.5000.jpg,1.5,0.54,411.0226745605469,640,480,inferred_missing_left,-0.36412525177001953,0.6,259,320.0,0.0,406.9598388671875,203.47991943359375,406.9598388671875,411.0226745605469,1,,,"[[372, 442]]",
2915,train,26北理工r,49,E:\桌面\v-Net\dataset\26合并\26北理工r\530-r\3\49_0.0000.jpg,0.0,0.54,411.0226745605469,640,480,ok,0.04726673364639282,1.0,259,320.0,121.1363296508789,549.1143798828125,335.1253547668457,427.9780502319336,,3,"[88, 154]","[538, 560]","[[88, 154], [538, 560], [608, 639]]",
2916,train,26北理工r,49,E:\桌面\v-Net\dataset\26合并\26北理工r\530-r\4\49_0.0000.jpg,0.0,0.54,411.0226745605469,640,480,insufficient_yellow_edges,,0.0,259,320.0,,,,,,0,,,[],
2917,train,26北理工r,49,E:\桌面\v-Net\dataset\26合并\26北理工r\530-r\5\49_-1.6400.jpg,-1.64,0.54,411.0226745605469,640,480,inferred_missing_right,-0.18001136779785157,0.6,259,320.0,56.88502502441406,467.90769958496094,262.3963623046875,411.0226745605469,411.0226745605469,1,,,"[[22, 89]]",
2918,train,26北理工r,50,E:\桌面\v-Net\dataset\26合并\26北理工r\530-r\4\50_0.0000.jpg,0.0,0.54,411.0226745605469,640,480,insufficient_yellow_edges,,0.0,259,320.0,,,,,,0,,,[],
2919,train,26北理工r,51,E:\桌面\v-Net\dataset\26合并\26北理工r\530-r\2\51_1.5000.jpg,1.5,0.54,411.0226745605469,640,480,inferred_missing_left,-0.36322932243347167,0.6,259,320.0,0.0,407.5332336425781,203.76661682128906,407.5332336425781,411.0226745605469,1,,,"[[372, 443]]",
2920,train,26北理工r,51,E:\桌面\v-Net\dataset\26合并\26北理工r\530-r\3\51_0.0000.jpg,0.0,0.54,411.0226745605469,640,480,inferred_missing_right,0.07938275337219239,0.6,259,320.0,139.89114379882812,550.913818359375,345.40248107910156,411.0226745605469,411.0226745605469,1,,,"[[106, 174]]",
2921,train,26北理工r,51,E:\桌面\v-Net\dataset\26合并\26北理工r\530-r\4\51_0.0000.jpg,0.0,0.54,411.0226745605469,640,480,insufficient_yellow_edges,,0.0,259,320.0,,,,,,0,,,[],
2922,train,26北理工r,52,E:\桌面\v-Net\dataset\26合并\26北理工r\530-r\5\52_1.4051.jpg,1.4051,0.54,411.0226745605469,640,480,inferred_missing_left,0.2585724353790283,0.6,259,320.0,197.23184204101562,608.2545166015625,402.74317932128906,411.0226745605469,411.0226745605469,1,,,"[[570, 639]]",
2923,train,26北理工r,53,E:\桌面\v-Net\dataset\26合并\26北理工r\530-r\2\53_1.5000.jpg,1.5,0.54,411.0226745605469,640,480,inferred_missing_left,-0.3594336032867432,0.6,259,320.0,0.0,409.9624938964844,204.9812469482422,409.9624938964844,411.0226745605469,1,,,"[[375, 445]]",
2924,train,26北理工r,53,E:\桌面\v-Net\dataset\26合并\26北理工r\530-r\4\53_1.8000.jpg,1.8,0.54,411.0226745605469,640,480,insufficient_yellow_edges,,0.0,259,320.0,,,,,,0,,,[],
2925,train,26北理工r,54,E:\桌面\v-Net\dataset\26合并\26北理工r\530-r\3\54_0.0000.jpg,0.0,0.54,411.0226745605469,640,480,inferred_missing_right,0.19690065383911132,0.6,259,320.0,177.4968719482422,588.5195465087891,383.0082092285156,411.0226745605469,411.0226745605469,1,,,"[[141, 214]]",
2926,train,26北理工r,54,E:\桌面\v-Net\dataset\26合并\26北理工r\530-r\4\54_1.8000.jpg,1.8,0.54,411.0226745605469,640,480,insufficient_yellow_edges,,0.0,259,320.0,,,,,,0,,,[],
2927,train,26北理工r,54,E:\桌面\v-Net\dataset\26合并\26北理工r\530-r\5\54_1.4051.jpg,1.4051,0.54,411.0226745605469,640,480,inferred_missing_left,0.13862061500549316,0.6,259,320.0,158.84725952148438,569.8699340820312,364.3585968017578,411.0226745605469,411.0226745605469,1,,,"[[514, 626]]",
2928,train,26北理工r,55,E:\桌面\v-Net\dataset\26合并\26北理工r\530-r\2\55_1.5000.jpg,1.5,0.54,411.0226745605469,640,480,inferred_missing_left,-0.3570093631744385,0.6,259,320.0,0.24566650390625,411.2683410644531,205.7570037841797,411.0226745605469,411.0226745605469,1,,,"[[376, 446]]",
2929,train,26北理工r,55,E:\桌面\v-Net\dataset\26合并\26北理工r\530-r\3\55_-1.5490.jpg,-1.549,0.54,411.0226745605469,640,480,inferred_missing_right,0.22518186569213866,0.6,259,320.0,186.54685974121094,597.5695343017578,392.0581970214844,411.0226745605469,411.0226745605469,1,,,"[[150, 222]]",
2930,train,26北理工r,55,E:\桌面\v-Net\dataset\26合并\26北理工r\530-r\4\55_1.8000.jpg,1.8,0.54,411.0226745605469,640,480,insufficient_yellow_edges,,0.0,259,320.0,,,,,,0,,,[],
2931,train,26北理工r,55,E:\桌面\v-Net\dataset\26合并\26北理工r\530-r\5\55_1.4051.jpg,1.4051,0.54,411.0226745605469,640,480,inferred_missing_left,0.03554005622863769,0.6,259,320.0,125.86148071289062,536.8841552734375,331.37281799316406,411.0226745605469,411.0226745605469,1,,,"[[482, 591]]",
2932,train,26北理工r,56,E:\桌面\v-Net\dataset\26合并\26北理工r\530-r\2\56_1.5000.jpg,1.5,0.54,411.0226745605469,640,480,inferred_missing_left,-0.3584760665893555,0.6,259,320.0,0.0,410.5753173828125,205.28765869140625,410.5753173828125,411.0226745605469,1,,,"[[377, 445]]",
2933,train,26北理工r,56,E:\桌面\v-Net\dataset\26合并\26北理工r\530-r\5\56_1.4051.jpg,1.4051,0.54,411.0226745605469,640,480,inferred_missing_left,-0.007660818099975586,0.6,259,320.0,112.03720092773438,523.0598754882812,317.5485382080078,411.0226745605469,411.0226745605469,1,,,"[[470, 577]]",
2934,train,26北理工r,57,E:\桌面\v-Net\dataset\26合并\26北理工r\530-r\2\57_1.5000.jpg,1.5,0.54,411.0226745605469,640,480,inferred_missing_left,-0.35259480476379396,0.6,259,320.0,1.6583251953125,412.6809997558594,207.16966247558594,411.0226745605469,411.0226745605469,1,,,"[[378, 448]]",
2935,train,26北理工r,57,E:\桌面\v-Net\dataset\26合并\26北理工r\530-r\4\57_1.8000.jpg,1.8,0.54,411.0226745605469,640,480,insufficient_yellow_edges,,0.0,259,320.0,,,,,,0,,,[],
2936,train,26北理工r,57,E:\桌面\v-Net\dataset\26合并\26北理工r\530-r\5\57_1.4051.jpg,1.4051,0.54,411.0226745605469,640,480,inferred_missing_left,-0.08587479591369629,0.6,259,320.0,87.00872802734375,498.0314025878906,292.5200653076172,411.0226745605469,411.0226745605469,1,,,"[[448, 548]]",
2937,train,26北理工r,58,E:\桌面\v-Net\dataset\26合并\26北理工r\530-r\2\58_1.5000.jpg,1.5,0.54,411.0226745605469,640,480,inferred_missing_left,-0.3570999622344971,0.6,259,320.0,0.2166748046875,411.2393493652344,205.72801208496094,411.0226745605469,411.0226745605469,1,,,"[[376, 446]]",
2938,train,26北理工r,58,E:\桌面\v-Net\dataset\26合并\26北理工r\530-r\3\58_-1.5490.jpg,-1.549,0.54,411.0226745605469,640,480,inferred_missing_right,0.26703486442565916,0.6,259,320.0,199.9398193359375,610.9624938964844,405.45115661621094,411.0226745605469,411.0226745605469,1,,,"[[162, 238]]",
2939,train,26北理工r,58,E:\桌面\v-Net\dataset\26合并\26北理工r\530-r\4\58_1.8000.jpg,1.8,0.54,411.0226745605469,640,480,insufficient_yellow_edges,,0.0,259,320.0,,,,,,0,,,[],
2940,train,26北理工r,58,E:\桌面\v-Net\dataset\26合并\26北理工r\530-r\5\58_1.4051.jpg,1.4051,0.54,411.0226745605469,640,480,inferred_missing_left,-0.12102341651916504,0.6,259,320.0,75.76116943359375,486.7838439941406,281.2725067138672,411.0226745605469,411.0226745605469,1,,,"[[439, 535]]",
2941,train,26北理工r,59,E:\桌面\v-Net\dataset\26合并\26北理工r\530-r\2\59_1.5000.jpg,1.5,0.54,411.0226745605469,640,480,inferred_missing_left,-0.34758172035217283,0.6,259,320.0,3.26251220703125,414.2851867675781,208.7738494873047,411.0226745605469,411.0226745605469,1,,,"[[379, 450]]",
2942,train,26北理工r,60,E:\桌面\v-Net\dataset\26合并\26北理工r\530-r\2\60_1.5000.jpg,1.5,0.54,411.0226745605469,640,480,inferred_missing_left,-0.348419713973999,0.6,259,320.0,2.994354248046875,414.01702880859375,208.5056915283203,411.0226745605469,411.0226745605469,1,,,"[[379, 449]]",
2943,train,26北理工r,60,E:\桌面\v-Net\dataset\26合并\26北理工r\530-r\4\60_1.8000.jpg,1.8,0.54,411.0226745605469,640,480,insufficient_yellow_edges,,0.0,259,320.0,,,,,,0,,,[],
2944,train,26北理工r,61,E:\桌面\v-Net\dataset\26合并\26北理工r\530-r\2\61_1.5000.jpg,1.5,0.54,411.0226745605469,640,480,inferred_missing_left,-0.341426420211792,0.6,259,320.0,5.232208251953125,416.2548828125,210.74354553222656,411.0226745605469,411.0226745605469,1,,,"[[380, 453]]",
2945,train,26北理工r,61,E:\桌面\v-Net\dataset\26合并\26北理工r\530-r\3\61_-1.5490.jpg,-1.549,0.54,411.0226745605469,640,480,inferred_missing_right,0.25182352066040037,0.6,259,320.0,195.0721893310547,606.0948638916016,400.5835266113281,411.0226745605469,411.0226745605469,1,,,"[[158, 232]]",
2946,train,26北理工r,62,E:\桌面\v-Net\dataset\26合并\26北理工r\530-r\2\62_1.5000.jpg,1.5,0.54,411.0226745605469,640,480,inferred_missing_left,-0.3403483867645264,0.6,259,320.0,5.577178955078125,416.599853515625,211.08851623535156,411.0226745605469,411.0226745605469,1,,,"[[380, 453]]",
2947,train,26北理工r,62,E:\桌面\v-Net\dataset\26合并\26北理工r\530-r\3\62_-1.5490.jpg,-1.549,0.54,411.0226745605469,640,480,inferred_missing_right,0.24877657890319824,0.6,259,320.0,194.09716796875,605.1198425292969,399.60850524902344,411.0226745605469,411.0226745605469,1,,,"[[157, 232]]",
2948,train,26北理工r,62,E:\桌面\v-Net\dataset\26合并\26北理工r\530-r\4\62_1.8000.jpg,1.8,0.54,411.0226745605469,640,480,insufficient_yellow_edges,,0.0,259,320.0,,,,,,0,,,[],
2949,train,26北理工r,62,E:\桌面\v-Net\dataset\26合并\26北理工r\530-r\5\62_1.4051.jpg,1.4051,0.54,411.0226745605469,640,480,inferred_missing_left,-0.23266901969909667,0.6,259,320.0,40.034576416015625,451.0572509765625,245.54591369628906,411.0226745605469,411.0226745605469,1,,,"[[414, 489]]",
2950,train,26北理工r,63,E:\桌面\v-Net\dataset\26合并\26北理工r\530-r\3\63_-1.5490.jpg,-1.549,0.54,411.0226745605469,640,480,inferred_missing_right,0.24669132232666016,0.6,259,320.0,193.4298858642578,604.4525604248047,398.94122314453125,411.0226745605469,411.0226745605469,1,,,"[[155, 233]]",
2951,train,26北理工r,63,E:\桌面\v-Net\dataset\26合并\26北理工r\530-r\5\63_1.4051.jpg,1.4051,0.54,411.0226745605469,640,480,inferred_missing_left,-0.23744406700134277,0.6,259,320.0,38.506561279296875,449.52923583984375,244.0178985595703,411.0226745605469,411.0226745605469,1,,,"[[415, 485]]",
2952,train,26北理工r,64,E:\桌面\v-Net\dataset\26合并\26北理工r\530-r\3\64_-1.5490.jpg,-1.549,0.54,411.0226745605469,640,480,inferred_missing_right,0.24398331642150878,0.6,259,320.0,192.56332397460938,603.5859985351562,398.0746612548828,411.0226745605469,411.0226745605469,1,,,"[[154, 230]]",
2953,train,26北理工r,64,E:\桌面\v-Net\dataset\26合并\26北理工r\530-r\4\64_1.8000.jpg,1.8,0.54,411.0226745605469,640,480,inferred_missing_left,-0.25464253425598143,0.6,259,320.0,33.0030517578125,444.0257263183594,238.51438903808594,411.0226745605469,411.0226745605469,1,,,"[[435, 455]]",
2954,train,26北理工r,64,E:\桌面\v-Net\dataset\26合并\26北理工r\530-r\5\64_1.4051.jpg,1.4051,0.54,411.0226745605469,640,480,inferred_missing_left,-0.23777546882629394,0.6,259,320.0,38.4005126953125,449.4231872558594,243.91184997558594,411.0226745605469,411.0226745605469,1,,,"[[416, 484]]",
2955,train,26北理工r,65,E:\桌面\v-Net\dataset\26合并\26北理工r\530-r\2\65_1.5000.jpg,1.5,0.54,411.0226745605469,640,480,inferred_missing_left,-0.32429957389831543,0.6,259,320.0,10.712799072265625,421.7354736328125,216.22413635253906,411.0226745605469,411.0226745605469,1,,,"[[387, 457]]",
2956,train,26北理工r,65,E:\桌面\v-Net\dataset\26合并\26北理工r\530-r\4\65_1.8000.jpg,1.8,0.54,411.0226745605469,640,480,inferred_missing_left,-0.08878645896911622,0.6,259,320.0,86.07699584960938,497.09967041015625,291.5883331298828,411.0226745605469,411.0226745605469,1,,,"[[478, 520]]",
2957,train,26北理工r,66,E:\桌面\v-Net\dataset\26合并\26北理工r\530-r\2\66_1.5000.jpg,1.5,0.54,411.0226745605469,640,480,inferred_missing_left,-0.3099083423614502,0.6,259,320.0,15.3179931640625,426.3406677246094,220.82933044433594,411.0226745605469,411.0226745605469,1,,,"[[393, 461]]",
2958,train,26北理工r,66,E:\桌面\v-Net\dataset\26合并\26北理工r\530-r\4\66_1.8000.jpg,1.8,0.54,411.0226745605469,640,480,inferred_missing_left,0.008816766738891601,0.6,259,320.0,117.31002807617188,528.3327026367188,322.8213653564453,411.0226745605469,411.0226745605469,1,,,"[[501, 557]]",
2959,train,26北理工r,67,E:\桌面\v-Net\dataset\26合并\26北理工r\530-r\4\67_1.8000.jpg,1.8,0.54,411.0226745605469,640,480,inferred_missing_left,0.24996380805969237,0.6,259,320.0,194.47708129882812,605.499755859375,399.98841857910156,411.0226745605469,411.0226745605469,1,,,"[[569, 639]]",
2960,train,26北理工r,68,E:\桌面\v-Net\dataset\26合并\26北理工r\530-r\2\68_1.5000.jpg,1.5,0.54,411.0226745605469,640,480,inferred_missing_left,-0.26186861991882326,0.6,259,320.0,30.690704345703125,441.71337890625,236.20204162597656,411.0226745605469,411.0226745605469,1,,,"[[412, 471]]",
2961,train,26北理工r,68,E:\桌面\v-Net\dataset\26合并\26北理工r\530-r\3\68_-1.5490.jpg,-1.549,0.54,411.0226745605469,640,480,inferred_missing_right,0.23586220741271974,0.6,259,320.0,189.96456909179688,600.9872436523438,395.4759063720703,411.0226745605469,411.0226745605469,1,,,"[[152, 229]]",
2962,train,26北理工r,68,E:\桌面\v-Net\dataset\26合并\26北理工r\530-r\4\68_1.8000.jpg,1.8,0.54,411.0226745605469,640,480,ok,-0.008373625576496124,1.0,259,320.0,5.3520002365112305,629.2888793945312,317.32043981552124,623.93687915802,,2,"[0, 12]","[613, 639]","[[0, 12], [613, 639]]",
2963,train,26北理工r,68,E:\桌面\v-Net\dataset\26合并\26北理工r\530-r\5\68_1.4051.jpg,1.4051,0.54,411.0226745605469,640,480,ok,-0.235776087641716,1.0,259,320.0,18.134584426879883,470.9687194824219,244.55165195465088,452.834135055542,,2,"[0, 40]","[442, 501]","[[0, 40], [442, 501]]",
2964,train,26北理工r,69,E:\桌面\v-Net\dataset\26合并\26北理工r\530-r\2\69_1.5000.jpg,1.5,0.54,411.0226745605469,640,480,ok,-0.2735669016838074,1.0,259,320.0,10.494667053222656,454.4225158691406,232.45859146118164,443.92784881591797,,2,"[0, 25]","[425, 484]","[[0, 25], [425, 484]]",
2965,train,26北理工r,69,E:\桌面\v-Net\dataset\26合并\26北理工r\530-r\4\69_1.8000.jpg,1.8,0.54,411.0226745605469,640,480,inferred_missing_right,-0.29050167202949523,0.6,259,320.0,21.528127670288086,432.55080223083496,227.03946495056152,411.0226745605469,411.0226745605469,1,,,"[[0, 52]]",
2966,train,26北理工r,70,E:\桌面\v-Net\dataset\26合并\26北理工r\530-r\2\70_1.5000.jpg,1.5,0.54,411.0226745605469,640,480,ok,-0.25334514677524567,1.0,259,320.0,16.93915367126465,460.9199523925781,238.9295530319214,443.9807987213135,,2,"[0, 37]","[432, 490]","[[0, 37], [432, 490]]",
2967,train,26北理工r,70,E:\桌面\v-Net\dataset\26合并\26北理工r\530-r\3\70_-1.5490.jpg,-1.549,0.54,411.0226745605469,640,480,inferred_missing_right,0.23220539093017578,0.6,259,320.0,188.7943878173828,599.8170623779297,394.30572509765625,411.0226745605469,411.0226745605469,1,,,"[[150, 227]]",
2968,train,26北理工r,70,E:\桌面\v-Net\dataset\26合并\26北理工r\530-r\4\70_-1.7000.jpg,-1.7,0.54,411.0226745605469,640,480,inferred_missing_right,-0.24395220279693602,0.6,259,320.0,36.42395782470703,447.4466323852539,241.93529510498047,411.0226745605469,411.0226745605469,1,,,"[[0, 91]]",
2969,train,26北理工r,70,E:\桌面\v-Net\dataset\26合并\26北理工r\530-r\5\70_1.4051.jpg,1.4051,0.54,411.0226745605469,640,480,ok,-0.14758607149124145,1.0,259,320.0,52.453147888183594,493.0917663574219,272.77245712280273,440.6386184692383,,2,"[29, 75]","[466, 521]","[[29, 75], [466, 521]]",
2970,train,26北理工r,71,E:\桌面\v-Net\dataset\26合并\26北理工r\530-r\2\71_1.5000.jpg,1.5,0.54,411.0226745605469,640,480,ok,-0.19438002705574037,1.0,259,320.0,37.5217399597168,478.0750427246094,257.7983913421631,440.5533027648926,,2,"[15, 59]","[451, 506]","[[15, 59], [451, 506]]",
2971,train,26北理工r,71,E:\桌面\v-Net\dataset\26合并\26北理工r\530-r\3\71_-1.5490.jpg,-1.549,0.54,411.0226745605469,640,480,inferred_missing_right,0.23080840110778808,0.6,259,320.0,188.34735107421875,599.3700256347656,393.8586883544922,411.0226745605469,411.0226745605469,1,,,"[[148, 228]]",
2972,train,26北理工r,71,E:\桌面\v-Net\dataset\26合并\26北理工r\530-r\4\71_-1.7000.jpg,-1.7,0.54,411.0226745605469,640,480,inferred_missing_right,-0.15401012897491456,0.6,259,320.0,65.2054214477539,476.2280960083008,270.71675872802734,411.0226745605469,411.0226745605469,1,,,"[[0, 140]]",
2973,train,26北理工r,71,E:\桌面\v-Net\dataset\26合并\26北理工r\530-r\5\71_1.4051.jpg,1.4051,0.54,411.0226745605469,640,480,ok,-0.0834639310836792,1.0,259,320.0,76.14424133300781,510.4388427734375,293.29154205322266,434.2946014404297,,2,"[52, 100]","[484, 538]","[[52, 100], [484, 538]]",
2974,train,26北理工r,72,E:\桌面\v-Net\dataset\26合并\26北理工r\530-r\2\72_1.5000.jpg,1.5,0.54,411.0226745605469,640,480,ok,-0.1621423065662384,1.0,259,320.0,50.1401481628418,486.0887756347656,268.1144618988037,435.9486274719238,,3,"[27, 72]","[459, 514]","[[27, 72], [459, 514], [622, 639]]",
2975,train,26北理工r,72,E:\桌面\v-Net\dataset\26合并\26北理工r\530-r\3\72_-1.5490.jpg,-1.549,0.54,411.0226745605469,640,480,inferred_missing_right,0.22235326766967772,0.6,259,320.0,185.64170837402344,596.6643829345703,391.1530456542969,411.0226745605469,411.0226745605469,1,,,"[[147, 223]]",
2976,train,26北理工r,72,E:\桌面\v-Net\dataset\26合并\26北理工r\530-r\4\72_-1.7000.jpg,-1.7,0.54,411.0226745605469,640,480,inferred_missing_right,-0.08278467655181884,0.6,259,320.0,87.99756622314453,499.0202407836914,293.50890350341797,411.0226745605469,411.0226745605469,1,,,"[[6, 170]]",
2977,train,26北理工r,72,E:\桌面\v-Net\dataset\26合并\26北理工r\530-r\5\72_1.4051.jpg,1.4051,0.54,411.0226745605469,640,480,ok,-0.05077618360519409,1.0,259,320.0,87.74378204345703,519.7594604492188,303.7516212463379,432.0156784057617,,2,"[63, 111]","[494, 547]","[[63, 111], [494, 547]]",
2978,train,26北理工r,73,E:\桌面\v-Net\dataset\26合并\26北理工r\530-r\2\73_1.5000.jpg,1.5,0.54,411.0226745605469,640,480,ok,-0.09569618701934815,1.0,259,320.0,73.26054382324219,505.493896484375,289.3772201538086,432.2333526611328,,3,"[50, 95]","[478, 533]","[[50, 95], [478, 533], [599, 639]]",
2979,train,26北理工r,73,E:\桌面\v-Net\dataset\26合并\26北理工r\530-r\4\73_-1.7000.jpg,-1.7,0.54,411.0226745605469,640,480,inferred_missing_right,0.08563027381896973,0.6,259,320.0,141.89035034179688,552.9130249023438,347.4016876220703,411.0226745605469,411.0226745605469,1,,,"[[65, 219]]",
2980,train,26北理工r,74,E:\桌面\v-Net\dataset\26合并\26北理工r\530-r\2\74_0.0000.jpg,0.0,0.54,411.0226745605469,640,480,ok,-0.06069252490997314,1.0,259,320.0,85.49833679199219,515.658447265625,300.5783920288086,430.1601104736328,,3,"[62, 108]","[490, 542]","[[62, 108], [490, 542], [593, 639]]",
2981,train,26北理工r,74,E:\桌面\v-Net\dataset\26合并\26北理工r\530-r\4\74_-1.7000.jpg,-1.7,0.54,411.0226745605469,640,480,inferred_missing_right,0.18457870483398436,0.6,259,320.0,173.55384826660156,584.5765228271484,379.065185546875,411.0226745605469,411.0226745605469,1,,,"[[97, 249]]",
2982,train,26北理工r,75,E:\桌面\v-Net\dataset\26合并\26北理工r\530-r\2\75_0.0000.jpg,0.0,0.54,411.0226745605469,640,480,ok,-0.005889594554901123,1.0,259,320.0,102.92237091064453,533.3082885742188,318.11532974243164,430.3859176635742,,3,"[79, 126]","[509, 559]","[[79, 126], [509, 559], [586, 639]]",
2983,train,26北理工r,75,E:\桌面\v-Net\dataset\26合并\26北理工r\530-r\4\75_-1.7000.jpg,-1.7,0.54,411.0226745605469,640,480,inferred_missing_right,0.3470436096191406,0.6,259,320.0,225.54261779785156,636.5652923583984,431.053955078125,411.0226745605469,411.0226745605469,1,,,"[[159, 291]]",
2984,train,26北理工r,76,E:\桌面\v-Net\dataset\26合并\26北理工r\530-r\3\76_-1.5490.jpg,-1.549,0.54,411.0226745605469,640,480,inferred_missing_right,0.2112518310546875,0.6,259,320.0,182.08924865722656,593.1119232177734,387.6005859375,411.0226745605469,411.0226745605469,1,,,"[[142, 222]]",
2985,train,26北理工r,76,E:\桌面\v-Net\dataset\26合并\26北理工r\530-r\4\76_-1.7000.jpg,-1.7,0.54,411.0226745605469,640,480,inferred_missing_right,0.3790459394454956,0.6,259,320.0,243.5894012451172,639.0,441.2947006225586,395.4105987548828,411.0226745605469,1,,,"[[182, 305]]",
2986,train,26北理工r,77,E:\桌面\v-Net\dataset\26合并\26北理工r\530-r\2\77_0.0000.jpg,0.0,0.54,411.0226745605469,640,480,ok,0.051393437385559085,1.0,259,320.0,104.16853332519531,568.7232666015625,336.4458999633789,464.5547332763672,,2,"[79, 128]","[509, 639]","[[79, 128], [509, 639]]",
2987,train,26北理工r,77,E:\桌面\v-Net\dataset\26合并\26北理工r\530-r\5\77_0.0000.jpg,0.0,0.54,411.0226745605469,640,480,ok,0.11663373708724975,1.0,259,320.0,126.5999984741211,588.0455932617188,357.3227958679199,461.44559478759766,,2,"[61, 166]","[545, 639]","[[61, 166], [545, 639]]",
2988,train,26北理工r,78,E:\桌面\v-Net\dataset\26合并\26北理工r\530-r\3\78_-1.5490.jpg,-1.549,0.54,411.0226745605469,640,480,inferred_missing_right,0.2075228214263916,0.6,259,320.0,180.89596557617188,591.9186401367188,386.4073028564453,411.0226745605469,411.0226745605469,1,,,"[[143, 219]]",
2989,train,26北理工r,78,E:\桌面\v-Net\dataset\26合并\26北理工r\530-r\4\78_-1.7000.jpg,-1.7,0.54,411.0226745605469,640,480,inferred_missing_right,0.4395883083343506,0.6,259,320.0,282.3365173339844,639.0,460.6682586669922,356.6634826660156,411.0226745605469,1,,,"[[231, 334]]",
2990,train,26北理工r,78,E:\桌面\v-Net\dataset\26合并\26北理工r\530-r\5\78_0.0000.jpg,0.0,0.54,411.0226745605469,640,480,ok,0.08480303287506104,1.0,259,320.0,99.45002746582031,594.8239135742188,347.13697052001953,495.37388610839844,,2,"[0, 166]","[549, 639]","[[0, 166], [549, 639]]",
2991,train,26北理工r,79,E:\桌面\v-Net\dataset\26合并\26北理工r\530-r\2\79_0.0000.jpg,0.0,0.54,411.0226745605469,640,480,ok,0.03794670104980469,1.0,259,320.0,105.3818359375,558.904052734375,332.1429443359375,453.522216796875,,2,"[80, 130]","[510, 616]","[[80, 130], [510, 616]]",
2992,train,26北理工r,79,E:\桌面\v-Net\dataset\26合并\26北理工r\530-r\4\79_-1.7000.jpg,-1.7,0.54,411.0226745605469,640,480,inferred_missing_right,0.4518886566162109,0.6,259,320.0,290.208740234375,639.0,464.6043701171875,348.791259765625,411.0226745605469,1,,,"[[243, 336]]",
2993,train,26北理工r,80,E:\桌面\v-Net\dataset\26合并\26北理工r\530-r\3\80_-1.5490.jpg,-1.549,0.54,411.0226745605469,640,480,inferred_missing_right,0.20455455780029297,0.6,259,320.0,179.9461212158203,590.9687957763672,385.45745849609375,411.0226745605469,411.0226745605469,1,,,"[[142, 221]]",
2994,train,26北理工r,80,E:\桌面\v-Net\dataset\26合并\26北理工r\530-r\4\80_-1.7000.jpg,-1.7,0.54,411.0226745605469,640,480,inferred_missing_right,0.4547390937805176,0.6,259,320.0,292.03302001953125,639.0,465.5165100097656,346.96697998046875,411.0226745605469,1,,,"[[246, 336]]",
2995,train,26北理工r,80,E:\桌面\v-Net\dataset\26合并\26北理工r\530-r\5\80_0.0000.jpg,0.0,0.54,411.0226745605469,640,480,inferred_missing_right,-0.16688663959503175,0.6,259,320.0,61.084938049316406,472.1076126098633,266.59627532958984,411.0226745605469,411.0226745605469,1,,,"[[0, 152]]",
2996,train,26北理工r,81,E:\桌面\v-Net\dataset\26合并\26北理工r\530-r\2\81_0.0000.jpg,0.0,0.54,411.0226745605469,640,480,ok,0.02922351360321045,1.0,259,320.0,106.66184997558594,552.0411987304688,329.35152435302734,445.3793487548828,,2,"[82, 131]","[511, 599]","[[82, 131], [511, 599]]",
2997,train,26北理工r,81,E:\桌面\v-Net\dataset\26合并\26北理工r\530-r\4\81_-1.7000.jpg,-1.7,0.54,411.0226745605469,640,480,inferred_missing_right,0.4535482406616211,0.6,259,320.0,291.2708740234375,639.0,465.13543701171875,347.7291259765625,411.0226745605469,1,,,"[[253, 326]]",
2998,train,26北理工r,81,E:\桌面\v-Net\dataset\26合并\26北理工r\530-r\5\81_0.0000.jpg,0.0,0.54,411.0226745605469,640,480,insufficient_yellow_edges,,0.0,259,320.0,,,,,,0,,,[],
2999,train,26北理工r,82,E:\桌面\v-Net\dataset\26合并\26北理工r\530-r\2\82_0.0000.jpg,0.0,0.54,411.0226745605469,640,480,ok,0.02729872465133667,1.0,259,320.0,106.68492889404297,550.7862548828125,328.73559188842773,444.10132598876953,,2,"[82, 131]","[511, 596]","[[82, 131], [511, 596]]",
3000,train,26北理工r,82,E:\桌面\v-Net\dataset\26合并\26北理工r\530-r\3\82_-1.5300.jpg,-1.53,0.54,411.0226745605469,640,480,inferred_missing_right,0.2219449520111084,0.6,259,320.0,185.51104736328125,596.5337219238281,391.0223846435547,411.0226745605469,411.0226745605469,1,,,"[[147, 225]]",
3001,train,26北理工r,82,E:\桌面\v-Net\dataset\26合并\26北理工r\530-r\4\82_-1.7000.jpg,-1.7,0.54,411.0226745605469,640,480,inferred_missing_right,0.44673705101013184,0.6,259,320.0,286.9117126464844,639.0,462.9558563232422,352.0882873535156,411.0226745605469,1,,,"[[252, 318]]",
3002,train,26北理工r,83,E:\桌面\v-Net\dataset\26合并\26北理工r\530-r\2\83_0.0000.jpg,0.0,0.54,411.0226745605469,640,480,ok,0.02017167806625366,1.0,259,320.0,106.89888763427734,546.010986328125,326.4549369812012,439.11209869384766,,2,"[82, 131]","[512, 585]","[[82, 131], [512, 585]]",
3003,train,26北理工r,83,E:\桌面\v-Net\dataset\26合并\26北理工r\530-r\3\83_-1.5300.jpg,-1.53,0.54,411.0226745605469,640,480,inferred_missing_right,0.22484326362609863,0.6,259,320.0,186.43850708007812,597.461181640625,391.94984436035156,411.0226745605469,411.0226745605469,1,,,"[[146, 227]]",
3004,train,26北理工r,83,E:\桌面\v-Net\dataset\26合并\26北理工r\530-r\4\83_-1.7000.jpg,-1.7,0.54,411.0226745605469,640,480,inferred_missing_right,0.4260707855224609,0.6,259,320.0,273.685302734375,639.0,456.3426513671875,365.314697265625,411.0226745605469,1,,,"[[245, 300]]",
3005,train,26北理工r,84,E:\桌面\v-Net\dataset\26合并\26北理工r\530-r\2\84_0.0000.jpg,0.0,0.54,411.0226745605469,640,480,ok,0.01488168239593506,1.0,259,320.0,105.61106872558594,543.9132080078125,324.7621383666992,438.30213928222656,,2,"[81, 129]","[512, 579]","[[81, 129], [512, 579]]",
3006,train,26北理工r,84,E:\桌面\v-Net\dataset\26合并\26北理工r\530-r\3\84_-1.5300.jpg,-1.53,0.54,411.0226745605469,640,480,inferred_missing_right,0.2280604362487793,0.6,259,320.0,187.46800231933594,598.4906768798828,392.9793395996094,411.0226745605469,411.0226745605469,1,,,"[[149, 224]]",
3007,train,26北理工r,84,E:\桌面\v-Net\dataset\26合并\26北理工r\530-r\4\84_-1.7000.jpg,-1.7,0.54,411.0226745605469,640,480,inferred_missing_right,0.4111438751220703,0.6,259,320.0,264.132080078125,639.0,451.5660400390625,374.867919921875,411.0226745605469,1,,,"[[238, 288]]",
3008,train,26北理工r,85,E:\桌面\v-Net\dataset\26合并\26北理工r\530-r\3\85_-1.5300.jpg,-1.53,0.54,411.0226745605469,640,480,inferred_missing_right,0.2321981430053711,0.6,259,320.0,188.7920684814453,599.8147430419922,394.30340576171875,411.0226745605469,411.0226745605469,1,,,"[[150, 230]]",
3009,train,26北理工r,85,E:\桌面\v-Net\dataset\26合并\26北理工r\530-r\5\85_0.0000.jpg,0.0,0.54,411.0226745605469,640,480,insufficient_yellow_edges,,0.0,259,320.0,,,,,,0,,,[],
3010,train,26北理工r,86,E:\桌面\v-Net\dataset\26合并\26北理工r\530-r\3\86_-1.5300.jpg,-1.53,0.54,411.0226745605469,640,480,inferred_missing_right,0.25689043998718264,0.6,259,320.0,196.693603515625,607.7162780761719,402.20494079589844,411.0226745605469,411.0226745605469,1,,,"[[155, 236]]",
3011,train,26北理工r,86,E:\桌面\v-Net\dataset\26合并\26北理工r\530-r\4\86_-1.7000.jpg,-1.7,0.54,411.0226745605469,640,480,ok,0.3370063304901123,1.0,259,320.0,224.80844116210938,630.8756103515625,427.84202575683594,406.0671691894531,,2,"[204, 244]","[618, 639]","[[204, 244], [618, 639]]",
3012,train,26北理工r,86,E:\桌面\v-Net\dataset\26合并\26北理工r\530-r\5\86_0.0000.jpg,0.0,0.54,411.0226745605469,640,480,insufficient_yellow_edges,,0.0,259,320.0,,,,,,0,,,[],
3013,train,26北理工r,87,E:\桌面\v-Net\dataset\26合并\26北理工r\530-r\2\87_0.0000.jpg,0.0,0.54,411.0226745605469,640,480,ok,0.006858527660369873,1.0,259,320.0,104.55120086669922,539.8382568359375,322.19472885131836,435.2870559692383,,2,"[79, 129]","[514, 568]","[[79, 129], [514, 568]]",
3014,train,26北理工r,87,E:\桌面\v-Net\dataset\26合并\26北理工r\530-r\4\87_-1.7000.jpg,-1.7,0.54,411.0226745605469,640,480,ok,0.25116472244262694,1.0,259,320.0,187.254150390625,613.4912719726562,400.3727111816406,426.23712158203125,,2,"[167, 207]","[585, 639]","[[167, 207], [585, 639]]",
3015,train,26北理工r,88,E:\桌面\v-Net\dataset\26合并\26北理工r\530-r\2\88_0.0000.jpg,0.0,0.54,411.0226745605469,640,480,ok,0.0077532768249511715,1.0,259,320.0,106.29644775390625,538.6656494140625,322.4810485839844,432.36920166015625,,2,"[80, 131]","[513, 566]","[[80, 131], [513, 566]]",
3016,train,26北理工r,88,E:\桌面\v-Net\dataset\26合并\26北理工r\530-r\3\88_-1.5300.jpg,-1.53,0.54,411.0226745605469,640,480,inferred_missing_right,0.2560418128967285,0.6,259,320.0,196.4220428466797,607.4447174072266,401.9333801269531,411.0226745605469,411.0226745605469,1,,,"[[157, 236]]",
3017,train,26北理工r,88,E:\桌面\v-Net\dataset\26合并\26北理工r\530-r\5\88_0.0000.jpg,0.0,0.54,411.0226745605469,640,480,insufficient_yellow_edges,,0.0,259,320.0,,,,,,0,,,[],
3018,train,26北理工r,89,E:\桌面\v-Net\dataset\26合并\26北理工r\530-r\2\89_0.0000.jpg,0.0,0.54,411.0226745605469,640,480,ok,0.0109511137008667,1.0,259,320.0,108.46116638183594,538.5475463867188,323.50435638427734,430.0863800048828,,2,"[83, 134]","[513, 565]","[[83, 134], [513, 565]]",
3019,train,26北理工r,89,E:\桌面\v-Net\dataset\26合并\26北理工r\530-r\3\89_-1.5300.jpg,-1.53,0.54,411.0226745605469,640,480,inferred_missing_right,0.27106781005859376,0.6,259,320.0,201.23036193847656,612.2530364990234,406.74169921875,411.0226745605469,411.0226745605469,1,,,"[[161, 241]]",
3020,train,26北理工r,90,E:\桌面\v-Net\dataset\26合并\26北理工r\530-r\3\90_-1.5300.jpg,-1.53,0.54,411.0226745605469,640,480,inferred_missing_right,0.27442169189453125,0.6,259,320.0,202.30360412597656,613.3262786865234,407.81494140625,411.0226745605469,411.0226745605469,1,,,"[[163, 242]]",
3021,train,26北理工r,90,E:\桌面\v-Net\dataset\26合并\26北理工r\530-r\5\90_0.0000.jpg,0.0,0.54,411.0226745605469,640,480,insufficient_yellow_edges,,0.0,259,320.0,,,,,,0,,,[],
3022,train,26北理工r,91,E:\桌面\v-Net\dataset\26合并\26北理工r\530-r\3\91_-1.5300.jpg,-1.53,0.54,411.0226745605469,640,480,inferred_missing_right,0.28852095603942873,0.6,259,320.0,206.81536865234375,617.8380432128906,412.3267059326172,411.0226745605469,411.0226745605469,1,,,"[[166, 248]]",
3023,train,26北理工r,92,E:\桌面\v-Net\dataset\26合并\26北理工r\530-r\3\92_-1.5300.jpg,-1.53,0.54,411.0226745605469,640,480,inferred_missing_right,0.2915947437286377,0.6,259,320.0,207.79898071289062,618.8216552734375,413.31031799316406,411.0226745605469,411.0226745605469,1,,,"[[167, 249]]",
3024,train,26北理工r,92,E:\桌面\v-Net\dataset\26合并\26北理工r\530-r\5\92_0.0000.jpg,0.0,0.54,411.0226745605469,640,480,insufficient_yellow_edges,,0.0,259,320.0,,,,,,0,,,[],
3025,train,26北理工r,93,E:\桌面\v-Net\dataset\26合并\26北理工r\530-r\3\93_-1.5300.jpg,-1.53,0.54,411.0226745605469,640,480,inferred_missing_right,0.2909274101257324,0.6,259,320.0,207.58543395996094,618.6081085205078,413.0967712402344,411.0226745605469,411.0226745605469,1,,,"[[168, 247]]",
3026,train,26北理工r,93,E:\桌面\v-Net\dataset\26合并\26北理工r\530-r\5\93_0.0000.jpg,0.0,0.54,411.0226745605469,640,480,insufficient_yellow_edges,,0.0,259,320.0,,,,,,0,,,[],
3027,train,26北理工r,94,E:\桌面\v-Net\dataset\26合并\26北理工r\530-r\3\94_-1.5300.jpg,-1.53,0.54,411.0226745605469,640,480,inferred_missing_right,0.29819064140319823,0.6,259,320.0,209.90966796875,620.9323425292969,415.42100524902344,411.0226745605469,411.0226745605469,1,,,"[[167, 252]]",
3028,train,26北理工r,96,E:\桌面\v-Net\dataset\26合并\26北理工r\530-r\3\96_-1.5300.jpg,-1.53,0.54,411.0226745605469,640,480,inferred_missing_right,0.3116003036499023,0.6,259,320.0,214.2007598876953,625.2234344482422,419.71209716796875,411.0226745605469,411.0226745605469,1,,,"[[174, 255]]",
3029,train,26北理工r,98,E:\桌面\v-Net\dataset\26合并\26北理工r\530-r\3\98_-1.5300.jpg,-1.53,0.54,411.0226745605469,640,480,inferred_missing_right,0.3093401908874512,0.6,259,320.0,213.47752380371094,624.5001983642578,418.9888610839844,411.0226745605469,411.0226745605469,1,,,"[[173, 254]]",
3030,train,26北理工r,99,E:\桌面\v-Net\dataset\26合并\26北理工r\530-r\3\99_-1.5300.jpg,-1.53,0.54,411.0226745605469,640,480,inferred_missing_right,0.3147914886474609,0.6,259,320.0,215.22193908691406,626.2446136474609,420.7332763671875,411.0226745605469,411.0226745605469,1,,,"[[174, 257]]",
3031,train,26北理工r,101,E:\桌面\v-Net\dataset\26合并\26北理工r\530-r\3\101_-1.5300.jpg,-1.53,0.54,411.0226745605469,640,480,inferred_missing_right,0.3305995464324951,0.6,259,320.0,220.280517578125,631.3031921386719,425.79185485839844,411.0226745605469,411.0226745605469,1,,,"[[179, 262]]",
3032,train,26北理工r,102,E:\桌面\v-Net\dataset\26合并\26北理工r\530-r\3\102_-1.5300.jpg,-1.53,0.54,411.0226745605469,640,480,inferred_missing_right,0.33429512977600095,0.6,259,320.0,221.46310424804688,632.4857788085938,426.9744415283203,411.0226745605469,411.0226745605469,1,,,"[[180, 263]]",
3033,train,26北理工r,103,E:\桌面\v-Net\dataset\26合并\26北理工r\530-r\3\103_-1.5300.jpg,-1.53,0.54,411.0226745605469,640,480,inferred_missing_right,0.3443605899810791,0.6,259,320.0,224.68405151367188,635.7067260742188,430.1953887939453,411.0226745605469,411.0226745605469,1,,,"[[183, 267]]",
3034,train,26北理工r,105,E:\桌面\v-Net\dataset\26合并\26北理工r\530-r\3\105_-1.5300.jpg,-1.53,0.54,411.0226745605469,640,480,inferred_missing_right,0.3572514295578003,0.6,259,320.0,229.6409149169922,639.0,434.3204574584961,409.3590850830078,411.0226745605469,1,,,"[[189, 270]]",
3035,train,26北理工r,106,E:\桌面\v-Net\dataset\26合并\26北理工r\530-r\3\106_-1.5300.jpg,-1.53,0.54,411.0226745605469,640,480,inferred_missing_right,0.35788042545318605,0.6,259,320.0,230.04347229003906,639.0,434.52173614501953,408.95652770996094,411.0226745605469,1,,,"[[189, 271]]",
3036,train,26北理工r,107,E:\桌面\v-Net\dataset\26合并\26北理工r\530-r\3\107_-1.5300.jpg,-1.53,0.54,411.0226745605469,640,480,inferred_missing_right,0.3600555658340454,0.6,259,320.0,231.43556213378906,639.0,435.21778106689453,407.56443786621094,411.0226745605469,1,,,"[[191, 272]]",
3037,train,26北理工r,108,E:\桌面\v-Net\dataset\26合并\26北理工r\530-r\3\108_-1.5300.jpg,-1.53,0.54,411.0226745605469,640,480,inferred_missing_right,0.3608436584472656,0.6,259,320.0,231.93994140625,639.0,435.469970703125,407.06005859375,411.0226745605469,1,,,"[[191, 274]]",
3038,train,26北理工r,109,E:\桌面\v-Net\dataset\26合并\26北理工r\530-r\3\109_-1.5300.jpg,-1.53,0.54,411.0226745605469,640,480,inferred_missing_right,0.36059863567352296,0.6,259,320.0,231.7831268310547,639.0,435.39156341552734,407.2168731689453,411.0226745605469,1,,,"[[192, 272]]",
3039,train,26北理工r,110,E:\桌面\v-Net\dataset\26合并\26北理工r\530-r\3\110_-1.5300.jpg,-1.53,0.54,411.0226745605469,640,480,inferred_missing_right,0.3610339879989624,0.6,259,320.0,232.06175231933594,639.0,435.53087615966797,406.93824768066406,411.0226745605469,1,,,"[[191, 273]]",
3040,train,26北理工r,111,E:\桌面\v-Net\dataset\26合并\26北理工r\530-r\3\111_-1.5300.jpg,-1.53,0.54,411.0226745605469,640,480,inferred_missing_right,0.36018986701965333,0.6,259,320.0,231.52151489257812,639.0,435.26075744628906,407.4784851074219,411.0226745605469,1,,,"[[191, 272]]",
3041,train,26北理工r,112,E:\桌面\v-Net\dataset\26合并\26北理工r\530-r\3\112_-1.5300.jpg,-1.53,0.54,411.0226745605469,640,480,inferred_missing_right,0.35986487865447997,0.6,259,320.0,231.3135223388672,639.0,435.1567611694336,407.6864776611328,411.0226745605469,1,,,"[[191, 272]]",
3042,train,26北理工r,114,E:\桌面\v-Net\dataset\26合并\26北理工r\530-r\3\114_-1.5300.jpg,-1.53,0.54,411.0226745605469,640,480,inferred_missing_right,0.3551844835281372,0.6,259,320.0,228.3180694580078,639.0,433.6590347290039,410.6819305419922,411.0226745605469,1,,,"[[189, 268]]",
3043,train,26北理工r,115,E:\桌面\v-Net\dataset\26合并\26北理工r\530-r\3\115_-1.5300.jpg,-1.53,0.54,411.0226745605469,640,480,inferred_missing_right,0.34134435653686523,0.6,259,320.0,223.71885681152344,634.7415313720703,429.2301940917969,411.0226745605469,411.0226745605469,1,,,"[[184, 263]]",
3044,train,26北理工r,116,E:\桌面\v-Net\dataset\26合并\26北理工r\530-r\3\116_-1.5300.jpg,-1.53,0.54,411.0226745605469,640,480,inferred_missing_right,0.34129996299743653,0.6,259,320.0,223.70465087890625,634.7273254394531,429.2159881591797,411.0226745605469,411.0226745605469,1,,,"[[184, 263]]",
3045,train,26北理工r,118,E:\桌面\v-Net\dataset\26合并\26北理工r\530-r\3\118_-1.5300.jpg,-1.53,0.54,411.0226745605469,640,480,insufficient_yellow_edges,,0.0,259,320.0,,,,,,2,,,"[[0, 103], [178, 255]]",
3046,train,26北理工r,120,E:\桌面\v-Net\dataset\26合并\26北理工r\530-r\3\120_-1.5300.jpg,-1.53,0.54,411.0226745605469,640,480,inferred_missing_right,0.0739786148071289,0.6,259,320.0,138.1618194580078,549.1844940185547,343.67315673828125,411.0226745605469,411.0226745605469,1,,,"[[19, 251]]",
3047,train,26北理工r,121,E:\桌面\v-Net\dataset\26合并\26北理工r\530-r\3\121_-1.5300.jpg,-1.53,0.54,411.0226745605469,640,480,inferred_missing_right,0.13771433830261232,0.6,259,320.0,158.5572509765625,569.5799255371094,364.06858825683594,411.0226745605469,411.0226745605469,1,,,"[[53, 252]]",
3048,train,26北理工r,123,E:\桌面\v-Net\dataset\26合并\26北理工r\530-r\3\123_-1.5500.jpg,-1.55,0.54,411.0226745605469,640,480,inferred_missing_right,0.29441146850585936,0.6,259,320.0,208.70033264160156,619.7230072021484,414.211669921875,411.0226745605469,411.0226745605469,1,,,"[[139, 271]]",
3049,train,26北理工r,125,E:\桌面\v-Net\dataset\26合并\26北理工r\530-r\3\125_-1.5500.jpg,-1.55,0.54,411.0226745605469,640,480,inferred_missing_right,0.36533212661743164,0.6,259,320.0,234.81256103515625,639.0,436.9062805175781,404.18743896484375,411.0226745605469,1,,,"[[188, 280]]",
3050,train,26北理工r,126,E:\桌面\v-Net\dataset\26合并\26北理工r\530-r\3\126_-1.5500.jpg,-1.55,0.54,411.0226745605469,640,480,ok,0.35422587394714355,1.0,259,320.0,239.60787963867188,627.0966796875,433.35227966308594,387.4888000488281,,2,"[195, 285]","[613, 639]","[[195, 285], [613, 639]]",
3051,train,26北理工r,128,E:\桌面\v-Net\dataset\26合并\26北理工r\530-r\3\128_-1.5500.jpg,-1.55,0.54,411.0226745605469,640,480,ok,0.3317150115966797,1.0,259,320.0,248.52398681640625,603.7736206054688,426.1488037109375,355.2496337890625,,2,"[207, 288]","[582, 631]","[[207, 288], [582, 631]]",
3052,train,26北理工r,131,E:\桌面\v-Net\dataset\26合并\26北理工r\530-r\3\131_-1.5500.jpg,-1.55,0.54,411.0226745605469,640,480,ok,-0.16203007698059083,1.0,259,320.0,214.0849609375,322.2157897949219,268.15037536621094,108.13082885742188,,3,"[206, 222]","[264, 373]","[[206, 222], [264, 373], [428, 482]]",
3053,train,26北理工r,132,E:\桌面\v-Net\dataset\26合并\26北理工r\530-r\3\132_-1.5500.jpg,-1.55,0.54,411.0226745605469,640,480,ok,0.16594371795654297,1.0,259,320.0,302.1323547363281,444.0716247558594,373.10198974609375,141.93927001953125,,2,"[232, 360]","[415, 471]","[[232, 360], [415, 471]]",
3054,train,26北理工r,133,E:\桌面\v-Net\dataset\26合并\26北理工r\530-r\3\133_-1.5500.jpg,-1.55,0.54,411.0226745605469,640,480,ok,0.15552377700805664,1.0,259,320.0,318.0638427734375,421.47137451171875,369.7676086425781,103.40753173828125,,3,"[299, 334]","[395, 451]","[[195, 246], [299, 334], [395, 451]]",
3055,train,26北理工r,134,E:\桌面\v-Net\dataset\26合并\26北理工r\530-r\3\134_-1.5500.jpg,-1.55,0.54,411.0226745605469,640,480,inferred_missing_right,0.2974860668182373,0.6,259,320.0,209.6842041015625,620.7068786621094,415.19554138183594,411.0226745605469,411.0226745605469,1,,,"[[188, 230]]",
3056,train,26北理工r,135,E:\桌面\v-Net\dataset\26合并\26北理工r\530-r\3\135_-1.5500.jpg,-1.55,0.54,411.0226745605469,640,480,ok,0.29583909511566164,1.0,259,320.0,200.98435974121094,628.3526611328125,414.6685104370117,427.36830139160156,,2,"[181, 221]","[616, 639]","[[181, 221], [616, 639]]",
3057,train,26北理工r,139,E:\桌面\v-Net\dataset\26合并\26北理工r\530-r\3\139_0.0000.jpg,0.0,0.54,411.0226745605469,640,480,ok,0.1038137674331665,1.0,259,320.0,137.66078186035156,568.780029296875,353.2204055786133,431.11924743652344,,2,"[112, 162]","[546, 592]","[[112, 162], [546, 592]]",
3058,train,26北理工r,140,E:\桌面\v-Net\dataset\26合并\26北理工r\530-r\3\140_0.0000.jpg,0.0,0.54,411.0226745605469,640,480,ok,0.10208938121795655,1.0,259,320.0,132.1614227294922,573.17578125,352.6686019897461,441.0143585205078,,2,"[113, 150]","[557, 591]","[[113, 150], [557, 591]]",
3059,train,26北理工r,141,E:\桌面\v-Net\dataset\26合并\26北理工r\530-r\3\141_0.0000.jpg,0.0,0.54,411.0226745605469,640,480,insufficient_yellow_edges,,0.0,259,320.0,,,,,,0,,,[],
3060,train,26北理工r,142,E:\桌面\v-Net\dataset\26合并\26北理工r\530-r\3\142_0.0000.jpg,0.0,0.54,411.0226745605469,640,480,ok,0.10936744213104248,1.0,259,320.0,144.0608367919922,565.934326171875,354.9975814819336,421.8734893798828,,2,"[127, 161]","[546, 586]","[[127, 161], [546, 586]]",
3061,train,26北理工r,143,E:\桌面\v-Net\dataset\26合并\26北理工r\530-r\3\143_0.0000.jpg,0.0,0.54,411.0226745605469,640,480,ok,0.11276190280914307,1.0,259,320.0,140.5652618408203,571.6023559570312,356.0838088989258,431.03709411621094,,2,"[119, 162]","[549, 595]","[[119, 162], [549, 595]]",
3062,train,26北理工r,146,E:\桌面\v-Net\dataset\26合并\26北理工r\530-r\3\146_0.0000.jpg,0.0,0.54,411.0226745605469,640,480,ok,0.11394941806793213,1.0,259,320.0,148.6507110595703,564.2769165039062,356.4638137817383,415.62620544433594,,3,"[133, 165]","[544, 585]","[[0, 94], [133, 165], [544, 585]]",
3063,train,26北理工r,147,E:\桌面\v-Net\dataset\26合并\26北理工r\530-r\3\147_0.0000.jpg,0.0,0.54,411.0226745605469,640,480,ok,0.013351821899414062,1.0,259,320.0,78.98419189453125,569.5609741210938,324.2725830078125,490.5767822265625,,2,"[0, 164]","[547, 593]","[[0, 164], [547, 593]]",
3064,train,26北理工r,148,E:\桌面\v-Net\dataset\26合并\26北理工r\530-r\3\148_0.0000.jpg,0.0,0.54,411.0226745605469,640,480,ok,0.03624656200408936,1.0,259,320.0,228.4469757080078,434.7508239746094,331.5988998413086,206.30384826660156,,4,"[213, 245]","[416, 452]","[[22, 162], [213, 245], [416, 452], [498, 639]]",
3065,train,26北理工r,149,E:\桌面\v-Net\dataset\26合并\26北理工r\530-r\3\149_0.0000.jpg,0.0,0.54,411.0226745605469,640,480,ok,-0.1253359794616699,1.0,259,320.0,230.62600708007812,329.1589660644531,279.8924865722656,98.532958984375,,5,"[206, 254]","[305, 354]","[[53, 163], [206, 254], [305, 354], [402, 454], [498, 639]]",
3066,train,26北理工r,151,E:\桌面\v-Net\dataset\26合并\26北理工r\530-r\3\151_0.0000.jpg,0.0,0.54,411.0226745605469,640,480,ok,-0.1220818281173706,1.0,259,320.0,233.0186309814453,328.8489990234375,280.9338150024414,95.83036804199219,,5,"[214, 249]","[302, 355]","[[119, 165], [214, 249], [302, 355], [406, 460], [510, 598]]",
3067,train,26北理工r,153,E:\桌面\v-Net\dataset\26合并\26北理工r\530-r\3\153_0.0000.jpg,0.0,0.54,411.0226745605469,640,480,ok,0.1095273494720459,1.0,259,320.0,141.64559936523438,568.451904296875,355.0487518310547,426.8063049316406,,2,"[118, 164]","[543, 594]","[[118, 164], [543, 594]]",
3068,train,26北理工r,155,E:\桌面\v-Net\dataset\26合并\26北理工r\530-r\3\155_0.0000.jpg,0.0,0.54,411.0226745605469,640,480,ok,0.11203656196594239,1.0,259,320.0,141.58883666992188,570.1145629882812,355.85169982910156,428.5257263183594,,2,"[118, 163]","[547, 594]","[[118, 163], [547, 594]]",
3069,train,26北理工r,156,E:\桌面\v-Net\dataset\26合并\26北理工r\530-r\3\156_0.0000.jpg,0.0,0.54,411.0226745605469,640,480,ok,0.12145655155181885,1.0,259,320.0,142.0230255126953,575.7091674804688,358.86609649658203,433.68614196777344,,2,"[119, 163]","[558, 594]","[[119, 163], [558, 594]]",
3070,train,26北理工r,157,E:\桌面\v-Net\dataset\26合并\26北理工r\530-r\3\157_0.0000.jpg,0.0,0.54,411.0226745605469,640,480,inferred_missing_right,0.0876655101776123,0.6,259,320.0,142.5416259765625,553.5643005371094,348.05296325683594,411.0226745605469,411.0226745605469,1,,,"[[120, 163]]",
3071,train,26北理工r,158,E:\桌面\v-Net\dataset\26合并\26北理工r\530-r\3\158_0.0000.jpg,0.0,0.54,411.0226745605469,640,480,ok,0.09884417057037354,1.0,259,320.0,141.7431182861328,561.5171508789062,351.63013458251953,419.77403259277344,,2,"[119, 163]","[546, 576]","[[119, 163], [546, 576]]",
3072,train,26北理工r,159,E:\桌面\v-Net\dataset\26合并\26北理工r\530-r\3\159_0.0000.jpg,0.0,0.54,411.0226745605469,640,480,ok,0.10261449813842774,1.0,259,320.0,141.53131103515625,564.1419677734375,352.8366394042969,422.61065673828125,,2,"[119, 163]","[545, 583]","[[119, 163], [545, 583]]",
3073,train,26北理工r,160,E:\桌面\v-Net\dataset\26合并\26北理工r\530-r\3\160_0.0000.jpg,0.0,0.54,411.0226745605469,640,480,ok,0.11278953552246093,1.0,259,320.0,140.7821044921875,571.4031982421875,356.0926513671875,430.62109375,,2,"[118, 162]","[548, 596]","[[118, 162], [548, 596]]",
3074,train,26北理工r,162,E:\桌面\v-Net\dataset\26合并\26北理工r\530-r\3\162_0.0000.jpg,0.0,0.54,411.0226745605469,640,480,ok,0.21774981021881104,1.0,259,320.0,211.85987854003906,567.5,389.67993927001953,355.64012145996094,,3,"[206, 219]","[564, 571]","[[119, 163], [206, 219], [564, 571]]",
3075,train,26北理工r,163,E:\桌面\v-Net\dataset\26合并\26北理工r\530-r\3\163_0.0000.jpg,0.0,0.54,411.0226745605469,640,480,ok,0.20534219741821289,1.0,259,320.0,212.07159423828125,559.347412109375,385.7095031738281,347.27581787109375,,3,"[199, 227]","[543, 575]","[[118, 162], [199, 227], [543, 575]]",
3076,train,26北理工r,164,E:\桌面\v-Net\dataset\26合并\26北理工r\530-r\3\164_0.0000.jpg,0.0,0.54,411.0226745605469,640,480,ok,0.22234914302825928,1.0,259,320.0,216.91087341308594,565.392578125,391.15172576904297,348.48170471191406,,3,"[197, 242]","[543, 588]","[[118, 162], [197, 242], [543, 588]]",
3077,val,25杭州,1,E:\桌面\v-Net\dataset\26合并\25杭州\1_0.0000.jpg,0.0,0.54,411.0226745605469,640,480,ok,-0.15532498359680175,1.0,259,320.0,79.08746337890625,461.5045471191406,270.29600524902344,382.4170837402344,,2,"[56, 101]","[438, 488]","[[56, 101], [438, 488]]",
3078,val,25杭州,14,E:\桌面\v-Net\dataset\26合并\25杭州\14_0.0000.jpg,0.0,0.54,411.0226745605469,640,480,ok,-0.1261711001396179,1.0,259,320.0,76.54898834228516,482.7015075683594,279.62524795532227,406.1525192260742,,2,"[52, 98]","[458, 508]","[[52, 98], [458, 508]]",
3079,val,25杭州,16,E:\桌面\v-Net\dataset\26合并\25杭州\16_0.0000.jpg,0.0,0.54,411.0226745605469,640,480,ok,-0.029296410083770753,1.0,259,320.0,120.5479965209961,500.7023010253906,310.62514877319336,380.15430450439453,,2,"[98, 142]","[480, 522]","[[98, 142], [480, 522]]",
3080,val,25杭州,20,E:\桌面\v-Net\dataset\26合并\25杭州\20_0.0000.jpg,0.0,0.54,411.0226745605469,640,480,ok,-0.283286864310503,1.0,259,320.0,3.239436626434326,455.45697021484375,229.34820342063904,452.2175335884094,,2,"[0, 7]","[427, 484]","[[0, 7], [427, 484]]",
3081,val,25杭州,22,E:\桌面\v-Net\dataset\26合并\25杭州\22_0.0000.jpg,0.0,0.54,411.0226745605469,640,480,inferred_missing_left,-0.2733164310455322,0.6,259,320.0,27.02740478515625,438.0500793457031,232.5387420654297,411.0226745605469,411.0226745605469,1,,,"[[407, 469]]",
3082,val,25杭州,23,E:\桌面\v-Net\dataset\26合并\25杭州\23_0.0000.jpg,0.0,0.54,411.0226745605469,640,480,inferred_missing_left,-0.3095393657684326,0.6,259,320.0,15.436065673828125,426.458740234375,220.94740295410156,411.0226745605469,411.0226745605469,1,,,"[[396, 459]]",
3083,val,25杭州,36,E:\桌面\v-Net\dataset\26合并\25杭州\36_1.5110.jpg,1.511,0.54,411.0226745605469,640,480,inferred_missing_left,-0.4846189975738525,0.6,259,320.0,0.0,329.8438415527344,164.9219207763672,329.8438415527344,411.0226745605469,1,,,"[[290, 369]]",
3084,val,25杭州,39,E:\桌面\v-Net\dataset\26合并\25杭州\39_1.5110.jpg,1.511,0.54,411.0226745605469,640,480,insufficient_yellow_edges,,0.0,259,320.0,,,,,,2,,,"[[298, 374], [624, 639]]",
3085,val,25杭州,52,E:\桌面\v-Net\dataset\26合并\25杭州\52_1.5110.jpg,1.511,0.54,411.0226745605469,640,480,insufficient_yellow_edges,,0.0,259,320.0,,,,,,4,,,"[[324, 393], [454, 467], [557, 614], [619, 639]]",
3086,val,25杭州,58,E:\桌面\v-Net\dataset\26合并\25杭州\58_1.5110.jpg,1.511,0.54,411.0226745605469,640,480,inferred_missing_left,-0.41895332336425783,0.6,259,320.0,0.0,371.869873046875,185.9349365234375,371.869873046875,411.0226745605469,1,,,"[[336, 407]]",
3087,val,25杭州,59,E:\桌面\v-Net\dataset\26合并\25杭州\59_1.5110.jpg,1.511,0.54,411.0226745605469,640,480,inferred_missing_left,-0.4181541442871094,0.6,259,320.0,0.0,372.38134765625,186.190673828125,372.38134765625,411.0226745605469,1,,,"[[337, 407]]",
3088,val,25杭州,60,E:\桌面\v-Net\dataset\26合并\25杭州\60_0.0000.jpg,0.0,0.54,411.0226745605469,640,480,ok,-0.03181557655334473,1.0,259,320.0,120.11111450195312,499.52691650390625,309.8190155029297,379.4158020019531,,2,"[98, 141]","[479, 521]","[[98, 141], [479, 521]]",
3089,val,25杭州,68,E:\桌面\v-Net\dataset\26合并\25杭州\68_1.5110.jpg,1.511,0.54,411.0226745605469,640,480,inferred_missing_left,-0.39815664291381836,0.6,259,320.0,0.0,385.17974853515625,192.58987426757812,385.17974853515625,411.0226745605469,1,,,"[[347, 422]]",
3090,val,25杭州,80,E:\桌面\v-Net\dataset\26合并\25杭州\80_1.5110.jpg,1.511,0.54,411.0226745605469,640,480,inferred_missing_left,-0.3705759048461914,0.6,259,320.0,0.0,402.8314208984375,201.41571044921875,402.8314208984375,411.0226745605469,1,,,"[[364, 442]]",
3091,val,25杭州,81,E:\桌面\v-Net\dataset\26合并\25杭州\81_1.5110.jpg,1.511,0.54,411.0226745605469,640,480,inferred_missing_left,-0.3700754165649414,0.6,259,320.0,0.0,403.1517333984375,201.57586669921875,403.1517333984375,411.0226745605469,1,,,"[[366, 442]]",
3092,val,25杭州,99,E:\桌面\v-Net\dataset\26合并\25杭州\99_0.0000.jpg,0.0,0.54,411.0226745605469,640,480,ok,-0.09979889392852784,1.0,259,320.0,91.22679138183594,484.90191650390625,288.0643539428711,393.6751251220703,,2,"[70, 111]","[448, 527]","[[70, 111], [448, 527]]",
3093,val,25杭州,101,E:\桌面\v-Net\dataset\26合并\25杭州\101_0.0000.jpg,0.0,0.54,411.0226745605469,640,480,ok,-0.12495743036270142,1.0,259,320.0,85.74492645263672,474.2823181152344,280.01362228393555,388.53739166259766,,2,"[64, 106]","[445, 509]","[[64, 106], [445, 509]]",
3094,val,25杭州,103,E:\桌面\v-Net\dataset\26合并\25杭州\103_0.0000.jpg,0.0,0.54,411.0226745605469,640,480,ok,-0.14425817728042603,1.0,259,320.0,80.2613754272461,467.41339111328125,273.8373832702637,387.15201568603516,,2,"[59, 101]","[440, 496]","[[59, 101], [440, 496]]",
3095,val,25杭州,114,E:\桌面\v-Net\dataset\26合并\25杭州\114_0.0000.jpg,0.0,0.54,411.0226745605469,640,480,ok,-0.02961055040359497,1.0,259,320.0,119.94573211669922,501.103515625,310.5246238708496,381.1577835083008,,2,"[99, 140]","[480, 522]","[[99, 140], [480, 522]]",
3096,val,25杭州,118,E:\桌面\v-Net\dataset\26合并\25杭州\118_0.0000.jpg,0.0,0.54,411.0226745605469,640,480,ok,-0.07479739189147949,1.0,259,320.0,99.06039428710938,493.06927490234375,296.06483459472656,394.0088806152344,,2,"[81, 116]","[469, 518]","[[81, 116], [469, 518]]",
3097,val,25杭州,125,E:\桌面\v-Net\dataset\26合并\25杭州\125_0.0000.jpg,0.0,0.54,411.0226745605469,640,480,ok,-0.27207752168178556,1.0,259,320.0,6.201257705688477,459.66912841796875,232.9351930618286,453.4678707122803,,2,"[0, 14]","[431, 488]","[[0, 14], [431, 488]]",
3098,val,25杭州,126,E:\桌面\v-Net\dataset\26合并\25杭州\126_0.0000.jpg,0.0,0.54,411.0226745605469,640,480,inferred_missing_left,-0.2377333164215088,0.6,259,320.0,38.41400146484375,449.4366760253906,243.9253387451172,411.0226745605469,411.0226745605469,1,,,"[[419, 479]]",
3099,val,25杭州,129,E:\桌面\v-Net\dataset\26合并\25杭州\129_0.0000.jpg,0.0,0.54,411.0226745605469,640,480,inferred_missing_left,-0.3182518482208252,0.6,259,320.0,12.6480712890625,423.6707458496094,218.15940856933594,411.0226745605469,411.0226745605469,1,,,"[[391, 455]]",
3100,val,25杭州,135,E:\桌面\v-Net\dataset\26合并\25杭州\135_1.5110.jpg,1.511,0.54,411.0226745605469,640,480,inferred_missing_left,-0.46594901084899903,0.6,259,320.0,0.0,341.7926330566406,170.8963165283203,341.7926330566406,411.0226745605469,1,,,"[[302, 381]]",
3101,val,25杭州,138,E:\桌面\v-Net\dataset\26合并\25杭州\138_1.5110.jpg,1.511,0.54,411.0226745605469,640,480,inferred_missing_left,-0.4748178482055664,0.6,259,320.0,0.0,336.1165771484375,168.05828857421875,336.1165771484375,411.0226745605469,1,,,"[[295, 376]]",
3102,val,25杭州,139,E:\桌面\v-Net\dataset\26合并\25杭州\139_1.5110.jpg,1.511,0.54,411.0226745605469,640,480,inferred_missing_left,-0.4746108055114746,0.6,259,320.0,0.0,336.24908447265625,168.12454223632812,336.24908447265625,411.0226745605469,1,,,"[[295, 377]]",
3103,val,25杭州,142,E:\桌面\v-Net\dataset\26合并\25杭州\142_1.5110.jpg,1.511,0.54,411.0226745605469,640,480,insufficient_yellow_edges,,0.0,259,320.0,,,,,,2,,,"[[304, 383], [578, 639]]",
3104,val,25杭州,143,E:\桌面\v-Net\dataset\26合并\25杭州\143_0.0000.jpg,0.0,0.54,411.0226745605469,640,480,ok,-0.026854991912841797,1.0,259,320.0,121.06948852539062,501.7433166503906,311.4064025878906,380.673828125,,2,"[99, 142]","[481, 523]","[[99, 142], [481, 523]]",
3105,val,25杭州,154,E:\桌面\v-Net\dataset\26合并\25杭州\154_0.0000.jpg,0.0,0.54,411.0226745605469,640,480,ok,-0.026357245445251466,1.0,259,320.0,120.78535461425781,502.34600830078125,311.56568145751953,381.56065368652344,,2,"[99, 142]","[482, 524]","[[99, 142], [482, 524]]",
3106,val,25杭州,159,E:\桌面\v-Net\dataset\26合并\25杭州\159_1.5110.jpg,1.511,0.54,411.0226745605469,640,480,insufficient_yellow_edges,,0.0,259,320.0,,,,,,2,,,"[[326, 400], [469, 639]]",
3107,val,25杭州,162,E:\桌面\v-Net\dataset\26合并\25杭州\162_1.5110.jpg,1.511,0.54,411.0226745605469,640,480,inferred_missing_left,-0.42922039031982423,0.6,259,320.0,0.0,365.2989501953125,182.64947509765625,365.2989501953125,411.0226745605469,1,,,"[[328, 402]]",
3108,val,25杭州,180,E:\桌面\v-Net\dataset\26合并\25杭州\180_1.5110.jpg,1.511,0.54,411.0226745605469,640,480,inferred_missing_left,-0.38593645095825196,0.6,259,320.0,0.0,393.00067138671875,196.50033569335938,393.00067138671875,411.0226745605469,1,,,"[[350, 435]]",
3109,val,25杭州,184,E:\桌面\v-Net\dataset\26合并\25杭州\184_1.5110.jpg,1.511,0.54,411.0226745605469,640,480,inferred_missing_left,-0.3880468368530273,0.6,259,320.0,0.0,391.6500244140625,195.82501220703125,391.6500244140625,411.0226745605469,1,,,"[[350, 434]]",
3110,val,25杭州,185,E:\桌面\v-Net\dataset\26合并\25杭州\185_1.5110.jpg,1.511,0.54,411.0226745605469,640,480,inferred_missing_left,-0.39061694145202636,0.6,259,320.0,0.0,390.0051574707031,195.00257873535156,390.0051574707031,411.0226745605469,1,,,"[[351, 429]]",
3111,val,25杭州,192,E:\桌面\v-Net\dataset\26合并\25杭州\192_1.5110.jpg,1.511,0.54,411.0226745605469,640,480,ok,-0.290682327747345,1.0,259,320.0,25.457908630371094,428.5054016113281,226.9816551208496,403.04749298095703,,3,"[6, 44]","[400, 458]","[[6, 44], [400, 458], [593, 639]]",
3112,val,25杭州,193,E:\桌面\v-Net\dataset\26合并\25杭州\193_1.5110.jpg,1.511,0.54,411.0226745605469,640,480,ok,-0.22998417019844056,1.0,259,320.0,50.48200607299805,442.328125,246.40506553649902,391.84611892700195,,3,"[31, 69]","[416, 469]","[[31, 69], [416, 469], [544, 639]]",
3113,val,25杭州,209,E:\桌面\v-Net\dataset\26合并\25杭州\209_0.0000.jpg,0.0,0.54,411.0226745605469,640,480,ok,-0.028126907348632813,1.0,259,320.0,121.39959716796875,500.59918212890625,310.9993896484375,379.1995849609375,,2,"[100, 142]","[480, 522]","[[100, 142], [480, 522]]",
3114,val,25杭州,213,E:\桌面\v-Net\dataset\26合并\25杭州\213_0.0000.jpg,0.0,0.54,411.0226745605469,640,480,ok,-0.07246865034103393,1.0,259,320.0,109.9852066040039,483.6348571777344,296.81003189086914,373.64965057373047,,2,"[86, 133]","[461, 507]","[[86, 133], [461, 507]]",
3115,val,25杭州,216,E:\桌面\v-Net\dataset\26合并\25杭州\216_0.0000.jpg,0.0,0.54,411.0226745605469,640,480,ok,-0.03936973810195923,1.0,259,320.0,116.2011947631836,498.6021728515625,307.40168380737305,382.4009780883789,,2,"[91, 141]","[474, 521]","[[91, 141], [474, 521]]",
3116,val,25杭州,222,E:\桌面\v-Net\dataset\26合并\25杭州\222_0.0000.jpg,0.0,0.54,411.0226745605469,640,480,ok,-0.0411527156829834,1.0,259,320.0,115.72393798828125,497.9383239746094,306.8311309814453,382.2143859863281,,2,"[97, 134]","[476, 521]","[[97, 134], [476, 521]]",
3117,val,25杭州,230,E:\桌面\v-Net\dataset\26合并\25杭州\230_0.0000.jpg,0.0,0.54,411.0226745605469,640,480,ok,-0.21583778858184816,1.0,259,320.0,29.023574829101562,472.8402404785156,250.9319076538086,443.81666564941406,,2,"[0, 64]","[446, 500]","[[0, 64], [446, 500]]",
3118,val,25杭州,238,E:\桌面\v-Net\dataset\26合并\25杭州\238_0.0000.jpg,0.0,0.54,411.0226745605469,640,480,inferred_missing_left,-0.39754428863525393,0.6,259,320.0,0.0,385.5716552734375,192.78582763671875,385.5716552734375,411.0226745605469,1,,,"[[350, 421]]",
3119,val,25杭州,244,E:\桌面\v-Net\dataset\26合并\25杭州\244_1.5110.jpg,1.511,0.54,411.0226745605469,640,480,inferred_missing_left,-0.44395947456359863,0.6,259,320.0,0.0,355.8659362792969,177.93296813964844,355.8659362792969,411.0226745605469,1,,,"[[318, 393]]",
3120,val,25杭州,249,E:\桌面\v-Net\dataset\26合并\25杭州\249_1.5110.jpg,1.511,0.54,411.0226745605469,640,480,inferred_missing_left,-0.4336634635925293,0.6,259,320.0,0.0,362.45538330078125,181.22769165039062,362.45538330078125,411.0226745605469,1,,,"[[325, 400]]",
3121,val,25杭州,252,E:\桌面\v-Net\dataset\26合并\25杭州\252_1.5110.jpg,1.511,0.54,411.0226745605469,640,480,insufficient_yellow_edges,,0.0,259,320.0,,,,,,3,,,"[[330, 406], [572, 589], [632, 639]]",
3122,val,25杭州,254,E:\桌面\v-Net\dataset\26合并\25杭州\254_1.5110.jpg,1.511,0.54,411.0226745605469,640,480,insufficient_yellow_edges,,0.0,259,320.0,,,,,,4,,,"[[335, 409], [531, 549], [559, 607], [626, 639]]",
3123,val,25杭州,257,E:\桌面\v-Net\dataset\26合并\25杭州\257_1.5110.jpg,1.511,0.54,411.0226745605469,640,480,insufficient_yellow_edges,,0.0,259,320.0,,,,,,5,,,"[[336, 414], [456, 476], [494, 501], [512, 539], [550, 639]]",
3124,val,25杭州,273,E:\桌面\v-Net\dataset\26合并\25杭州\273_1.5110.jpg,1.511,0.54,411.0226745605469,640,480,inferred_missing_left,-0.38257613182067873,0.6,259,320.0,0.0,395.1512756347656,197.5756378173828,395.1512756347656,411.0226745605469,1,,,"[[358, 431]]",
3125,val,25杭州,278,E:\桌面\v-Net\dataset\26合并\25杭州\278_1.5110.jpg,1.511,0.54,411.0226745605469,640,480,inferred_missing_left,-0.3785813331604004,0.6,259,320.0,0.0,397.70794677734375,198.85397338867188,397.70794677734375,411.0226745605469,1,,,"[[361, 434]]",
3126,val,25杭州,299,E:\桌面\v-Net\dataset\26合并\25杭州\299_1.5110.jpg,1.511,0.54,411.0226745605469,640,480,ok,-0.2361067533493042,1.0,259,320.0,45.27507019042969,443.6166076660156,244.44583892822266,398.34153747558594,,3,"[26, 64]","[416, 472]","[[26, 64], [416, 472], [575, 639]]",
3127,val,25杭州,300,E:\桌面\v-Net\dataset\26合并\25杭州\300_1.5110.jpg,1.511,0.54,411.0226745605469,640,480,ok,-0.20390948057174682,1.0,259,320.0,57.871986389160156,451.6259460449219,254.74896621704102,393.7539596557617,,3,"[38, 76]","[425, 478]","[[38, 76], [425, 478], [555, 639]]",
3128,val,25杭州,304,E:\桌面\v-Net\dataset\26合并\25杭州\304_0.0000.jpg,0.0,0.54,411.0226745605469,640,480,ok,0.024010419845581055,1.0,259,320.0,126.36105346679688,529.005615234375,327.68333435058594,402.6445617675781,,2,"[107, 145]","[478, 591]","[[107, 145], [478, 591]]",
3129,val,25杭州,310,E:\桌面\v-Net\dataset\26合并\25杭州\310_0.0000.jpg,0.0,0.54,411.0226745605469,640,480,ok,-0.0324535608291626,1.0,259,320.0,116.04808044433594,503.181640625,309.61486053466797,387.13356018066406,,2,"[95, 136]","[472, 538]","[[95, 136], [472, 538]]",
3130,val,25杭州,313,E:\桌面\v-Net\dataset\26合并\25杭州\313_0.0000.jpg,0.0,0.54,411.0226745605469,640,480,ok,-0.05251071453094482,1.0,259,320.0,112.03187561035156,494.36126708984375,303.19657135009766,382.3293914794922,,2,"[92, 132]","[469, 523]","[[92, 132], [469, 523]]",
3131,val,25杭州,327,E:\桌面\v-Net\dataset\26合并\25杭州\327_-1.5800.jpg,-1.58,0.54,411.0226745605469,640,480,inferred_missing_right,0.4932983875274658,0.6,259,320.0,316.7109680175781,639.0,477.85548400878906,322.2890319824219,411.0226745605469,1,,,"[[272, 362]]",
3132,val,25杭州,331,E:\桌面\v-Net\dataset\26合并\25杭州\331_-1.5800.jpg,-1.58,0.54,411.0226745605469,640,480,inferred_missing_left,-0.4911771774291992,0.6,259,320.0,0.0,325.6466064453125,162.82330322265625,325.6466064453125,411.0226745605469,1,,,"[[279, 374]]",
3133,val,25杭州,340,E:\桌面\v-Net\dataset\26合并\25杭州\340_-1.5800.jpg,-1.58,0.54,411.0226745605469,640,480,inferred_missing_left,-0.49341487884521484,0.6,259,320.0,0.0,324.2144775390625,162.10723876953125,324.2144775390625,411.0226745605469,1,,,"[[280, 371]]",
3134,val,25杭州,355,E:\桌面\v-Net\dataset\26合并\25杭州\355_-1.5800.jpg,-1.58,0.54,411.0226745605469,640,480,inferred_missing_right,0.3593291759490967,0.6,259,320.0,230.97067260742188,639.0,434.98533630371094,408.0293273925781,411.0226745605469,1,,,"[[136, 310]]",
3135,val,25杭州,364,E:\桌面\v-Net\dataset\26合并\25杭州\364_-1.5800.jpg,-1.58,0.54,411.0226745605469,640,480,ok,0.09809219837188721,1.0,259,320.0,242.49461364746094,460.2843933105469,351.3895034790039,217.78977966308594,,3,"[208, 276]","[442, 476]","[[208, 276], [442, 476], [518, 568]]",
3136,val,25杭州,369,E:\桌面\v-Net\dataset\26合并\25杭州\369_-1.5800.jpg,-1.58,0.54,411.0226745605469,640,480,ok,0.17795004844665527,1.0,259,320.0,174.23574829101562,579.6522827148438,376.9440155029297,405.4165344238281,,2,"[161, 188]","[566, 596]","[[161, 188], [566, 596]]",
3137,val,25杭州,371,E:\桌面\v-Net\dataset\26合并\25杭州\371_-1.5800.jpg,-1.58,0.54,411.0226745605469,640,480,ok,0.07642874717712403,1.0,259,320.0,154.71621704101562,534.1981811523438,344.4571990966797,379.4819641113281,,2,"[133, 175]","[519, 548]","[[133, 175], [519, 548]]",
3138,val,25杭州,382,E:\桌面\v-Net\dataset\26合并\25杭州\382_0.0000.jpg,0.0,0.54,411.0226745605469,640,480,ok,0.03868193626403808,1.0,259,320.0,148.10000610351562,516.6564331054688,332.3782196044922,368.5564270019531,,3,"[137, 160]","[501, 532]","[[0, 74], [137, 160], [501, 532]]",
3139,val,25杭州,392,E:\桌面\v-Net\dataset\26合并\25杭州\392_0.0000.jpg,0.0,0.54,411.0226745605469,640,480,ok,0.06258597373962402,1.0,259,320.0,148.01651000976562,532.0385131835938,340.0275115966797,384.0220031738281,,2,"[124, 171]","[515, 550]","[[124, 171], [515, 550]]",
3140,val,25杭州,395,E:\桌面\v-Net\dataset\26合并\25杭州\395_-1.6000.jpg,-1.6,0.54,411.0226745605469,640,480,ok,0.18790316581726074,1.0,259,320.0,286.6512145996094,473.6068115234375,380.12901306152344,186.95559692382812,,3,"[248, 327]","[456, 491]","[[137, 204], [248, 327], [456, 491]]",
3141,val,25杭州,398,E:\桌面\v-Net\dataset\26合并\25杭州\398_0.0000.jpg,0.0,0.54,411.0226745605469,640,480,ok,0.02778308391571045,1.0,259,320.0,141.4077606201172,516.3734130859375,328.89058685302734,374.9656524658203,,3,"[118, 164]","[502, 532]","[[118, 164], [502, 532], [539, 548]]",
3142,val,25杭州,409,E:\桌面\v-Net\dataset\26合并\25杭州\409_0.0000.jpg,0.0,0.54,411.0226745605469,640,480,ok,0.012236571311950684,1.0,259,320.0,146.0478973388672,501.78350830078125,323.9157028198242,355.73561096191406,,3,"[120, 172]","[490, 513]","[[120, 172], [490, 513], [538, 567]]",
3143,val,25杭州,448,E:\桌面\v-Net\dataset\26合并\25杭州\448_-1.5000.jpg,-1.5,0.54,411.0226745605469,640,480,inferred_missing_right,0.38455824851989745,0.6,259,320.0,247.11727905273438,639.0,443.0586395263672,391.8827209472656,411.0226745605469,1,,,"[[209, 286]]",
3144,val,25杭州,466,E:\桌面\v-Net\dataset\26合并\25杭州\466_-1.5000.jpg,-1.5,0.54,411.0226745605469,640,480,inferred_missing_right,0.37671623229980467,0.6,259,320.0,242.098388671875,639.0,440.5491943359375,396.901611328125,411.0226745605469,1,,,"[[199, 286]]",
3145,val,25杭州,470,E:\桌面\v-Net\dataset\26合并\25杭州\470_-1.5000.jpg,-1.5,0.54,411.0226745605469,640,480,inferred_missing_right,0.38538374900817873,0.6,259,320.0,247.64559936523438,639.0,443.3227996826172,391.3544006347656,411.0226745605469,1,,,"[[207, 289]]",
3146,val,25杭州,474,E:\桌面\v-Net\dataset\26合并\25杭州\474_-1.5000.jpg,-1.5,0.54,411.0226745605469,640,480,insufficient_yellow_edges,,0.0,259,320.0,,,,,,2,,,"[[72, 80], [219, 304]]",
3147,val,25杭州,476,E:\桌面\v-Net\dataset\26合并\25杭州\476_-1.5000.jpg,-1.5,0.54,411.0226745605469,640,480,inferred_missing_right,0.4086320400238037,0.6,259,320.0,262.5245056152344,639.0,450.7622528076172,376.4754943847656,411.0226745605469,1,,,"[[220, 306]]",
3148,val,25杭州,481,E:\桌面\v-Net\dataset\26合并\25杭州\481_-1.5000.jpg,-1.5,0.54,411.0226745605469,640,480,inferred_missing_right,0.4303737640380859,0.6,259,320.0,276.439208984375,639.0,457.7196044921875,362.560791015625,411.0226745605469,1,,,"[[232, 324]]",
3149,val,25杭州,487,E:\桌面\v-Net\dataset\26合并\25杭州\487_0.0000.jpg,0.0,0.54,411.0226745605469,640,480,ok,-0.042195248603820804,1.0,259,320.0,119.17173767089844,493.82330322265625,306.49752044677734,374.6515655517578,,2,"[96, 141]","[475, 514]","[[96, 141], [475, 514]]",
3150,val,25杭州,490,E:\桌面\v-Net\dataset\26合并\25杭州\490_-1.5000.jpg,-1.5,0.54,411.0226745605469,640,480,inferred_missing_left,-0.43666753768920896,0.6,259,320.0,0.0,360.53277587890625,180.26638793945312,360.53277587890625,411.0226745605469,1,,,"[[314, 410]]",
3151,val,25杭州,491,E:\桌面\v-Net\dataset\26合并\25杭州\491_-1.5000.jpg,-1.5,0.54,411.0226745605469,640,480,inferred_missing_left,-0.4374682426452637,0.6,259,320.0,0.0,360.02032470703125,180.01016235351562,360.02032470703125,411.0226745605469,1,,,"[[312, 411]]",
3152,val,25杭州,519,E:\桌面\v-Net\dataset\26合并\25杭州\519_-1.5800.jpg,-1.58,0.54,411.0226745605469,640,480,insufficient_yellow_edges,,0.0,259,320.0,,,,,,2,,,"[[0, 164], [245, 316]]",
3153,val,25杭州,521,E:\桌面\v-Net\dataset\26合并\25杭州\521_-1.5800.jpg,-1.58,0.54,411.0226745605469,640,480,insufficient_yellow_edges,,0.0,259,320.0,,,,,,2,,,"[[41, 198], [236, 304]]",
3154,val,25杭州,528,E:\桌面\v-Net\dataset\26合并\25杭州\528_-1.5800.jpg,-1.58,0.54,411.0226745605469,640,480,inferred_missing_right,0.31810684204101564,0.6,259,320.0,216.28285217285156,627.3055267333984,421.794189453125,411.0226745605469,411.0226745605469,1,,,"[[170, 258]]",
3155,val,25杭州,541,E:\桌面\v-Net\dataset\26合并\25杭州\541_0.0000.jpg,0.0,0.54,411.0226745605469,640,480,inferred_missing_left,-0.1667294979095459,0.6,259,320.0,61.135223388671875,472.15789794921875,266.6465606689453,411.0226745605469,411.0226745605469,1,,,"[[460, 482]]",
3156,val,25杭州,548,E:\桌面\v-Net\dataset\26合并\25杭州\548_0.0000.jpg,0.0,0.54,411.0226745605469,640,480,ok,-0.0789720058441162,1.0,259,320.0,111.75177001953125,477.7061462402344,294.7289581298828,365.9543762207031,,2,"[94, 129]","[462, 494]","[[94, 129], [462, 494]]",
3157,val,25杭州,561,E:\桌面\v-Net\dataset\26合并\25杭州\561_0.0000.jpg,0.0,0.54,411.0226745605469,640,480,ok,-0.06878679990768433,1.0,259,320.0,106.65238189697266,489.3240661621094,297.988224029541,382.6716842651367,,2,"[83, 130]","[471, 509]","[[83, 130], [471, 509]]",
3158,val,25杭州,562,E:\桌面\v-Net\dataset\26合并\25杭州\562_-1.6000.jpg,-1.6,0.54,411.0226745605469,640,480,ok,0.14288907051086425,1.0,259,320.0,261.7298889160156,469.7191162109375,365.72450256347656,207.98922729492188,,3,"[223, 301]","[455, 482]","[[116, 188], [223, 301], [455, 482]]",
3159,val,25杭州,566,E:\桌面\v-Net\dataset\26合并\25杭州\566_0.0000.jpg,0.0,0.54,411.0226745605469,640,480,ok,-0.029824304580688476,1.0,259,320.0,123.51943969726562,497.39300537109375,310.4562225341797,373.8735656738281,,3,"[100, 148]","[482, 513]","[[100, 148], [482, 513], [521, 528]]",
3160,val,25杭州,568,E:\桌面\v-Net\dataset\26合并\25杭州\568_-1.6000.jpg,-1.6,0.54,411.0226745605469,640,480,ok,0.0010106086730957032,1.0,259,320.0,263.2426452636719,377.4041442871094,320.3233947753906,114.1614990234375,,3,"[224, 303]","[359, 395]","[[71, 123], [224, 303], [359, 395]]",
3161,val,25杭州,576,E:\桌面\v-Net\dataset\26合并\25杭州\576_-1.6000.jpg,-1.6,0.54,411.0226745605469,640,480,ok,0.3230854034423828,1.0,259,320.0,272.2098388671875,574.5648193359375,423.3873291015625,302.35498046875,,3,"[254, 293]","[551, 597]","[[50, 108], [254, 293], [551, 597]]",
3162,val,25杭州,600,E:\桌面\v-Net\dataset\26合并\25杭州\600_0.0000.jpg,0.0,0.54,411.0226745605469,640,480,ok,-0.02313183546066284,1.0,259,320.0,105.72541046142578,519.47021484375,312.5978126525879,413.7448043823242,,2,"[78, 133]","[490, 554]","[[78, 133], [490, 554]]",
3163,val,25杭州,629,E:\桌面\v-Net\dataset\26合并\25杭州\629_-1.5000.jpg,-1.5,0.54,411.0226745605469,640,480,inferred_missing_right,0.3895094633102417,0.6,259,320.0,250.2860565185547,639.0,444.64302825927734,388.7139434814453,411.0226745605469,1,,,"[[204, 298]]",
3164,val,25杭州,633,E:\桌面\v-Net\dataset\26合并\25杭州\633_-1.5000.jpg,-1.5,0.54,411.0226745605469,640,480,insufficient_yellow_edges,,0.0,259,320.0,,,,,,2,,,"[[0, 11], [216, 310]]",
3165,val,25杭州,642,E:\桌面\v-Net\dataset\26合并\25杭州\642_-1.5000.jpg,-1.5,0.54,411.0226745605469,640,480,inferred_missing_right,0.4754783630371094,0.6,259,320.0,305.30615234375,639.0,472.153076171875,333.69384765625,411.0226745605469,1,,,"[[261, 351]]",
3166,val,25杭州,653,E:\桌面\v-Net\dataset\26合并\25杭州\653_-1.5000.jpg,-1.5,0.54,411.0226745605469,640,480,inferred_missing_left,-0.4499836444854736,0.6,259,320.0,0.0,352.0104675292969,176.00523376464844,352.0104675292969,411.0226745605469,1,,,"[[306, 399]]",
3167,val,25杭州,675,E:\桌面\v-Net\dataset\26合并\25杭州\675_-1.5600.jpg,-1.56,0.54,411.0226745605469,640,480,inferred_missing_left,-0.4327178955078125,0.6,259,320.0,0.0,363.060546875,181.5302734375,363.060546875,411.0226745605469,1,,,"[[316, 412]]",
3168,val,25杭州,677,E:\桌面\v-Net\dataset\26合并\25杭州\677_0.0000.jpg,0.0,0.54,411.0226745605469,640,480,ok,0.10733766555786133,1.0,259,320.0,197.3289794921875,511.36712646484375,354.3480529785156,314.03814697265625,,3,"[165, 230]","[497, 526]","[[0, 112], [165, 230], [497, 526]]",
3169,val,25杭州,679,E:\桌面\v-Net\dataset\26合并\25杭州\679_-1.5600.jpg,-1.56,0.54,411.0226745605469,640,480,inferred_missing_left,-0.4451028347015381,0.6,259,320.0,0.0,355.1341857910156,177.5670928955078,355.1341857910156,411.0226745605469,1,,,"[[312, 400]]",
3170,val,25杭州,685,E:\桌面\v-Net\dataset\26合并\25杭州\685_-1.5600.jpg,-1.56,0.54,411.0226745605469,640,480,inferred_missing_left,-0.47817144393920896,0.6,259,320.0,0.0,333.97027587890625,166.98513793945312,333.97027587890625,411.0226745605469,1,,,"[[293, 377]]",
3171,val,25杭州,689,E:\桌面\v-Net\dataset\26合并\25杭州\689_-1.5600.jpg,-1.56,0.54,411.0226745605469,640,480,ok,-0.3457201600074768,1.0,259,320.0,98.4288558959961,320.31024169921875,209.36954879760742,221.88138580322266,,2,"[0, 206]","[283, 359]","[[0, 206], [283, 359]]",
3172,val,25杭州,692,E:\桌面\v-Net\dataset\26合并\25杭州\692_-1.5600.jpg,-1.56,0.54,411.0226745605469,640,480,inferred_missing_right,0.4044334411621094,0.6,259,320.0,259.83740234375,639.0,449.418701171875,379.16259765625,411.0226745605469,1,,,"[[158, 343]]",
3173,val,25杭州,694,E:\桌面\v-Net\dataset\26合并\25杭州\694_-1.5600.jpg,-1.56,0.54,411.0226745605469,640,480,inferred_missing_right,0.41738300323486327,0.6,259,320.0,268.1251220703125,639.0,453.56256103515625,370.8748779296875,411.0226745605469,1,,,"[[195, 332]]",
3174,val,25杭州,697,E:\桌面\v-Net\dataset\26合并\25杭州\697_-1.5600.jpg,-1.56,0.54,411.0226745605469,640,480,ok,0.41367311477661134,1.0,259,320.0,275.3790283203125,629.3717651367188,452.3753967285156,353.99273681640625,,2,"[230, 319]","[618, 639]","[[230, 319], [618, 639]]",
3175,val,25杭州,700,E:\桌面\v-Net\dataset\26合并\25杭州\700_-1.5600.jpg,-1.56,0.54,411.0226745605469,640,480,ok,0.3659361362457275,1.0,259,320.0,270.4726257324219,603.7265014648438,437.0995635986328,333.2538757324219,,2,"[233, 308]","[578, 629]","[[233, 308], [578, 629]]",
3176,val,25杭州,704,E:\桌面\v-Net\dataset\26合并\25杭州\704_-1.5600.jpg,-1.56,0.54,411.0226745605469,640,480,ok,-0.1142273187637329,1.0,259,320.0,237.69679260253906,329.1977233886719,283.44725799560547,91.50093078613281,,4,"[220, 254]","[291, 368]","[[220, 254], [291, 368], [414, 461], [504, 555]]",
3177,val,25杭州,705,E:\桌面\v-Net\dataset\26合并\25杭州\705_-1.5600.jpg,-1.56,0.54,411.0226745605469,640,480,ok,0.0968860149383545,1.0,259,320.0,289.5143127441406,412.49273681640625,351.00352478027344,122.97842407226562,,4,"[232, 344]","[388, 436]","[[232, 344], [388, 436], [482, 509], [627, 639]]",
3178,val,25杭州,712,E:\桌面\v-Net\dataset\26合并\25杭州\712_-1.5600.jpg,-1.56,0.54,411.0226745605469,640,480,ok,-0.00490419864654541,1.0,259,320.0,139.1334991455078,497.7278137207031,318.43065643310547,358.5943145751953,,2,"[124, 155]","[483, 512]","[[124, 155], [483, 512]]",
3179,val,25杭州,730,E:\桌面\v-Net\dataset\26合并\25杭州\730_0.0000.jpg,0.0,0.54,411.0226745605469,640,480,ok,-0.1947877287864685,1.0,259,320.0,65.90106964111328,449.4347839355469,257.6679267883301,383.5337142944336,,2,"[42, 89]","[430, 470]","[[42, 89], [430, 470]]",
3180,val,25杭州,731,E:\桌面\v-Net\dataset\26合并\25杭州\731_0.0000.jpg,0.0,0.54,411.0226745605469,640,480,ok,-0.19681395292282106,1.0,259,320.0,64.09143829345703,449.9476318359375,257.01953506469727,385.85619354248047,,2,"[40, 87]","[432, 469]","[[40, 87], [432, 469]]",
3181,val,25杭州,736,E:\桌面\v-Net\dataset\26合并\25杭州\736_-1.6000.jpg,-1.6,0.54,411.0226745605469,640,480,ok,0.1369840145111084,1.0,259,320.0,276.4460144042969,451.2237548828125,363.8348846435547,174.77774047851562,,3,"[236, 317]","[433, 469]","[[126, 189], [236, 317], [433, 469]]",
3182,val,25杭州,740,E:\桌面\v-Net\dataset\26合并\25杭州\740_-1.6000.jpg,-1.6,0.54,411.0226745605469,640,480,ok,0.02951669692993164,1.0,259,320.0,269.7258605957031,389.1648254394531,329.4453430175781,119.43896484375,,3,"[232, 308]","[373, 405]","[[84, 133], [232, 308], [373, 405]]",
3183,val,25杭州,745,E:\桌面\v-Net\dataset\26合并\25杭州\745_-1.6000.jpg,-1.6,0.54,411.0226745605469,640,480,ok,0.3684765100479126,1.0,259,320.0,240.1265411376953,635.6984252929688,437.91248321533203,395.57188415527344,,2,"[214, 269]","[632, 639]","[[214, 269], [632, 639]]",
3184,val,25杭州,752,E:\桌面\v-Net\dataset\26合并\25杭州\752_-1.6000.jpg,-1.6,0.54,411.0226745605469,640,480,ok,0.20575084686279296,1.0,259,320.0,260.2248840332031,511.4556579589844,385.84027099609375,251.23077392578125,,3,"[245, 277]","[487, 535]","[[203, 212], [245, 277], [487, 535]]",
3185,val,25杭州,754,E:\桌面\v-Net\dataset\26合并\25杭州\754_-1.6000.jpg,-1.6,0.54,411.0226745605469,640,480,ok,-0.051286721229553224,1.0,259,320.0,216.45826721191406,390.7182312011719,303.58824920654297,174.2599639892578,,3,"[195, 236]","[367, 411]","[[195, 236], [367, 411], [451, 490]]",
3186,val,25杭州,765,E:\桌面\v-Net\dataset\26合并\25杭州\765_0.0000.jpg,0.0,0.54,411.0226745605469,640,480,ok,-0.08521943092346192,1.0,259,320.0,102.50357055664062,482.95599365234375,292.7297821044922,380.4524230957031,,2,"[78, 126]","[464, 502]","[[78, 126], [464, 502]]",
3187,val,25杭州,767,E:\桌面\v-Net\dataset\26合并\25杭州\767_0.0000.jpg,0.0,0.54,411.0226745605469,640,480,ok,-0.0768126130104065,1.0,259,320.0,104.3615951538086,486.47833251953125,295.4199638366699,382.11673736572266,,2,"[80, 128]","[470, 503]","[[80, 128], [470, 503]]",
3188,val,25杭州,783,E:\桌面\v-Net\dataset\26合并\25杭州\783_0.0000.jpg,0.0,0.54,411.0226745605469,640,480,inferred_missing_right,0.24663662910461426,0.6,259,320.0,193.41238403320312,604.43505859375,398.92372131347656,411.0226745605469,411.0226745605469,1,,,"[[158, 230]]",
3189,val,25杭州,823,E:\桌面\v-Net\dataset\26合并\25杭州\823_-1.5000.jpg,-1.5,0.54,411.0226745605469,640,480,inferred_missing_right,0.4725560188293457,0.6,259,320.0,303.43585205078125,639.0,471.2179260253906,335.56414794921875,411.0226745605469,1,,,"[[256, 352]]",
3190,val,25杭州,825,E:\桌面\v-Net\dataset\26合并\25杭州\825_0.0000.jpg,0.0,0.54,411.0226745605469,640,480,ok,0.06361510753631591,1.0,259,320.0,177.7150421142578,502.9986267089844,340.3568344116211,325.28358459472656,,3,"[147, 208]","[485, 521]","[[0, 63], [147, 208], [485, 521]]",
3191,val,25杭州,833,E:\桌面\v-Net\dataset\26合并\25杭州\833_-1.5000.jpg,-1.5,0.54,411.0226745605469,640,480,inferred_missing_right,0.4065187931060791,0.6,259,320.0,261.1720275878906,639.0,450.0860137939453,377.8279724121094,411.0226745605469,1,,,"[[220, 304]]",
3192,val,25杭州,834,E:\桌面\v-Net\dataset\26合并\25杭州\834_-1.5000.jpg,-1.5,0.54,411.0226745605469,640,480,inferred_missing_right,0.4089827537536621,0.6,259,320.0,262.74896240234375,639.0,450.8744812011719,376.25103759765625,411.0226745605469,1,,,"[[220, 308]]",
3193,val,25杭州,836,E:\桌面\v-Net\dataset\26合并\25杭州\836_-1.5000.jpg,-1.5,0.54,411.0226745605469,640,480,inferred_missing_right,0.4187783241271973,0.6,259,320.0,269.01812744140625,639.0,454.0090637207031,369.98187255859375,411.0226745605469,1,,,"[[224, 315]]",
3194,val,25杭州,837,E:\桌面\v-Net\dataset\26合并\25杭州\837_0.0000.jpg,0.0,0.54,411.0226745605469,640,480,ok,0.0805579423904419,1.0,259,320.0,186.09263610839844,505.4644470214844,345.7785415649414,319.37181091308594,,3,"[155, 217]","[488, 524]","[[0, 90], [155, 217], [488, 524]]",
3195,val,25杭州,845,E:\桌面\v-Net\dataset\26合并\25杭州\845_-1.5600.jpg,-1.56,0.54,411.0226745605469,640,480,inferred_missing_right,0.46976284980773925,0.6,259,320.0,301.6482238769531,639.0,470.32411193847656,337.3517761230469,411.0226745605469,1,,,"[[256, 348]]",
3196,val,25杭州,858,E:\桌面\v-Net\dataset\26合并\25杭州\858_-1.5600.jpg,-1.56,0.54,411.0226745605469,640,480,insufficient_yellow_edges,,0.0,259,320.0,,,,,,2,,,"[[0, 45], [250, 337]]",
3197,val,25杭州,862,E:\桌面\v-Net\dataset\26合并\25杭州\862_-1.5600.jpg,-1.56,0.54,411.0226745605469,640,480,inferred_missing_right,0.2231914520263672,0.6,259,320.0,185.90992736816406,596.9326019287109,391.4212646484375,411.0226745605469,411.0226745605469,1,,,"[[31, 331]]",
3198,val,25杭州,869,E:\桌面\v-Net\dataset\26合并\25杭州\869_-1.5600.jpg,-1.56,0.54,411.0226745605469,640,480,ok,0.2933350086212158,1.0,259,320.0,278.3667297363281,549.36767578125,413.86720275878906,271.0009460449219,,3,"[234, 323]","[534, 563]","[[234, 323], [534, 563], [607, 639]]",
3199,val,25杭州,871,E:\桌面\v-Net\dataset\26合并\25杭州\871_-1.5600.jpg,-1.56,0.54,411.0226745605469,640,480,ok,0.2692976951599121,1.0,259,320.0,278.230712890625,534.1198120117188,406.1752624511719,255.88909912109375,,3,"[236, 321]","[514, 551]","[[236, 321], [514, 551], [596, 626]]",
3200,val,25杭州,873,E:\桌面\v-Net\dataset\26合并\25杭州\873_-1.5600.jpg,-1.56,0.54,411.0226745605469,640,480,ok,-0.012429571151733399,1.0,259,320.0,274.320068359375,357.7250061035156,316.0225372314453,83.40493774414062,,5,"[237, 308]","[343, 374]","[[237, 308], [343, 374], [390, 414], [467, 515], [564, 577]]",
3201,val,25杭州,880,E:\桌面\v-Net\dataset\26合并\25杭州\880_-1.5600.jpg,-1.56,0.54,411.0226745605469,640,480,ok,0.1989058494567871,1.0,259,320.0,189.0655517578125,578.2341918945312,383.6498718261719,389.16864013671875,,2,"[170, 207]","[560, 597]","[[170, 207], [560, 597]]",
3202,val,25杭州,883,E:\桌面\v-Net\dataset\26合并\25杭州\883_-1.5600.jpg,-1.56,0.54,411.0226745605469,640,480,ok,0.11881413459777831,1.0,259,320.0,172.44992065429688,543.5911254882812,358.02052307128906,371.1412048339844,,2,"[154, 190]","[525, 563]","[[154, 190], [525, 563]]",
3203,val,25杭州,889,E:\桌面\v-Net\dataset\26合并\25杭州\889_0.0000.jpg,0.0,0.54,411.0226745605469,640,480,ok,-0.1447393536567688,1.0,259,320.0,81.08333587646484,466.2834777832031,273.683406829834,385.2001419067383,,3,"[65, 96]","[449, 484]","[[0, 14], [65, 96], [449, 484]]",
3204,val,25杭州,894,E:\桌面\v-Net\dataset\26合并\25杭州\894_0.0000.jpg,0.0,0.54,411.0226745605469,640,480,ok,0.08953068256378174,1.0,259,320.0,238.4014129638672,458.8982238769531,348.64981842041016,220.49681091308594,,4,"[229, 248]","[441, 476]","[[4, 103], [136, 182], [229, 248], [441, 476]]",
3205,val,25杭州,898,E:\桌面\v-Net\dataset\26合并\25杭州\898_0.0000.jpg,0.0,0.54,411.0226745605469,640,480,ok,-0.179875385761261,1.0,259,320.0,72.85420989990234,452.0255432128906,262.4398765563965,379.1713333129883,,3,"[50, 95]","[430, 476]","[[50, 95], [430, 476], [517, 639]]",
3206,val,25杭州,902,E:\桌面\v-Net\dataset\26合并\25杭州\902_0.0000.jpg,0.0,0.54,411.0226745605469,640,480,ok,-0.1964373469352722,1.0,259,320.0,63.37317657470703,450.90692138671875,257.1400489807129,387.5337448120117,,2,"[40, 86]","[434, 469]","[[40, 86], [434, 469]]",
3207,val,25杭州,905,E:\桌面\v-Net\dataset\26合并\25杭州\905_0.0000.jpg,0.0,0.54,411.0226745605469,640,480,inferred_missing_right,-0.17122520208358766,0.6,259,320.0,59.696598052978516,470.7192726135254,265.20793533325195,411.0226745605469,411.0226745605469,1,,,"[[36, 83]]",
3208,val,25杭州,910,E:\桌面\v-Net\dataset\26合并\25杭州\910_-1.6000.jpg,-1.6,0.54,411.0226745605469,640,480,ok,0.20023784637451172,1.0,259,320.0,286.40582275390625,481.74639892578125,384.07611083984375,195.340576171875,,3,"[247, 327]","[464, 499]","[[137, 205], [247, 327], [464, 499]]",
3209,val,25杭州,912,E:\桌面\v-Net\dataset\26合并\25杭州\912_0.0000.jpg,0.0,0.54,411.0226745605469,640,480,ok,0.0032175540924072265,1.0,259,320.0,133.57952880859375,508.4797058105469,321.0296173095703,374.9001770019531,,2,"[110, 157]","[491, 529]","[[110, 157], [491, 529]]",
3210,val,25杭州,915,E:\桌面\v-Net\dataset\26合并\25杭州\915_-1.6000.jpg,-1.6,0.54,411.0226745605469,640,480,ok,0.10684256553649903,1.0,259,320.0,292.2767333984375,416.1025085449219,354.1896209716797,123.82577514648438,,3,"[253, 332]","[400, 432]","[[109, 162], [253, 332], [400, 432]]",
3211,val,25杭州,916,E:\桌面\v-Net\dataset\26合并\25杭州\916_-1.6000.jpg,-1.6,0.54,411.0226745605469,640,480,ok,0.09050207138061524,1.0,259,320.0,290.7174987792969,407.2038269042969,348.9606628417969,116.486328125,,3,"[252, 330]","[398, 416]","[[99, 148], [252, 330], [398, 416]]",
3212,val,25杭州,920,E:\桌面\v-Net\dataset\26合并\25杭州\920_-1.6000.jpg,-1.6,0.54,411.0226745605469,640,480,insufficient_yellow_edges,,0.0,259,320.0,,,,,,2,,,"[[0, 44], [244, 310]]",
3213,val,25杭州,922,E:\桌面\v-Net\dataset\26合并\25杭州\922_-1.6000.jpg,-1.6,0.54,411.0226745605469,640,480,ok,0.4439548015594482,1.0,259,320.0,291.0946350097656,633.0364379882812,462.06553649902344,341.9418029785156,,3,"[271, 312]","[625, 639]","[[187, 239], [271, 312], [625, 639]]",
3214,val,25杭州,938,E:\桌面\v-Net\dataset\26合并\25杭州\938_0.0000.jpg,0.0,0.54,411.0226745605469,640,480,ok,0.12302649021148682,1.0,259,320.0,167.97145080566406,550.7655029296875,359.3684768676758,382.79405212402344,,2,"[143, 192]","[532, 571]","[[143, 192], [532, 571]]",
3215,val,25杭州,940,E:\桌面\v-Net\dataset\26合并\25杭州\940_0.0000.jpg,0.0,0.54,411.0226745605469,640,480,ok,0.06504659652709961,1.0,259,320.0,150.75103759765625,530.8787841796875,340.8149108886719,380.12774658203125,,2,"[127, 174]","[512, 550]","[[127, 174], [512, 550]]",
3216,val,25杭州,941,E:\桌面\v-Net\dataset\26合并\25杭州\941_0.0000.jpg,0.0,0.54,411.0226745605469,640,480,ok,0.07048053741455078,1.0,259,320.0,152.00811767578125,533.0994262695312,342.55377197265625,381.09130859375,,2,"[128, 175]","[515, 552]","[[128, 175], [515, 552]]",
3217,val,25杭州,948,E:\桌面\v-Net\dataset\26合并\25杭州\948_0.0000.jpg,0.0,0.54,411.0226745605469,640,480,ok,0.20385174751281737,1.0,259,320.0,170.45010375976562,600.0150146484375,385.23255920410156,429.5649108886719,,2,"[145, 196]","[565, 639]","[[145, 196], [565, 639]]",
3218,val,25杭州,953,E:\桌面\v-Net\dataset\26合并\25杭州\953_0.0000.jpg,0.0,0.54,411.0226745605469,640,480,inferred_missing_right,0.2730220317840576,0.6,259,320.0,201.855712890625,612.8783874511719,407.36705017089844,411.0226745605469,411.0226745605469,1,,,"[[172, 231]]",
3219,val,25杭州,954,E:\桌面\v-Net\dataset\26合并\25杭州\954_0.0000.jpg,0.0,0.54,411.0226745605469,640,480,inferred_missing_right,0.3052877426147461,0.6,259,320.0,212.1807403564453,623.2034149169922,417.69207763671875,411.0226745605469,411.0226745605469,1,,,"[[182, 243]]",
3220,val,25杭州,966,E:\桌面\v-Net\dataset\26合并\25杭州\966_-1.5000.jpg,-1.5,0.54,411.0226745605469,640,480,inferred_missing_right,0.42792773246765137,0.6,259,320.0,274.8737487792969,639.0,456.93687438964844,364.1262512207031,411.0226745605469,1,,,"[[237, 313]]",
3221,val,25杭州,975,E:\桌面\v-Net\dataset\26合并\25杭州\975_-1.5000.jpg,-1.5,0.54,411.0226745605469,640,480,inferred_missing_right,0.391359806060791,0.6,259,320.0,251.47027587890625,639.0,445.2351379394531,387.52972412109375,411.0226745605469,1,,,"[[215, 289]]",
3222,val,25杭州,1001,E:\桌面\v-Net\dataset\26合并\25杭州\1001_0.0000.jpg,0.0,0.54,411.0226745605469,640,480,ok,0.05645344257354736,1.0,259,320.0,195.0520782470703,481.078125,338.06510162353516,286.0260467529297,,3,"[183, 205]","[467, 495]","[[85, 131], [183, 205], [467, 495]]",
3223,val,25杭州,1010,E:\桌面\v-Net\dataset\26合并\25杭州\1010_-1.5000.jpg,-1.5,0.54,411.0226745605469,640,480,insufficient_yellow_edges,,0.0,259,320.0,,,,,,0,,,[],
3224,val,25杭州,1012,E:\桌面\v-Net\dataset\26合并\25杭州\1012_-1.5000.jpg,-1.5,0.54,411.0226745605469,640,480,ok,0.17290163040161133,1.0,259,320.0,264.498291015625,486.15875244140625,375.3285217285156,221.66046142578125,,3,"[255, 277]","[470, 503]","[[84, 131], [255, 277], [470, 503]]",
3225,val,25杭州,1020,E:\桌面\v-Net\dataset\26合并\25杭州\1020_1.6400.jpg,1.64,0.54,411.0226745605469,640,480,insufficient_yellow_edges,,0.0,259,320.0,,,,,,0,,,[],
3226,val,25杭州,1035,E:\桌面\v-Net\dataset\26合并\25杭州\1035_0.0000.jpg,0.0,0.54,411.0226745605469,640,480,insufficient_yellow_edges,,0.0,259,320.0,,,,,,0,,,[],
3227,val,25杭州,1039,E:\桌面\v-Net\dataset\26合并\25杭州\1039_0.0000.jpg,0.0,0.54,411.0226745605469,640,480,insufficient_yellow_edges,,0.0,259,320.0,,,,,,0,,,[],
3228,val,25杭州,1041,E:\桌面\v-Net\dataset\26合并\25杭州\1041_0.0000.jpg,0.0,0.54,411.0226745605469,640,480,insufficient_yellow_edges,,0.0,259,320.0,,,,,,0,,,[],
3229,val,25杭州,1043,E:\桌面\v-Net\dataset\26合并\25杭州\1043_0.0000.jpg,0.0,0.54,411.0226745605469,640,480,insufficient_yellow_edges,,0.0,259,320.0,,,,,,0,,,[],
3230,val,25杭州,1044,E:\桌面\v-Net\dataset\26合并\25杭州\1044_1.5000.jpg,1.5,0.54,411.0226745605469,640,480,insufficient_yellow_edges,,0.0,259,320.0,,,,,,0,,,[],
3231,val,25杭州,1047,E:\桌面\v-Net\dataset\26合并\25杭州\1047_1.5000.jpg,1.5,0.54,411.0226745605469,640,480,insufficient_yellow_edges,,0.0,259,320.0,,,,,,0,,,[],
3232,val,25杭州,1065,E:\桌面\v-Net\dataset\26合并\25杭州\1065_-1.5000.jpg,-1.5,0.54,411.0226745605469,640,480,inferred_missing_right,0.01304795742034912,0.6,259,320.0,118.66400909423828,529.6866836547852,324.1753463745117,411.0226745605469,411.0226745605469,1,,,"[[65, 171]]",
3233,val,25杭州,1073,E:\桌面\v-Net\dataset\26合并\25杭州\1073_-1.5000.jpg,-1.5,0.54,411.0226745605469,640,480,inferred_missing_right,0.3999751567840576,0.6,259,320.0,256.9841003417969,639.0,447.99205017089844,382.0158996582031,411.0226745605469,1,,,"[[214, 299]]",
3234,val,25杭州,1075,E:\桌面\v-Net\dataset\26合并\25杭州\1075_-1.5000.jpg,-1.5,0.54,411.0226745605469,640,480,ok,0.3962384223937988,1.0,259,320.0,259.5230712890625,634.0695190429688,446.7962951660156,374.54644775390625,,2,"[225, 291]","[627, 639]","[[225, 291], [627, 639]]",
3235,val,25杭州,1079,E:\桌面\v-Net\dataset\26合并\25杭州\1079_-1.5000.jpg,-1.5,0.54,411.0226745605469,640,480,ok,0.3039776563644409,1.0,259,320.0,233.15245056152344,601.3932495117188,417.2728500366211,368.2407989501953,,2,"[210, 253]","[578, 625]","[[210, 253], [578, 625]]",
3236,val,25杭州,1083,E:\桌面\v-Net\dataset\26合并\25杭州\1083_-1.5000.jpg,-1.5,0.54,411.0226745605469,640,480,ok,0.024318003654479982,1.0,259,320.0,133.8353729248047,521.7281494140625,327.7817611694336,387.8927764892578,,2,"[110, 156]","[496, 548]","[[110, 156], [496, 548]]",
3237,val,25杭州,1110,E:\桌面\v-Net\dataset\26合并\25杭州\1110_1.6400.jpg,1.64,0.54,411.0226745605469,640,480,insufficient_yellow_edges,,0.0,259,320.0,,,,,,0,,,[],
3238,val,25杭州,1117,E:\桌面\v-Net\dataset\26合并\25杭州\1117_1.6400.jpg,1.64,0.54,411.0226745605469,640,480,inferred_missing_right,-0.1901958703994751,0.6,259,320.0,53.62598419189453,464.6486587524414,259.13732147216797,411.0226745605469,411.0226745605469,1,,,"[[32, 74]]",
3239,val,25杭州,1122,E:\桌面\v-Net\dataset\26合并\25杭州\1122_-1.5000.jpg,-1.5,0.54,411.0226745605469,640,480,ok,0.07872731685638427,1.0,259,320.0,234.2171173095703,456.1683654785156,345.19274139404297,221.9512481689453,,3,"[208, 257]","[440, 473]","[[43, 90], [208, 257], [440, 473]]",
3240,val,25杭州,1126,E:\桌面\v-Net\dataset\26合并\25杭州\1126_0.0000.jpg,0.0,0.54,411.0226745605469,640,480,insufficient_yellow_edges,,0.0,259,320.0,,,,,,0,,,[],
3241,val,25杭州,1129,E:\桌面\v-Net\dataset\26合并\25杭州\1129_0.0000.jpg,0.0,0.54,411.0226745605469,640,480,insufficient_yellow_edges,,0.0,259,320.0,,,,,,0,,,[],
3242,val,25杭州,1130,E:\桌面\v-Net\dataset\26合并\25杭州\1130_0.0000.jpg,0.0,0.54,411.0226745605469,640,480,insufficient_yellow_edges,,0.0,259,320.0,,,,,,0,,,[],
3243,val,25杭州,1138,E:\桌面\v-Net\dataset\26合并\25杭州\1138_1.5000.jpg,1.5,0.54,411.0226745605469,640,480,insufficient_yellow_edges,,0.0,259,320.0,,,,,,0,,,[],
3244,val,25杭州,1143,E:\桌面\v-Net\dataset\26合并\25杭州\1143_1.5000.jpg,1.5,0.54,411.0226745605469,640,480,insufficient_yellow_edges,,0.0,259,320.0,,,,,,0,,,[],
3245,val,25杭州,1178,E:\桌面\v-Net\dataset\26合并\25杭州\1178_-1.5000.jpg,-1.5,0.54,411.0226745605469,640,480,inferred_missing_right,0.3903425931930542,0.6,259,320.0,250.8192596435547,639.0,444.90962982177734,388.1807403564453,411.0226745605469,1,,,"[[216, 287]]",
3246,val,25杭州,1180,E:\桌面\v-Net\dataset\26合并\25杭州\1180_-1.5000.jpg,-1.5,0.54,411.0226745605469,640,480,inferred_missing_right,0.30873913764953614,0.6,259,320.0,213.28518676757812,624.307861328125,418.79652404785156,411.0226745605469,411.0226745605469,1,,,"[[189, 239]]",
3247,val,25杭州,1189,E:\桌面\v-Net\dataset\26合并\25杭州\1189_1.6400.jpg,1.64,0.54,411.0226745605469,640,480,insufficient_yellow_edges,,0.0,259,320.0,,,,,,0,,,[],
3248,val,25杭州,1202,E:\桌面\v-Net\dataset\26合并\25杭州\1202_1.6400.jpg,1.64,0.54,411.0226745605469,640,480,insufficient_yellow_edges,,0.0,259,320.0,,,,,,0,,,[],
3249,val,25杭州,1211,E:\桌面\v-Net\dataset\26合并\25杭州\1211_0.0000.jpg,0.0,0.54,411.0226745605469,640,480,insufficient_yellow_edges,,0.0,259,320.0,,,,,,0,,,[],
3250,val,25杭州,1212,E:\桌面\v-Net\dataset\26合并\25杭州\1212_0.0000.jpg,0.0,0.54,411.0226745605469,640,480,insufficient_yellow_edges,,0.0,259,320.0,,,,,,0,,,[],
3251,val,25杭州,1228,E:\桌面\v-Net\dataset\26合并\25杭州\1228_1.5000.jpg,1.5,0.54,411.0226745605469,640,480,insufficient_yellow_edges,,0.0,259,320.0,,,,,,0,,,[],
3252,val,25杭州,1231,E:\桌面\v-Net\dataset\26合并\25杭州\1231_1.5000.jpg,1.5,0.54,411.0226745605469,640,480,insufficient_yellow_edges,,0.0,259,320.0,,,,,,0,,,[],
3253,val,25杭州,1232,E:\桌面\v-Net\dataset\26合并\25杭州\1232_-1.5000.jpg,-1.5,0.54,411.0226745605469,640,480,ok,0.04813838005065918,1.0,259,320.0,268.87030029296875,401.9382629394531,335.40428161621094,133.06796264648438,,4,"[260, 280]","[388, 416]","[[0, 49], [201, 214], [260, 280], [388, 416]]",
3254,val,25杭州,1233,E:\桌面\v-Net\dataset\26合并\25杭州\1233_1.5000.jpg,1.5,0.54,411.0226745605469,640,480,insufficient_yellow_edges,,0.0,259,320.0,,,,,,0,,,[],
3255,val,25杭州,1246,E:\桌面\v-Net\dataset\26合并\25杭州\1246_-1.5000.jpg,-1.5,0.54,411.0226745605469,640,480,inferred_missing_right,0.42967848777770995,0.6,259,320.0,275.9942321777344,639.0,457.4971160888672,363.0057678222656,411.0226745605469,1,,,"[[211, 338]]",
3256,val,25杭州,1256,E:\桌面\v-Net\dataset\26合并\25杭州\1256_-1.5000.jpg,-1.5,0.54,411.0226745605469,640,480,inferred_missing_right,0.4952213287353516,0.6,259,320.0,317.941650390625,639.0,478.4708251953125,321.058349609375,411.0226745605469,1,,,"[[295, 339]]",
3257,val,25杭州,1258,E:\桌面\v-Net\dataset\26合并\25杭州\1258_-1.5000.jpg,-1.5,0.54,411.0226745605469,640,480,ok,0.430479621887207,1.0,259,320.0,285.13427734375,630.3726806640625,457.75347900390625,345.2384033203125,,2,"[268, 301]","[617, 639]","[[268, 301], [617, 639]]",
3258,val,25杭州,1267,E:\桌面\v-Net\dataset\26合并\25杭州\1267_-1.5000.jpg,-1.5,0.54,411.0226745605469,640,480,inferred_missing_right,0.415912389755249,0.6,259,320.0,267.1839294433594,639.0,453.0919647216797,371.8160705566406,411.0226745605469,1,,,"[[228, 320]]",
3259,val,25杭州,1286,E:\桌面\v-Net\dataset\26合并\25杭州\1286_1.6400.jpg,1.64,0.54,411.0226745605469,640,480,insufficient_yellow_edges,,0.0,259,320.0,,,,,,0,,,[],
3260,val,25杭州,1288,E:\桌面\v-Net\dataset\26合并\25杭州\1288_-1.5000.jpg,-1.5,0.54,411.0226745605469,640,480,ok,0.10680384635925293,1.0,259,320.0,242.99044799804688,465.364013671875,354.17723083496094,222.37356567382812,,3,"[231, 259]","[448, 483]","[[62, 109], [231, 259], [448, 483]]",
3261,val,25杭州,1291,E:\桌面\v-Net\dataset\26合并\25杭州\1291_1.6400.jpg,1.64,0.54,411.0226745605469,640,480,insufficient_yellow_edges,,0.0,259,320.0,,,,,,0,,,[],
3262,val,25杭州,1294,E:\桌面\v-Net\dataset\26合并\25杭州\1294_1.6400.jpg,1.64,0.54,411.0226745605469,640,480,inferred_missing_right,-0.2863544523715973,0.6,259,320.0,22.85523796081543,433.8779125213623,228.36657524108887,411.0226745605469,411.0226745605469,1,,,"[[0, 45]]",
3263,val,25杭州,1295,E:\桌面\v-Net\dataset\26合并\25杭州\1295_1.6400.jpg,1.64,0.54,411.0226745605469,640,480,inferred_missing_right,-0.18976342678070068,0.6,259,320.0,53.764366149902344,464.7870407104492,259.2757034301758,411.0226745605469,411.0226745605469,1,,,"[[31, 75]]",
3264,val,25杭州,1297,E:\桌面\v-Net\dataset\26合并\25杭州\1297_0.0000.jpg,0.0,0.54,411.0226745605469,640,480,inferred_missing_right,-0.058897995948791505,0.6,259,320.0,95.64130401611328,506.66397857666016,301.1526412963867,411.0226745605469,411.0226745605469,1,,,"[[77, 114]]",
3265,val,25杭州,1301,E:\桌面\v-Net\dataset\26合并\25杭州\1301_0.0000.jpg,0.0,0.54,411.0226745605469,640,480,insufficient_yellow_edges,,0.0,259,320.0,,,,,,0,,,[],
3266,val,25杭州,1307,E:\桌面\v-Net\dataset\26合并\25杭州\1307_0.0000.jpg,0.0,0.54,411.0226745605469,640,480,insufficient_yellow_edges,,0.0,259,320.0,,,,,,0,,,[],
3267,val,25杭州,1317,E:\桌面\v-Net\dataset\26合并\25杭州\1317_1.5000.jpg,1.5,0.54,411.0226745605469,640,480,insufficient_yellow_edges,,0.0,259,320.0,,,,,,0,,,[],
3268,val,25杭州,1318,E:\桌面\v-Net\dataset\26合并\25杭州\1318_1.5000.jpg,1.5,0.54,411.0226745605469,640,480,insufficient_yellow_edges,,0.0,259,320.0,,,,,,0,,,[],
3269,val,25杭州,1320,E:\桌面\v-Net\dataset\26合并\25杭州\1320_1.5000.jpg,1.5,0.54,411.0226745605469,640,480,insufficient_yellow_edges,,0.0,259,320.0,,,,,,0,,,[],
3270,val,25杭州,1326,E:\桌面\v-Net\dataset\26合并\25杭州\1326_1.5000.jpg,1.5,0.54,411.0226745605469,640,480,ok,-0.12876324057579042,1.0,259,320.0,34.22012710571289,523.3713989257812,278.79576301574707,489.15127182006836,,2,"[0, 75]","[500, 549]","[[0, 75], [500, 549]]",
3271,val,25杭州,1335,E:\桌面\v-Net\dataset\26合并\25杭州\1335_-1.5000.jpg,-1.5,0.54,411.0226745605469,640,480,inferred_missing_right,0.44564175605773926,0.6,259,320.0,286.2107238769531,639.0,462.60536193847656,352.7892761230469,411.0226745605469,1,,,"[[225, 345]]",
3272,val,25杭州,1342,E:\桌面\v-Net\dataset\26合并\25杭州\1342_-1.5000.jpg,-1.5,0.54,411.0226745605469,640,480,inferred_missing_left,-0.46961703300476076,0.6,259,320.0,0.0,339.4450988769531,169.72254943847656,339.4450988769531,411.0226745605469,1,,,"[[309, 367]]",
3273,val,25杭州,1355,E:\桌面\v-Net\dataset\26合并\25杭州\1355_1.5100.jpg,1.51,0.54,411.0226745605469,640,480,insufficient_yellow_edges,,0.0,259,320.0,,,,,,2,,,"[[303, 377], [441, 639]]",
3274,val,25杭州,1356,E:\桌面\v-Net\dataset\26合并\25杭州\1356_1.5100.jpg,1.51,0.54,411.0226745605469,640,480,insufficient_yellow_edges,,0.0,259,320.0,,,,,,2,,,"[[366, 420], [440, 639]]",
3275,val,25杭州,1367,E:\桌面\v-Net\dataset\26合并\25杭州\1367_1.5100.jpg,1.51,0.54,411.0226745605469,640,480,insufficient_yellow_edges,,0.0,259,320.0,,,,,,2,,,"[[522, 567], [590, 639]]",
3276,val,25杭州,1368,E:\桌面\v-Net\dataset\26合并\25杭州\1368_1.5100.jpg,1.51,0.54,411.0226745605469,640,480,insufficient_yellow_edges,,0.0,259,320.0,,,,,,2,,,"[[553, 598], [625, 639]]",
3277,val,25杭州,1379,E:\桌面\v-Net\dataset\26合并\25杭州\1379_1.5100.jpg,1.51,0.54,411.0226745605469,640,480,ok,-0.1895066574215889,1.0,259,320.0,12.349162101745605,506.3665771484375,259.35786962509155,494.0174150466919,,2,"[0, 28]","[479, 532]","[[0, 28], [479, 532]]",
3278,val,25杭州,1384,E:\桌面\v-Net\dataset\26合并\25杭州\1384_1.5100.jpg,1.51,0.54,411.0226745605469,640,480,inferred_missing_right,0.04810490608215332,0.6,259,320.0,129.88223266601562,540.9049072265625,335.39356994628906,411.0226745605469,411.0226745605469,1,,,"[[78, 178]]",
3279,val,25杭州,1406,E:\桌面\v-Net\dataset\26合并\25杭州\1406_1.7200.jpg,1.72,0.54,411.0226745605469,640,480,inferred_missing_left,-0.4678863525390625,0.6,259,320.0,0.0,340.552734375,170.2763671875,340.552734375,411.0226745605469,1,,,"[[292, 390]]",
3280,val,25杭州,1408,E:\桌面\v-Net\dataset\26合并\25杭州\1408_1.7200.jpg,1.72,0.54,411.0226745605469,640,480,inferred_missing_left,-0.46753177642822263,0.6,259,320.0,0.0,340.7796630859375,170.38983154296875,340.7796630859375,411.0226745605469,1,,,"[[300, 382]]",
3281,val,25杭州,1410,E:\桌面\v-Net\dataset\26合并\25杭州\1410_1.5100.jpg,1.51,0.54,411.0226745605469,640,480,insufficient_yellow_edges,,0.0,259,320.0,,,,,,2,,,"[[325, 392], [437, 639]]",
3282,val,25杭州,1411,E:\桌面\v-Net\dataset\26合并\25杭州\1411_1.7200.jpg,1.72,0.54,411.0226745605469,640,480,inferred_missing_left,-0.45154519081115724,0.6,259,320.0,0.0,351.0110778808594,175.5055389404297,351.0110778808594,411.0226745605469,1,,,"[[316, 387]]",
3283,val,25杭州,1417,E:\桌面\v-Net\dataset\26合并\25杭州\1417_1.7200.jpg,1.72,0.54,411.0226745605469,640,480,ok,-0.2465088665485382,1.0,259,320.0,45.04130172729492,437.1930236816406,241.11716270446777,392.1517219543457,,2,"[23, 66]","[411, 464]","[[23, 66], [411, 464]]",
3284,val,25杭州,1418,E:\桌面\v-Net\dataset\26合并\25杭州\1418_0.0000.jpg,0.0,0.54,411.0226745605469,640,480,ok,-0.20130940079689025,1.0,259,320.0,62.269161224365234,448.892822265625,255.58099174499512,386.62366104125977,,2,"[41, 83]","[423, 475]","[[41, 83], [423, 475]]",
3285,val,25杭州,1426,E:\桌面\v-Net\dataset\26合并\25杭州\1426_0.0000.jpg,0.0,0.54,411.0226745605469,640,480,ok,-0.20411432385444642,1.0,259,320.0,48.4209098815918,460.9459228515625,254.68341636657715,412.5250129699707,,2,"[0, 93]","[438, 485]","[[0, 93], [438, 485]]",
3286,val,25杭州,1438,E:\桌面\v-Net\dataset\26合并\25杭州\1438_0.0000.jpg,0.0,0.54,411.0226745605469,640,480,insufficient_yellow_edges,,0.0,259,320.0,,,,,,0,,,[],
3287,val,25杭州,1449,E:\桌面\v-Net\dataset\26合并\25杭州\1449_1.5100.jpg,1.51,0.54,411.0226745605469,640,480,insufficient_yellow_edges,,0.0,259,320.0,,,,,,2,,,"[[399, 444], [469, 544]]",
3288,val,25杭州,1450,E:\桌面\v-Net\dataset\26合并\25杭州\1450_1.5100.jpg,1.51,0.54,411.0226745605469,640,480,insufficient_yellow_edges,,0.0,259,320.0,,,,,,2,,,"[[411, 454], [480, 557]]",
3289,val,25杭州,1456,E:\桌面\v-Net\dataset\26合并\25杭州\1456_1.5100.jpg,1.51,0.54,411.0226745605469,640,480,insufficient_yellow_edges,,0.0,259,320.0,,,,,,2,,,"[[522, 564], [590, 639]]",
3290,val,25杭州,1457,E:\桌面\v-Net\dataset\26合并\25杭州\1457_1.5100.jpg,1.51,0.54,411.0226745605469,640,480,insufficient_yellow_edges,,0.0,259,320.0,,,,,,2,,,"[[540, 581], [608, 639]]",
3291,val,25杭州,1467,E:\桌面\v-Net\dataset\26合并\25杭州\1467_1.5100.jpg,1.51,0.54,411.0226745605469,640,480,inferred_missing_left,-0.1893784999847412,0.6,259,320.0,53.887542724609375,464.91021728515625,259.3988800048828,411.0226745605469,411.0226745605469,1,,,"[[437, 492]]",
3292,val,25杭州,1470,E:\桌面\v-Net\dataset\26合并\25杭州\1470_1.5100.jpg,1.51,0.54,411.0226745605469,640,480,ok,0.022868400812149046,1.0,259,320.0,32.58090591430664,622.0548706054688,327.3178882598877,589.4739646911621,,2,"[0, 72]","[598, 639]","[[0, 72], [598, 639]]",
3293,val,25杭州,1485,E:\桌面\v-Net\dataset\26合并\25杭州\1485_-1.6200.jpg,-1.62,0.54,411.0226745605469,640,480,inferred_missing_left,0.10619168281555176,0.6,259,320.0,148.47000122070312,559.49267578125,353.98133850097656,411.0226745605469,411.0226745605469,1,,,"[[490, 629]]",
3294,val,25杭州,1486,E:\桌面\v-Net\dataset\26合并\25杭州\1486_1.7200.jpg,1.72,0.54,411.0226745605469,640,480,inferred_missing_left,0.0381126880645752,0.6,259,320.0,126.68472290039062,537.7073974609375,332.19606018066406,411.0226745605469,411.0226745605469,1,,,"[[465, 612]]",
3295,val,25杭州,1505,E:\桌面\v-Net\dataset\26合并\25杭州\1505_1.7200.jpg,1.72,0.54,411.0226745605469,640,480,ok,-0.2335931181907654,1.0,259,320.0,50.303199768066406,440.19720458984375,245.25020217895508,389.89400482177734,,2,"[30, 70]","[414, 466]","[[30, 70], [414, 466]]",
3296,val,25杭州,1508,E:\桌面\v-Net\dataset\26合并\25杭州\1508_0.0000.jpg,0.0,0.54,411.0226745605469,640,480,ok,-0.1275359034538269,1.0,259,320.0,88.2337417602539,470.1432800292969,279.1885108947754,381.90953826904297,,2,"[68, 108]","[447, 493]","[[68, 108], [447, 493]]",
3297,val,25杭州,1514,E:\桌面\v-Net\dataset\26合并\25杭州\1514_0.0000.jpg,0.0,0.54,411.0226745605469,640,480,ok,-0.1905004858970642,1.0,259,320.0,57.844398498535156,460.23529052734375,259.03984451293945,402.3908920288086,,2,"[0, 98]","[438, 483]","[[0, 98], [438, 483]]",
3298,val,25杭州,1515,E:\桌面\v-Net\dataset\26合并\25杭州\1515_0.0000.jpg,0.0,0.54,411.0226745605469,640,480,ok,-0.20157282948493957,1.0,259,320.0,52.7547721862793,458.2386169433594,255.49669456481934,405.4838447570801,,2,"[0, 95]","[437, 481]","[[0, 95], [437, 481]]",
3299,val,25杭州,1518,E:\桌面\v-Net\dataset\26合并\25杭州\1518_0.0000.jpg,0.0,0.54,411.0226745605469,640,480,inferred_missing_left,-0.062023496627807616,0.6,259,320.0,94.64114379882812,505.663818359375,300.15248107910156,411.0226745605469,411.0226745605469,1,,,"[[438, 588]]",
3300,val,25杭州,1526,E:\桌面\v-Net\dataset\26合并\25杭州\1526_0.0000.jpg,0.0,0.54,411.0226745605469,640,480,insufficient_yellow_edges,,0.0,259,320.0,,,,,,0,,,[],
3301,val,25杭州,1529,E:\桌面\v-Net\dataset\26合并\25杭州\1529_1.5100.jpg,1.51,0.54,411.0226745605469,640,480,insufficient_yellow_edges,,0.0,259,320.0,,,,,,3,,,"[[317, 369], [394, 477], [484, 639]]",
3302,val,25杭州,1534,E:\桌面\v-Net\dataset\26合并\25杭州\1534_1.5100.jpg,1.51,0.54,411.0226745605469,640,480,insufficient_yellow_edges,,0.0,259,320.0,,,,,,2,,,"[[356, 404], [429, 639]]",
3303,val,25杭州,1537,E:\桌面\v-Net\dataset\26合并\25杭州\1537_1.5100.jpg,1.51,0.54,411.0226745605469,640,480,insufficient_yellow_edges,,0.0,259,320.0,,,,,,3,,,"[[394, 438], [463, 590], [606, 639]]",
3304,val,25杭州,1551,E:\桌面\v-Net\dataset\26合并\25杭州\1551_1.5100.jpg,1.51,0.54,411.0226745605469,640,480,insufficient_yellow_edges,,0.0,259,320.0,,,,,,0,,,[],
3305,val,25杭州,1563,E:\桌面\v-Net\dataset\26合并\25杭州\1563_1.5100.jpg,1.51,0.54,411.0226745605469,640,480,ok,0.27349233627319336,1.0,259,320.0,296.62030029296875,518.414794921875,407.5175476074219,221.79449462890625,,2,"[256, 336]","[361, 639]","[[256, 336], [361, 639]]",
3306,val,25杭州,1566,E:\桌面\v-Net\dataset\26合并\25杭州\1566_-1.6200.jpg,-1.62,0.54,411.0226745605469,640,480,inferred_missing_right,0.28000240325927733,0.6,259,320.0,204.0894317626953,615.1121063232422,409.60076904296875,411.0226745605469,411.0226745605469,1,,,"[[176, 230]]",
3307,val,25杭州,1568,E:\桌面\v-Net\dataset\26合并\25杭州\1568_-1.6200.jpg,-1.62,0.54,411.0226745605469,640,480,inferred_missing_right,0.2182326316833496,0.6,259,320.0,184.32310485839844,595.3457794189453,389.8344421386719,411.0226745605469,411.0226745605469,1,,,"[[162, 205]]",
3308,val,25杭州,1571,E:\桌面\v-Net\dataset\26合并\25杭州\1571_-1.6200.jpg,-1.62,0.54,411.0226745605469,640,480,ok,0.15674896240234376,1.0,259,320.0,113.5693359375,626.75,370.15966796875,513.1806640625,,2,"[92, 134]","[612, 639]","[[92, 134], [612, 639]]",
3309,val,25杭州,1574,E:\桌面\v-Net\dataset\26合并\25杭州\1574_1.5100.jpg,1.51,0.54,411.0226745605469,640,480,ok,0.27516465187072753,1.0,259,320.0,299.9282531738281,516.1771240234375,408.0526885986328,216.24887084960938,,2,"[260, 339]","[361, 639]","[[260, 339], [361, 639]]",
3310,val,25杭州,1576,E:\桌面\v-Net\dataset\26合并\25杭州\1576_1.7200.jpg,1.72,0.54,411.0226745605469,640,480,inferred_missing_left,0.11738953590393067,0.6,259,320.0,152.05331420898438,563.0759887695312,357.5646514892578,411.0226745605469,411.0226745605469,1,,,"[[490, 637]]",
3311,val,25杭州,1584,E:\桌面\v-Net\dataset\26合并\25杭州\1584_1.7200.jpg,1.72,0.54,411.0226745605469,640,480,inferred_missing_left,-0.442641544342041,0.6,259,320.0,0.0,356.70941162109375,178.35470581054688,356.70941162109375,411.0226745605469,1,,,"[[314, 400]]",
3312,val,25杭州,1587,E:\桌面\v-Net\dataset\26合并\25杭州\1587_1.7200.jpg,1.72,0.54,411.0226745605469,640,480,inferred_missing_left,-0.43456106185913085,0.6,259,320.0,0.0,361.88092041015625,180.94046020507812,361.88092041015625,411.0226745605469,1,,,"[[324, 400]]",
3313,val,25杭州,1589,E:\桌面\v-Net\dataset\26合并\25杭州\1589_1.7200.jpg,1.72,0.54,411.0226745605469,640,480,inferred_missing_left,-0.4075653076171875,0.6,259,320.0,0.0,379.158203125,189.5791015625,379.158203125,411.0226745605469,1,,,"[[346, 413]]",
3314,val,25杭州,1601,E:\桌面\v-Net\dataset\26合并\25杭州\1601_0.0000.jpg,0.0,0.54,411.0226745605469,640,480,ok,-0.11247674226760865,1.0,259,320.0,92.3039779663086,475.7109069824219,284.00744247436523,383.4069290161133,,2,"[71, 112]","[453, 500]","[[71, 112], [453, 500]]",
3315,val,25杭州,1621,E:\桌面\v-Net\dataset\26合并\25杭州\1621_1.5100.jpg,1.51,0.54,411.0226745605469,640,480,insufficient_yellow_edges,,0.0,259,320.0,,,,,,2,,,"[[341, 391], [416, 639]]",
3316,val,25杭州,1624,E:\桌面\v-Net\dataset\26合并\25杭州\1624_1.5100.jpg,1.51,0.54,411.0226745605469,640,480,insufficient_yellow_edges,,0.0,259,320.0,,,,,,3,,,"[[386, 432], [457, 568], [581, 639]]",
3317,val,25杭州,1629,E:\桌面\v-Net\dataset\26合并\25杭州\1629_1.5100.jpg,1.51,0.54,411.0226745605469,640,480,insufficient_yellow_edges,,0.0,259,320.0,,,,,,2,,,"[[469, 511], [538, 639]]",
3318,val,25杭州,1642,E:\桌面\v-Net\dataset\26合并\25杭州\1642_1.5100.jpg,1.51,0.54,411.0226745605469,640,480,inferred_missing_left,-0.3358956813812256,0.6,259,320.0,7.002044677734375,418.02471923828125,212.5133819580078,411.0226745605469,411.0226745605469,1,,,"[[399, 437]]",
3319,val,25杭州,1644,E:\桌面\v-Net\dataset\26合并\25杭州\1644_1.5100.jpg,1.51,0.54,411.0226745605469,640,480,ok,-0.1744943991303444,1.0,259,320.0,10.03787899017334,518.2857055664062,264.1617922782898,508.2478265762329,,2,"[0, 23]","[490, 546]","[[0, 23], [490, 546]]",
3320,val,25杭州,1645,E:\桌面\v-Net\dataset\26合并\25杭州\1645_1.5100.jpg,1.51,0.54,411.0226745605469,640,480,ok,-0.11271854937076568,1.0,259,320.0,18.91756248474121,548.9425659179688,283.930064201355,530.0250034332275,,2,"[0, 43]","[520, 576]","[[0, 43], [520, 576]]",
3321,val,25杭州,1649,E:\桌面\v-Net\dataset\26合并\25杭州\1649_1.5100.jpg,1.51,0.54,411.0226745605469,640,480,inferred_missing_right,-0.037019968032836914,0.6,259,320.0,102.64227294921875,513.6649475097656,308.1536102294922,411.0226745605469,411.0226745605469,1,,,"[[46, 155]]",
3322,val,25杭州,1656,E:\桌面\v-Net\dataset\26合并\25杭州\1656_-1.6200.jpg,-1.62,0.54,411.0226745605469,640,480,inferred_missing_right,0.2095463752746582,0.6,259,320.0,181.5435028076172,592.5661773681641,387.0548400878906,411.0226745605469,411.0226745605469,1,,,"[[157, 205]]",
3323,val,25杭州,1662,E:\桌面\v-Net\dataset\26合并\25杭州\1662_-1.6200.jpg,-1.62,0.54,411.0226745605469,640,480,ok,-0.07727927938103676,1.0,259,320.0,3.0609755516052246,587.4802856445312,295.27063059806824,584.419310092926,,2,"[0, 7]","[530, 639]","[[0, 7], [530, 639]]",
3324,val,25杭州,1663,E:\桌面\v-Net\dataset\26合并\25杭州\1663_1.5100.jpg,1.51,0.54,411.0226745605469,640,480,ok,0.31143808364868164,1.0,259,320.0,314.6856689453125,524.6347045898438,419.6601867675781,209.94903564453125,,2,"[279, 351]","[376, 639]","[[279, 351], [376, 639]]",
3325,val,25杭州,1664,E:\桌面\v-Net\dataset\26合并\25杭州\1664_-1.6200.jpg,-1.62,0.54,411.0226745605469,640,480,inferred_missing_left,0.10955491065979003,0.6,259,320.0,149.54623413085938,560.5689086914062,355.0575714111328,411.0226745605469,411.0226745605469,1,,,"[[489, 633]]",
3326,val,25杭州,1668,E:\桌面\v-Net\dataset\26合并\25杭州\1668_1.7200.jpg,1.72,0.54,411.0226745605469,640,480,inferred_missing_left,-0.36226701736450195,0.6,259,320.0,0.0,408.14910888671875,204.07455444335938,408.14910888671875,411.0226745605469,1,,,"[[338, 479]]",
3327,val,25杭州,1679,E:\桌面\v-Net\dataset\26合并\25杭州\1679_1.7200.jpg,1.72,0.54,411.0226745605469,640,480,inferred_missing_left,-0.4275543212890625,0.6,259,320.0,0.0,366.365234375,183.1826171875,366.365234375,411.0226745605469,1,,,"[[337, 397]]",
3328,val,25杭州,1681,E:\桌面\v-Net\dataset\26合并\25杭州\1681_1.7200.jpg,1.72,0.54,411.0226745605469,640,480,inferred_missing_left,-0.38395371437072756,0.6,259,320.0,0.0,394.2696228027344,197.1348114013672,394.2696228027344,411.0226745605469,1,,,"[[365, 423]]",
3329,val,25杭州,1707,E:\桌面\v-Net\dataset\26合并\25杭州\1707_1.5100.jpg,1.51,0.54,411.0226745605469,640,480,insufficient_yellow_edges,,0.0,259,320.0,,,,,,3,,,"[[319, 375], [398, 470], [479, 639]]",
3330,val,25杭州,1717,E:\桌面\v-Net\dataset\26合并\25杭州\1717_0.0000.jpg,0.0,0.54,411.0226745605469,640,480,ok,0.01492314338684082,1.0,259,320.0,280.4205627441406,369.1302490234375,324.77540588378906,88.70968627929688,,5,"[259, 302]","[348, 391]","[[83, 137], [164, 212], [259, 302], [348, 391], [435, 639]]",
3331,val,25杭州,1726,E:\桌面\v-Net\dataset\26合并\25杭州\1726_0.0000.jpg,0.0,0.54,411.0226745605469,640,480,ok,0.018505334854125977,1.0,259,320.0,279.614990234375,372.2284240722656,325.9217071533203,92.61343383789062,,5,"[257, 301]","[350, 395]","[[93, 138], [191, 206], [257, 301], [350, 395], [442, 639]]",
3332,val,25杭州,1727,E:\桌面\v-Net\dataset\26合并\25杭州\1727_0.0000.jpg,0.0,0.54,411.0226745605469,640,480,ok,-0.04601738452911377,1.0,259,320.0,114.50148010253906,496.0473937988281,305.2744369506836,381.54591369628906,,2,"[92, 136]","[476, 517]","[[92, 136], [476, 517]]",
3333,val,25杭州,1732,E:\桌面\v-Net\dataset\26合并\25杭州\1732_0.0000.jpg,0.0,0.54,411.0226745605469,640,480,ok,-0.033602774143218994,1.0,259,320.0,114.66634368896484,503.827880859375,309.2471122741699,389.16153717041016,,2,"[92, 137]","[491, 517]","[[92, 137], [491, 517]]",
3334,val,25杭州,1737,E:\桌面\v-Net\dataset\26合并\25杭州\1737_0.0000.jpg,0.0,0.54,411.0226745605469,640,480,ok,-0.024128854274749756,1.0,259,320.0,122.3877944946289,502.16973876953125,312.2787666320801,379.78194427490234,,2,"[100, 144]","[481, 524]","[[100, 144], [481, 524]]",
3335,val,25杭州,1738,E:\桌面\v-Net\dataset\26合并\25杭州\1738_0.0000.jpg,0.0,0.54,411.0226745605469,640,480,ok,-0.023534202575683595,1.0,259,320.0,122.49160766601562,502.4465026855469,312.46905517578125,379.95489501953125,,2,"[100, 144]","[482, 524]","[[100, 144], [482, 524]]",
3336,val,25杭州,1739,E:\桌面\v-Net\dataset\26合并\25杭州\1739_0.0000.jpg,0.0,0.54,411.0226745605469,640,480,ok,-0.01959468126296997,1.0,259,320.0,122.54232025146484,504.9170837402344,313.7297019958496,382.37476348876953,,2,"[100, 144]","[486, 525]","[[100, 144], [486, 525]]",
3337,val,25杭州,1742,E:\桌面\v-Net\dataset\26合并\25杭州\1742_0.0000.jpg,0.0,0.54,411.0226745605469,640,480,ok,-0.03584902286529541,1.0,259,320.0,122.68107604980469,494.37554931640625,308.52831268310547,371.69447326660156,,2,"[100, 145]","[482, 506]","[[100, 145], [482, 506]]",
3338,val,25茂华,0,E:\桌面\v-Net\dataset\26合并\25茂华\2\2 (11)\0_0.0000.jpg,0.0,0.54,411.0226745605469,640,480,ok,-0.03694984912872314,1.0,259,320.0,99.91770935058594,516.4343872070312,308.1760482788086,416.5166778564453,,2,"[73, 126]","[491, 543]","[[73, 126], [491, 543]]",
3339,val,25茂华,0,E:\桌面\v-Net\dataset\26合并\25茂华\2\2 (17)\0_0.0000.jpg,0.0,0.54,411.0226745605469,640,480,ok,-0.05006047487258911,1.0,259,320.0,96.35015106201172,511.61114501953125,303.9806480407715,415.26099395751953,,2,"[70, 121]","[487, 537]","[[70, 121], [487, 537]]",
3340,val,25茂华,0,E:\桌面\v-Net\dataset\26合并\25茂华\2\2 (18)\0_0.0000.jpg,0.0,0.54,411.0226745605469,640,480,ok,-0.04251711368560791,1.0,259,320.0,98.65037536621094,514.138671875,306.39452362060547,415.48829650878906,,2,"[72, 124]","[489, 540]","[[72, 124], [489, 540]]",
3341,val,25茂华,0,E:\桌面\v-Net\dataset\26合并\25茂华\2\2 (2)\0_0.0000.jpg,0.0,0.54,411.0226745605469,640,480,ok,-0.030143654346466063,1.0,259,320.0,102.35155487060547,518.3565063476562,310.35403060913086,416.0049514770508,,2,"[76, 127]","[494, 544]","[[76, 127], [494, 544]]",
3342,val,25茂华,0,E:\桌面\v-Net\dataset\26合并\25茂华\2\2 (7)\0_0.0000.jpg,0.0,0.54,411.0226745605469,640,480,ok,-0.04430074691772461,1.0,259,320.0,97.7864990234375,513.8610229492188,305.8237609863281,416.07452392578125,,2,"[72, 122]","[489, 539]","[[72, 122], [489, 539]]",
3343,val,25茂华,0,E:\桌面\v-Net\dataset\26合并\25茂华\2\2 (8)\0_0.0000.jpg,0.0,0.54,411.0226745605469,640,480,ok,-0.015795886516571045,1.0,259,320.0,106.99225616455078,522.8983764648438,314.94531631469727,415.90612030029297,,2,"[81, 133]","[498, 549]","[[81, 133], [498, 549]]",
3344,val,25茂华,1,E:\桌面\v-Net\dataset\26合并\25茂华\2\2 (10)\1_0.0000.jpg,0.0,0.54,411.0226745605469,640,480,ok,-0.05917766094207764,1.0,259,320.0,92.88990783691406,509.23638916015625,301.06314849853516,416.3464813232422,,2,"[65, 120]","[484, 535]","[[65, 120], [484, 535]]",
3345,val,25茂华,1,E:\桌面\v-Net\dataset\26合并\25茂华\2\2 (9)\1_0.0000.jpg,0.0,0.54,411.0226745605469,640,480,ok,-0.04556516408920288,1.0,259,320.0,97.12870025634766,513.7095947265625,305.4191474914551,416.58089447021484,,2,"[72, 122]","[488, 540]","[[72, 122], [488, 540]]",
3346,val,25茂华,2,E:\桌面\v-Net\dataset\26合并\25茂华\2\2 (16)\2_0.0000.jpg,0.0,0.54,411.0226745605469,640,480,ok,-0.021877729892730714,1.0,259,320.0,105.7053451538086,520.2929077148438,312.9991264343262,414.58756256103516,,2,"[80, 131]","[496, 546]","[[80, 131], [496, 546]]",
3347,val,25茂华,3,E:\桌面\v-Net\dataset\26合并\25茂华\2\2 (12)\3_0.0000.jpg,0.0,0.54,411.0226745605469,640,480,ok,-0.0669503927230835,1.0,259,320.0,90.58183288574219,506.5699157714844,298.5758743286133,415.9880828857422,,2,"[64, 116]","[482, 533]","[[64, 116], [482, 533]]",
3348,val,25茂华,4,E:\桌面\v-Net\dataset\26合并\25茂华\2\2 (15)\4_0.0000.jpg,0.0,0.54,411.0226745605469,640,480,ok,2.4592876434326173e-05,1.0,259,320.0,112.14836883544922,527.8673706054688,320.007869720459,415.71900177001953,,2,"[86, 138]","[502, 553]","[[86, 138], [502, 553]]",
3349,val,25茂华,4,E:\桌面\v-Net\dataset\26合并\25茂华\2\2 (16)\4_0.0000.jpg,0.0,0.54,411.0226745605469,640,480,ok,-0.02480102777481079,1.0,259,320.0,105.41756439208984,518.7097778320312,312.06367111206055,413.2922134399414,,2,"[79, 133]","[492, 545]","[[79, 133], [492, 545]]",
3350,val,25茂华,5,E:\桌面\v-Net\dataset\26合并\25茂华\2\2 (10)\5_0.0000.jpg,0.0,0.54,411.0226745605469,640,480,ok,-0.07269927263259887,1.0,259,320.0,88.46297454833984,505.0094909667969,296.73623275756836,416.54651641845703,,2,"[62, 114]","[480, 532]","[[62, 114], [480, 532]]",
3351,val,25茂华,5,E:\桌面\v-Net\dataset\26合并\25茂华\2\2 (13)\5_0.0000.jpg,0.0,0.54,411.0226745605469,640,480,ok,-0.06237949132919311,1.0,259,320.0,92.00568389892578,508.0714416503906,300.0385627746582,416.06575775146484,,2,"[64, 118]","[484, 534]","[[64, 118], [484, 534]]",
3352,val,25茂华,5,E:\桌面\v-Net\dataset\26合并\25茂华\2\2 (6)\5_0.0000.jpg,0.0,0.54,411.0226745605469,640,480,ok,-0.035293197631835936,1.0,259,320.0,102.24981689453125,515.1625366210938,308.7061767578125,412.9127197265625,,2,"[76, 128]","[490, 542]","[[76, 128], [490, 542]]",
3353,val,25茂华,6,E:\桌面\v-Net\dataset\26合并\25茂华\2\2 (13)\6_0.0000.jpg,0.0,0.54,411.0226745605469,640,480,ok,-0.06411715745925903,1.0,259,320.0,92.92986297607422,506.03515625,299.4825096130371,413.1052932739258,,2,"[67, 119]","[481, 532]","[[67, 119], [481, 532]]",
3354,val,25茂华,6,E:\桌面\v-Net\dataset\26合并\25茂华\2\2 (8)\6_0.0000.jpg,0.0,0.54,411.0226745605469,640,480,ok,-0.015716087818145753,1.0,259,320.0,109.56841278076172,520.373291015625,314.97085189819336,410.8048782348633,,2,"[82, 136]","[496, 546]","[[82, 136], [496, 546]]",
3355,val,25茂华,7,E:\桌面\v-Net\dataset\26合并\25茂华\2\2 (11)\7_0.0000.jpg,0.0,0.54,411.0226745605469,640,480,ok,-0.05227727890014648,1.0,259,320.0,97.2877197265625,509.25482177734375,303.2712707519531,411.96710205078125,,2,"[71, 123]","[484, 535]","[[71, 123], [484, 535]]",
3356,val,25茂华,7,E:\桌面\v-Net\dataset\26合并\25茂华\2\2 (3)\7_0.0000.jpg,0.0,0.54,411.0226745605469,640,480,ok,-0.050855839252471925,1.0,259,320.0,99.06652069091797,508.3857421875,303.726131439209,409.31922149658203,,2,"[72, 124]","[483, 535]","[[72, 124], [483, 535]]",
3357,val,25茂华,7,E:\桌面\v-Net\dataset\26合并\25茂华\2\2 (9)\7_0.0000.jpg,0.0,0.54,411.0226745605469,640,480,ok,-0.06360266208648682,1.0,259,320.0,95.43736267089844,503.85693359375,299.6471481323242,408.41957092285156,,2,"[69, 121]","[479, 530]","[[69, 121], [479, 530]]",
3358,val,25茂华,8,E:\桌面\v-Net\dataset\26合并\25茂华\2\2 (15)\8_0.0000.jpg,0.0,0.54,411.0226745605469,640,480,ok,-0.002202117443084717,1.0,259,320.0,112.10425567626953,526.4863891601562,319.2953224182129,414.3821334838867,,2,"[86, 137]","[501, 553]","[[86, 137], [501, 553]]",
3359,val,25茂华,8,E:\桌面\v-Net\dataset\26合并\25茂华\2\2 (17)\8_0.0000.jpg,0.0,0.54,411.0226745605469,640,480,ok,-0.08616889715194702,1.0,259,320.0,85.15631866455078,499.6955871582031,292.42595291137695,414.53926849365234,,2,"[59, 111]","[474, 526]","[[59, 111], [474, 526]]",
3360,val,25茂华,8,E:\桌面\v-Net\dataset\26合并\25茂华\2\2\8_0.0000.jpg,0.0,0.54,411.0226745605469,640,480,ok,-0.017747366428375246,1.0,259,320.0,106.4843978881836,522.1572875976562,314.3208427429199,415.67288970947266,,2,"[80, 132]","[496, 549]","[[80, 132], [496, 549]]",
3361,val,25茂华,9,E:\桌面\v-Net\dataset\26合并\25茂华\2\2 (17)\9_0.0000.jpg,0.0,0.54,411.0226745605469,640,480,ok,-0.0912361741065979,1.0,259,320.0,80.71300506591797,500.8958435058594,290.8044242858887,420.1828384399414,,2,"[54, 107]","[475, 527]","[[54, 107], [475, 527]]",
3362,val,25茂华,9,E:\桌面\v-Net\dataset\26合并\25茂华\2\2 (18)\9_0.0000.jpg,0.0,0.54,411.0226745605469,640,480,ok,-0.07845005989074708,1.0,259,320.0,85.40908813476562,504.38287353515625,294.89598083496094,418.9737854003906,,2,"[58, 111]","[479, 531]","[[58, 111], [479, 531]]",
3363,val,25茂华,9,E:\桌面\v-Net\dataset\26合并\25茂华\2\2 (2)\9_0.0000.jpg,0.0,0.54,411.0226745605469,640,480,ok,-0.05557739734649658,1.0,259,320.0,93.22529602050781,511.2051696777344,302.2152328491211,417.97987365722656,,2,"[66, 119]","[486, 538]","[[66, 119], [486, 538]]",
3364,val,25茂华,9,E:\桌面\v-Net\dataset\26合并\25茂华\2\2 (8)\9_0.0000.jpg,0.0,0.54,411.0226745605469,640,480,ok,-0.02095348834991455,1.0,259,320.0,104.00370788574219,522.5860595703125,313.29488372802734,418.5823516845703,,2,"[77, 130]","[496, 550]","[[77, 130], [496, 550]]",
3365,val,25茂华,9,E:\桌面\v-Net\dataset\26合并\25茂华\2\2\9_0.0000.jpg,0.0,0.54,411.0226745605469,640,480,ok,-0.017806291580200195,1.0,259,320.0,105.78384399414062,522.8201293945312,314.30198669433594,417.0362854003906,,2,"[79, 132]","[496, 550]","[[79, 132], [496, 550]]",
3366,val,25茂华,10,E:\桌面\v-Net\dataset\26合并\25茂华\2\2 (13)\10_0.0000.jpg,0.0,0.54,411.0226745605469,640,480,ok,-0.09163641929626465,1.0,259,320.0,80.37396240234375,500.9787292480469,290.6763458251953,420.6047668457031,,2,"[56, 103]","[475, 528]","[[56, 103], [475, 528]]",
3367,val,25茂华,10,E:\桌面\v-Net\dataset\26合并\25茂华\2\2 (15)\10_0.0000.jpg,0.0,0.54,411.0226745605469,640,480,ok,-0.005005025863647461,1.0,259,320.0,109.10977172851562,527.68701171875,318.3983917236328,418.5772399902344,,2,"[84, 132]","[501, 555]","[[84, 132], [501, 555]]",
3368,val,25茂华,10,E:\桌面\v-Net\dataset\26合并\25茂华\2\2 (5)\10_0.0000.jpg,0.0,0.54,411.0226745605469,640,480,ok,-0.12157297134399414,1.0,259,320.0,69.22445678710938,492.9688415527344,281.0966491699219,423.744384765625,,2,"[46, 93]","[466, 520]","[[46, 93], [466, 520]]",
3369,val,25茂华,11,E:\桌面\v-Net\dataset\26合并\25茂华\2\2 (13)\11_0.0000.jpg,0.0,0.54,411.0226745605469,640,480,ok,-0.11432447433471679,1.0,259,320.0,69.50381469726562,497.3285217285156,283.4161682128906,427.82470703125,,2,"[46, 93]","[470, 525]","[[46, 93], [470, 525]]",
3370,val,25茂华,11,E:\桌面\v-Net\dataset\26合并\25茂华\2\2 (14)\11_0.0000.jpg,0.0,0.54,411.0226745605469,640,480,ok,-0.12174037694931031,1.0,259,320.0,66.01221466064453,496.0739440917969,281.0430793762207,430.06172943115234,,2,"[42, 89]","[469, 524]","[[42, 89], [469, 524]]",
3371,val,25茂华,11,E:\桌面\v-Net\dataset\26合并\25茂华\2\2 (4)\11_0.0000.jpg,0.0,0.54,411.0226745605469,640,480,ok,-0.06556986570358277,1.0,259,320.0,86.28742218017578,511.74786376953125,299.0176429748535,425.46044158935547,,2,"[64, 109]","[484, 540]","[[64, 109], [484, 540]]",
3372,val,25茂华,12,E:\桌面\v-Net\dataset\26合并\25茂华\2\2 (3)\12_0.0000.jpg,0.0,0.54,411.0226745605469,640,480,ok,-0.1276951551437378,1.0,259,320.0,60.23030090332031,498.0447998046875,279.1375503540039,437.8144989013672,,2,"[36, 84]","[470, 527]","[[36, 84], [470, 527]]",
3373,val,25茂华,12,E:\桌面\v-Net\dataset\26合并\25茂华\2\2 (5)\12_0.0000.jpg,0.0,0.54,411.0226745605469,640,480,ok,-0.20107435584068298,1.0,259,320.0,32.74344253540039,478.5689697265625,255.65620613098145,445.8255271911621,,2,"[4, 59]","[450, 508]","[[4, 59], [450, 508]]",
3374,val,25茂华,13,E:\桌面\v-Net\dataset\26合并\25茂华\2\2 (2)\13_0.0000.jpg,0.0,0.54,411.0226745605469,640,480,ok,-0.18167441487312316,1.0,259,320.0,33.28678512573242,490.44158935546875,261.8641872406006,457.1548042297363,,2,"[0, 63]","[461, 520]","[[0, 63], [461, 520]]",
3375,val,25茂华,13,E:\桌面\v-Net\dataset\26合并\25茂华\2\2 (4)\13_0.0000.jpg,0.0,0.54,411.0226745605469,640,480,ok,-0.16796709299087526,1.0,259,320.0,37.88457489013672,494.6164855957031,266.2505302429199,456.7319107055664,,2,"[2, 69]","[464, 525]","[[2, 69], [464, 525]]",
3376,val,25茂华,14,E:\桌面\v-Net\dataset\26合并\25茂华\2\2 (14)\14_0.0000.jpg,0.0,0.54,411.0226745605469,640,480,inferred_missing_left,-0.19260668754577637,0.6,259,320.0,52.854522705078125,463.877197265625,258.36585998535156,411.0226745605469,411.0226745605469,1,,,"[[433, 495]]",
3377,val,25茂华,15,E:\桌面\v-Net\dataset\26合并\25茂华\2\2 (12)\15_1.4700.jpg,1.47,0.54,411.0226745605469,640,480,inferred_missing_left,-0.2868174076080322,0.6,259,320.0,22.70709228515625,433.7297668457031,228.2184295654297,411.0226745605469,411.0226745605469,1,,,"[[400, 467]]",
3378,val,25茂华,15,E:\桌面\v-Net\dataset\26合并\25茂华\2\2 (2)\15_0.0000.jpg,0.0,0.54,411.0226745605469,640,480,inferred_missing_left,-0.21001906394958497,0.6,259,320.0,47.282562255859375,458.30523681640625,252.7938995361328,411.0226745605469,411.0226745605469,1,,,"[[426, 491]]",
3379,val,25茂华,15,E:\桌面\v-Net\dataset\26合并\25茂华\2\2 (8)\15_0.0000.jpg,0.0,0.54,411.0226745605469,640,480,inferred_missing_left,-0.16866106986999513,0.6,259,320.0,60.517120361328125,471.539794921875,266.02845764160156,411.0226745605469,411.0226745605469,1,,,"[[439, 504]]",
3380,val,25茂华,16,E:\桌面\v-Net\dataset\26合并\25茂华\2\2 (17)\16_1.4800.jpg,1.48,0.54,411.0226745605469,640,480,inferred_missing_left,-0.3386112689971924,0.6,259,320.0,6.133056640625,417.1557312011719,211.64439392089844,411.0226745605469,411.0226745605469,1,,,"[[383, 452]]",
3381,val,25茂华,17,E:\桌面\v-Net\dataset\26合并\25茂华\2\2 (10)\17_1.4700.jpg,1.47,0.54,411.0226745605469,640,480,inferred_missing_left,-0.39243831634521487,0.6,259,320.0,0.0,388.8394775390625,194.41973876953125,388.8394775390625,411.0226745605469,1,,,"[[352, 426]]",
3382,val,25茂华,17,E:\桌面\v-Net\dataset\26合并\25茂华\2\2 (14)\17_1.4800.jpg,1.48,0.54,411.0226745605469,640,480,inferred_missing_left,-0.3403008937835693,0.6,259,320.0,5.592376708984375,416.61505126953125,211.1037139892578,411.0226745605469,411.0226745605469,1,,,"[[382, 452]]",
3383,val,25茂华,18,E:\桌面\v-Net\dataset\26合并\25茂华\2\2 (11)\18_1.4700.jpg,1.47,0.54,411.0226745605469,640,480,inferred_missing_left,-0.2913081645965576,0.6,259,320.0,21.270050048828125,432.292724609375,226.78138732910156,411.0226745605469,411.0226745605469,1,,,"[[396, 469]]",
3384,val,25茂华,18,E:\桌面\v-Net\dataset\26合并\25茂华\2\2 (5)\18_1.4700.jpg,1.47,0.54,411.0226745605469,640,480,inferred_missing_left,-0.37119545936584475,0.6,259,320.0,0.0,402.4349060058594,201.2174530029297,402.4349060058594,411.0226745605469,1,,,"[[366, 439]]",
3385,val,25茂华,19,E:\桌面\v-Net\dataset\26合并\25茂华\2\2 (13)\19_1.4800.jpg,1.48,0.54,411.0226745605469,640,480,inferred_missing_left,-0.3012073040008545,0.6,259,320.0,18.102325439453125,429.125,223.61366271972656,411.0226745605469,411.0226745605469,1,,,"[[393, 465]]",
3386,val,25茂华,19,E:\桌面\v-Net\dataset\26合并\25茂华\2\2 (4)\19_1.4700.jpg,1.47,0.54,411.0226745605469,640,480,inferred_missing_left,-0.3707163333892822,0.6,259,320.0,0.0,402.7415466308594,201.3707733154297,402.7415466308594,411.0226745605469,1,,,"[[364, 441]]",
3387,val,25茂华,20,E:\桌面\v-Net\dataset\26合并\25茂华\2\2 (10)\20_1.4700.jpg,1.47,0.54,411.0226745605469,640,480,inferred_missing_left,-0.4207738399505615,0.6,259,320.0,0.0,370.7047424316406,185.3523712158203,370.7047424316406,411.0226745605469,1,,,"[[332, 409]]",
3388,val,25茂华,20,E:\桌面\v-Net\dataset\26合并\25茂华\2\2 (12)\20_1.4700.jpg,1.47,0.54,411.0226745605469,640,480,inferred_missing_left,-0.3587790012359619,0.6,259,320.0,0.0,410.3814392089844,205.1907196044922,410.3814392089844,411.0226745605469,1,,,"[[374, 447]]",
3389,val,25茂华,20,E:\桌面\v-Net\dataset\26合并\25茂华\2\2 (4)\20_1.4700.jpg,1.47,0.54,411.0226745605469,640,480,inferred_missing_left,-0.3675085067749023,0.6,259,320.0,0.0,404.7945556640625,202.39727783203125,404.7945556640625,411.0226745605469,1,,,"[[366, 445]]",
3390,val,25茂华,20,E:\桌面\v-Net\dataset\26合并\25茂华\2\2 (5)\20_1.4700.jpg,1.47,0.54,411.0226745605469,640,480,inferred_missing_left,-0.34868903160095216,0.6,259,320.0,2.908172607421875,413.93084716796875,208.4195098876953,411.0226745605469,411.0226745605469,1,,,"[[377, 451]]",
3391,val,25茂华,20,E:\桌面\v-Net\dataset\26合并\25茂华\2\2 (8)\20_1.4700.jpg,1.47,0.54,411.0226745605469,640,480,inferred_missing_left,-0.34664530754089357,0.6,259,320.0,3.562164306640625,414.5848388671875,209.07350158691406,411.0226745605469,411.0226745605469,1,,,"[[376, 454]]",
3392,val,25茂华,21,E:\桌面\v-Net\dataset\26合并\25茂华\2\2 (10)\21_1.4700.jpg,1.47,0.54,411.0226745605469,640,480,inferred_missing_left,-0.4186554908752441,0.6,259,320.0,0.0,372.06048583984375,186.03024291992188,372.06048583984375,411.0226745605469,1,,,"[[333, 411]]",
3393,val,25茂华,21,E:\桌面\v-Net\dataset\26合并\25茂华\2\2 (5)\21_1.4700.jpg,1.47,0.54,411.0226745605469,640,480,inferred_missing_left,-0.32782397270202634,0.6,259,320.0,9.584991455078125,420.607666015625,215.09632873535156,411.0226745605469,411.0226745605469,1,,,"[[384, 457]]",
3394,val,25茂华,21,E:\桌面\v-Net\dataset\26合并\25茂华\2\2\21_1.4700.jpg,1.47,0.54,411.0226745605469,640,480,inferred_missing_left,-0.33778834342956543,0.6,259,320.0,6.396392822265625,417.4190673828125,211.90773010253906,411.0226745605469,411.0226745605469,1,,,"[[378, 456]]",
3395,val,25茂华,22,E:\桌面\v-Net\dataset\26合并\25茂华\2\2 (12)\22_1.4700.jpg,1.47,0.54,411.0226745605469,640,480,inferred_missing_left,-0.3189829349517822,0.6,259,320.0,12.41412353515625,423.4367980957031,217.9254608154297,411.0226745605469,411.0226745605469,1,,,"[[386, 461]]",
3396,val,25茂华,22,E:\桌面\v-Net\dataset\26合并\25茂华\2\2 (14)\22_1.4800.jpg,1.48,0.54,411.0226745605469,640,480,inferred_missing_left,-0.2844864368438721,0.6,259,320.0,23.4530029296875,434.4756774902344,228.96434020996094,411.0226745605469,411.0226745605469,1,,,"[[397, 472]]",
3397,val,25茂华,22,E:\桌面\v-Net\dataset\26合并\25茂华\2\2 (15)\22_1.4800.jpg,1.48,0.54,411.0226745605469,640,480,inferred_missing_left,-0.1764054775238037,0.6,259,320.0,58.038909912109375,469.06158447265625,263.5502471923828,411.0226745605469,411.0226745605469,1,,,"[[431, 507]]",
3398,val,25茂华,22,E:\桌面\v-Net\dataset\26合并\25茂华\2\2 (18)\22_1.4800.jpg,1.48,0.54,411.0226745605469,640,480,inferred_missing_left,-0.2857840061187744,0.6,259,320.0,23.03778076171875,434.0604553222656,228.5491180419922,411.0226745605469,411.0226745605469,1,,,"[[397, 471]]",
3399,val,25茂华,22,E:\桌面\v-Net\dataset\26合并\25茂华\2\2 (8)\22_1.4700.jpg,1.47,0.54,411.0226745605469,640,480,inferred_missing_left,-0.3414893627166748,0.6,259,320.0,5.212066650390625,416.2347412109375,210.72340393066406,411.0226745605469,411.0226745605469,1,,,"[[377, 455]]",
3400,val,25茂华,23,E:\桌面\v-Net\dataset\26合并\25茂华\2\2 (13)\23_1.4800.jpg,1.48,0.54,411.0226745605469,640,480,inferred_missing_left,-0.23209767341613768,0.6,259,320.0,40.2174072265625,451.2400817871094,245.72874450683594,411.0226745605469,411.0226745605469,1,,,"[[415, 488]]",
3401,val,25茂华,23,E:\桌面\v-Net\dataset\26合并\25茂华\2\2 (16)\23_1.4800.jpg,1.48,0.54,411.0226745605469,640,480,inferred_missing_left,-0.3357901096343994,0.6,259,320.0,7.03582763671875,418.0585021972656,212.5471649169922,411.0226745605469,411.0226745605469,1,,,"[[379, 457]]",
3402,val,25茂华,23,E:\桌面\v-Net\dataset\26合并\25茂华\2\2 (17)\23_1.4800.jpg,1.48,0.54,411.0226745605469,640,480,inferred_missing_left,-0.2782278537750244,0.6,259,320.0,25.45574951171875,436.4784240722656,230.9670867919922,411.0226745605469,411.0226745605469,1,,,"[[400, 473]]",
3403,val,25茂华,23,E:\桌面\v-Net\dataset\26合并\25茂华\2\2 (2)\23_1.4700.jpg,1.47,0.54,411.0226745605469,640,480,inferred_missing_left,-0.35766968727111814,0.6,259,320.0,0.03436279296875,411.0570373535156,205.5457000732422,411.0226745605469,411.0226745605469,1,,,"[[373, 449]]",
3404,val,25茂华,24,E:\桌面\v-Net\dataset\26合并\25茂华\2\2 (17)\24_1.4800.jpg,1.48,0.54,411.0226745605469,640,480,inferred_missing_left,-0.2624358654022217,0.6,259,320.0,30.509185791015625,441.5318603515625,236.02052307128906,411.0226745605469,411.0226745605469,1,,,"[[405, 478]]",
3405,val,25茂华,24,E:\桌面\v-Net\dataset\26合并\25茂华\2\2 (4)\24_1.4700.jpg,1.47,0.54,411.0226745605469,640,480,inferred_missing_left,-0.3569465160369873,0.6,259,320.0,0.265777587890625,411.2884521484375,205.77711486816406,411.0226745605469,411.0226745605469,1,,,"[[373, 449]]",
3406,val,25茂华,24,E:\桌面\v-Net\dataset\26合并\25茂华\2\2 (7)\24_1.4700.jpg,1.47,0.54,411.0226745605469,640,480,inferred_missing_left,-0.3726067066192627,0.6,259,320.0,0.0,401.5317077636719,200.76585388183594,401.5317077636719,411.0226745605469,1,,,"[[364, 439]]",
3407,val,25茂华,24,E:\桌面\v-Net\dataset\26合并\25茂华\2\2 (8)\24_1.4700.jpg,1.47,0.54,411.0226745605469,640,480,inferred_missing_left,-0.3550427913665771,0.6,259,320.0,0.874969482421875,411.89764404296875,206.3863067626953,411.0226745605469,411.0226745605469,1,,,"[[373, 451]]",
3408,val,25茂华,25,E:\桌面\v-Net\dataset\26合并\25茂华\2\2 (15)\25_1.4800.jpg,1.48,0.54,411.0226745605469,640,480,inferred_missing_left,-0.16903843879699706,0.6,259,320.0,60.3963623046875,471.4190368652344,265.90769958496094,411.0226745605469,411.0226745605469,1,,,"[[433, 510]]",
3409,val,25茂华,25,E:\桌面\v-Net\dataset\26合并\25茂华\2\2 (8)\25_1.4700.jpg,1.47,0.54,411.0226745605469,640,480,inferred_missing_left,-0.35932025909423826,0.6,259,320.0,0.0,410.0350341796875,205.01751708984375,410.0350341796875,411.0226745605469,1,,,"[[371, 449]]",
3410,val,25茂华,26,E:\桌面\v-Net\dataset\26合并\25茂华\2\2 (13)\26_1.4800.jpg,1.48,0.54,411.0226745605469,640,480,inferred_missing_left,-0.20041365623474122,0.6,259,320.0,50.356292724609375,461.37896728515625,255.8676300048828,411.0226745605469,411.0226745605469,1,,,"[[423, 499]]",
3411,val,25茂华,26,E:\桌面\v-Net\dataset\26合并\25茂华\2\2 (4)\26_1.4700.jpg,1.47,0.54,411.0226745605469,640,480,inferred_missing_left,-0.33481287956237793,0.6,259,320.0,7.348541259765625,418.3712158203125,212.85987854003906,411.0226745605469,411.0226745605469,1,,,"[[380, 457]]",
3412,val,25茂华,26,E:\桌面\v-Net\dataset\26合并\25茂华\2\2 (8)\26_1.4700.jpg,1.47,0.54,411.0226745605469,640,480,inferred_missing_left,-0.3586882591247559,0.6,259,320.0,0.0,410.43951416015625,205.21975708007812,410.43951416015625,411.0226745605469,1,,,"[[371, 450]]",
3413,val,25茂华,27,E:\桌面\v-Net\dataset\26合并\25茂华\2\2 (11)\27_1.4700.jpg,1.47,0.54,411.0226745605469,640,480,inferred_missing_left,-0.17805027961730957,0.6,259,320.0,57.5125732421875,468.5352478027344,263.02391052246094,411.0226745605469,411.0226745605469,1,,,"[[430, 507]]",
3414,val,25茂华,27,E:\桌面\v-Net\dataset\26合并\25茂华\2\2 (12)\27_1.4700.jpg,1.47,0.54,411.0226745605469,640,480,inferred_missing_left,-0.25044541358947753,0.6,259,320.0,34.34613037109375,445.3688049316406,239.8574676513672,411.0226745605469,411.0226745605469,1,,,"[[408, 483]]",
3415,val,25茂华,27,E:\桌面\v-Net\dataset\26合并\25茂华\2\2 (7)\27_1.4700.jpg,1.47,0.54,411.0226745605469,640,480,inferred_missing_left,-0.36998758316040037,0.6,259,320.0,0.0,403.20794677734375,201.60397338867188,403.20794677734375,411.0226745605469,1,,,"[[365, 441]]",
3416,val,25茂华,27,E:\桌面\v-Net\dataset\26合并\25茂华\2\2 (8)\27_1.4700.jpg,1.47,0.54,411.0226745605469,640,480,inferred_missing_left,-0.36211509704589845,0.6,259,320.0,0.0,408.246337890625,204.1231689453125,408.246337890625,411.0226745605469,1,,,"[[368, 448]]",
3417,val,25茂华,27,E:\桌面\v-Net\dataset\26合并\25茂华\2\2\27_1.4700.jpg,1.47,0.54,411.0226745605469,640,480,inferred_missing_left,-0.3371557712554932,0.6,259,320.0,6.59881591796875,417.6214904785156,212.1101531982422,411.0226745605469,411.0226745605469,1,,,"[[378, 457]]",
3418,val,25茂华,28,E:\桌面\v-Net\dataset\26合并\25茂华\2\2 (16)\28_1.4800.jpg,1.48,0.54,411.0226745605469,640,480,inferred_missing_left,-0.32366061210632324,0.6,259,320.0,10.917266845703125,421.93994140625,216.42860412597656,411.0226745605469,411.0226745605469,1,,,"[[383, 461]]",
3419,val,25茂华,28,E:\桌面\v-Net\dataset\26合并\25茂华\2\2 (17)\28_1.4800.jpg,1.48,0.54,411.0226745605469,640,480,inferred_missing_left,-0.2286825656890869,0.6,259,320.0,41.31024169921875,452.3329162597656,246.8215789794922,411.0226745605469,411.0226745605469,1,,,"[[415, 490]]",
3420,val,25茂华,28,E:\桌面\v-Net\dataset\26合并\25茂华\2\2 (6)\28_1.4700.jpg,1.47,0.54,411.0226745605469,640,480,inferred_missing_left,-0.3372854709625244,0.6,259,320.0,6.55731201171875,417.5799865722656,212.0686492919922,411.0226745605469,411.0226745605469,1,,,"[[379, 456]]",
3421,val,25茂华,29,E:\桌面\v-Net\dataset\26合并\25茂华\2\2 (12)\29_1.4700.jpg,1.47,0.54,411.0226745605469,640,480,inferred_missing_left,-0.2454246997833252,0.6,259,320.0,35.9527587890625,446.9754333496094,241.46409606933594,411.0226745605469,411.0226745605469,1,,,"[[409, 485]]",
3422,val,25茂华,29,E:\桌面\v-Net\dataset\26合并\25茂华\2\2 (15)\29_1.4800.jpg,1.48,0.54,411.0226745605469,640,480,inferred_missing_left,-0.20325264930725098,0.6,259,320.0,49.44781494140625,460.4704895019531,254.9591522216797,411.0226745605469,411.0226745605469,1,,,"[[419, 502]]",
3423,val,25茂华,30,E:\桌面\v-Net\dataset\26合并\25茂华\2\2 (11)\30_1.4700.jpg,1.47,0.54,411.0226745605469,640,480,inferred_missing_left,-0.18921971321105957,0.6,259,320.0,53.9383544921875,464.9610290527344,259.44969177246094,411.0226745605469,411.0226745605469,1,,,"[[425, 505]]",
3424,val,25茂华,30,E:\桌面\v-Net\dataset\26合并\25茂华\2\2 (16)\30_1.4800.jpg,1.48,0.54,411.0226745605469,640,480,inferred_missing_left,-0.3218846797943115,0.6,259,320.0,11.485565185546875,422.50823974609375,216.9969024658203,411.0226745605469,411.0226745605469,1,,,"[[383, 462]]",
3425,val,25茂华,31,E:\桌面\v-Net\dataset\26合并\25茂华\2\2 (16)\31_1.4800.jpg,1.48,0.54,411.0226745605469,640,480,inferred_missing_left,-0.33812699317932127,0.6,259,320.0,6.28802490234375,417.3106994628906,211.7993621826172,411.0226745605469,411.0226745605469,1,,,"[[377, 457]]",
3426,val,25茂华,31,E:\桌面\v-Net\dataset\26合并\25茂华\2\2 (5)\31_1.4700.jpg,1.47,0.54,411.0226745605469,640,480,inferred_missing_left,-0.1880715847015381,0.6,259,320.0,54.305755615234375,465.32843017578125,259.8170928955078,411.0226745605469,411.0226745605469,1,,,"[[426, 504]]",
3427,val,25茂华,31,E:\桌面\v-Net\dataset\26合并\25茂华\2\2 (7)\31_1.4700.jpg,1.47,0.54,411.0226745605469,640,480,inferred_missing_left,-0.35788688659667967,0.6,259,320.0,0.0,410.952392578125,205.4761962890625,410.952392578125,411.0226745605469,1,,,"[[372, 450]]",
3428,val,25茂华,31,E:\桌面\v-Net\dataset\26合并\25茂华\2\2 (8)\31_1.4700.jpg,1.47,0.54,411.0226745605469,640,480,inferred_missing_left,-0.3728346824645996,0.6,259,320.0,0.0,401.38580322265625,200.69290161132812,401.38580322265625,411.0226745605469,1,,,"[[361, 441]]",
3429,val,25茂华,32,E:\桌面\v-Net\dataset\26合并\25茂华\2\2 (2)\32_1.4700.jpg,1.47,0.54,411.0226745605469,640,480,insufficient_yellow_edges,,0.0,259,320.0,,,,,,3,,,"[[390, 469], [528, 550], [558, 573]]",
3430,val,25茂华,32,E:\桌面\v-Net\dataset\26合并\25茂华\2\2 (7)\32_1.4700.jpg,1.47,0.54,411.0226745605469,640,480,insufficient_yellow_edges,,0.0,259,320.0,,,,,,2,,,"[[374, 452], [545, 552]]",
3431,val,25茂华,33,E:\桌面\v-Net\dataset\26合并\25茂华\2\2 (7)\33_1.4700.jpg,1.47,0.54,411.0226745605469,640,480,inferred_missing_left,-0.3425155162811279,0.6,259,320.0,4.883697509765625,415.9063720703125,210.39503479003906,411.0226745605469,411.0226745605469,1,,,"[[377, 455]]",
3432,val,25茂华,35,E:\桌面\v-Net\dataset\26合并\25茂华\2\2 (10)\35_1.4700.jpg,1.47,0.54,411.0226745605469,640,480,inferred_missing_left,-0.30742545127868653,0.6,259,320.0,16.112518310546875,427.13519287109375,221.6238555908203,411.0226745605469,411.0226745605469,1,,,"[[390, 465]]",
3433,val,25茂华,35,E:\桌面\v-Net\dataset\26合并\25茂华\2\2 (11)\35_1.4700.jpg,1.47,0.54,411.0226745605469,640,480,inferred_missing_left,-0.22466139793395995,0.6,259,320.0,42.597015380859375,453.61968994140625,248.1083526611328,411.0226745605469,411.0226745605469,1,,,"[[412, 495]]",
3434,val,25茂华,36,E:\桌面\v-Net\dataset\26合并\25茂华\2\2 (11)\36_1.4700.jpg,1.47,0.54,411.0226745605469,640,480,inferred_missing_left,-0.2364835262298584,0.6,259,320.0,38.813934326171875,449.83660888671875,244.3252716064453,411.0226745605469,411.0226745605469,1,,,"[[408, 492]]",
3435,val,25茂华,36,E:\桌面\v-Net\dataset\26合并\25茂华\2\2 (7)\36_1.4700.jpg,1.47,0.54,411.0226745605469,640,480,inferred_missing_left,-0.3463076114654541,0.6,259,320.0,3.67022705078125,414.6929016113281,209.1815643310547,411.0226745605469,411.0226745605469,1,,,"[[375, 454]]",
3436,val,25茂华,37,E:\桌面\v-Net\dataset\26合并\25茂华\2\2 (13)\37_1.4800.jpg,1.48,0.54,411.0226745605469,640,480,inferred_missing_left,-0.217191743850708,0.6,259,320.0,44.9873046875,456.0099792480469,250.49864196777344,411.0226745605469,411.0226745605469,1,,,"[[416, 496]]",
3437,val,25茂华,37,E:\桌面\v-Net\dataset\26合并\25茂华\2\2 (15)\37_1.4800.jpg,1.48,0.54,411.0226745605469,640,480,inferred_missing_left,-0.3251213550567627,0.6,259,320.0,10.4498291015625,421.4725036621094,215.96116638183594,411.0226745605469,411.0226745605469,1,,,"[[378, 464]]",
3438,val,25茂华,37,E:\桌面\v-Net\dataset\26合并\25茂华\2\2 (4)\37_1.4700.jpg,1.47,0.54,411.0226745605469,640,480,inferred_missing_left,-0.33470606803894043,0.6,259,320.0,7.382720947265625,418.4053955078125,212.89405822753906,411.0226745605469,411.0226745605469,1,,,"[[378, 459]]",
3439,val,25茂华,37,E:\桌面\v-Net\dataset\26合并\25茂华\2\2 (9)\37_1.4700.jpg,1.47,0.54,411.0226745605469,640,480,inferred_missing_left,-0.2829406261444092,0.6,259,320.0,23.947662353515625,434.9703369140625,229.45899963378906,411.0226745605469,411.0226745605469,1,,,"[[396, 473]]",
3440,val,25茂华,38,E:\桌面\v-Net\dataset\26合并\25茂华\2\2 (7)\38_1.4700.jpg,1.47,0.54,411.0226745605469,640,480,inferred_missing_left,-0.3424391269683838,0.6,259,320.0,4.90814208984375,415.9308166503906,210.4194793701172,411.0226745605469,411.0226745605469,1,,,"[[377, 455]]",
3441,val,25茂华,38,E:\桌面\v-Net\dataset\26合并\25茂华\2\2 (8)\38_1.4700.jpg,1.47,0.54,411.0226745605469,640,480,inferred_missing_left,-0.3930042743682861,0.6,259,320.0,0.0,388.4772644042969,194.23863220214844,388.4772644042969,411.0226745605469,1,,,"[[348, 429]]",
3442,val,25茂华,39,E:\桌面\v-Net\dataset\26合并\25茂华\2\2 (5)\39_1.4700.jpg,1.47,0.54,411.0226745605469,640,480,inferred_missing_left,-0.2426151752471924,0.6,259,320.0,36.851806640625,447.8744812011719,242.36314392089844,411.0226745605469,411.0226745605469,1,,,"[[406, 490]]",
3443,val,25茂华,39,E:\桌面\v-Net\dataset\26合并\25茂华\2\2 (6)\39_1.4700.jpg,1.47,0.54,411.0226745605469,640,480,inferred_missing_left,-0.28571438789367676,0.6,259,320.0,23.06005859375,434.0827331542969,228.57139587402344,411.0226745605469,411.0226745605469,1,,,"[[394, 474]]",
3444,val,25茂华,40,E:\桌面\v-Net\dataset\26合并\25茂华\2\2 (14)\40_1.4800.jpg,1.48,0.54,411.0226745605469,640,480,inferred_missing_left,-0.2899747371673584,0.6,259,320.0,21.696746826171875,432.71942138671875,227.2080841064453,411.0226745605469,411.0226745605469,1,,,"[[392, 473]]",
3445,val,25茂华,41,E:\桌面\v-Net\dataset\26合并\25茂华\2\2 (10)\41_1.4700.jpg,1.47,0.54,411.0226745605469,640,480,inferred_missing_left,-0.27201390266418457,0.6,259,320.0,27.4442138671875,438.4668884277344,232.95555114746094,411.0226745605469,411.0226745605469,1,,,"[[400, 477]]",
3446,val,25茂华,41,E:\桌面\v-Net\dataset\26合并\25茂华\2\2 (18)\41_1.4800.jpg,1.48,0.54,411.0226745605469,640,480,inferred_missing_left,-0.29148383140563966,0.6,259,320.0,21.213836669921875,432.23651123046875,226.7251739501953,411.0226745605469,411.0226745605469,1,,,"[[391, 473]]",
3447,val,25茂华,42,E:\桌面\v-Net\dataset\26合并\25茂华\2\2 (15)\42_1.4800.jpg,1.48,0.54,411.0226745605469,640,480,inferred_missing_left,-0.38770308494567873,0.6,259,320.0,0.0,391.8700256347656,195.9350128173828,391.8700256347656,411.0226745605469,1,,,"[[351, 433]]",
3448,val,25茂华,42,E:\桌面\v-Net\dataset\26合并\25茂华\2\2 (16)\42_1.4800.jpg,1.48,0.54,411.0226745605469,640,480,inferred_missing_left,-0.37905292510986327,0.6,259,320.0,0.0,397.4061279296875,198.70306396484375,397.4061279296875,411.0226745605469,1,,,"[[357, 438]]",
3449,val,25茂华,42,E:\桌面\v-Net\dataset\26合并\25茂华\2\2 (7)\42_1.4700.jpg,1.47,0.54,411.0226745605469,640,480,inferred_missing_left,-0.3485665798187256,0.6,259,320.0,2.947357177734375,413.97003173828125,208.4586944580078,411.0226745605469,411.0226745605469,1,,,"[[375, 454]]",
3450,val,25茂华,42,E:\桌面\v-Net\dataset\26合并\25茂华\2\2 (9)\42_1.4700.jpg,1.47,0.54,411.0226745605469,640,480,inferred_missing_left,-0.25246262550354004,0.6,259,320.0,33.70062255859375,444.7232971191406,239.2119598388672,411.0226745605469,411.0226745605469,1,,,"[[406, 484]]",
3451,val,25茂华,43,E:\桌面\v-Net\dataset\26合并\25茂华\2\2 (15)\43_1.4800.jpg,1.48,0.54,411.0226745605469,640,480,inferred_missing_left,-0.3849079132080078,0.6,259,320.0,0.0,393.658935546875,196.8294677734375,393.658935546875,411.0226745605469,1,,,"[[357, 431]]",
3452,val,25茂华,43,E:\桌面\v-Net\dataset\26合并\25茂华\2\2 (18)\43_1.4800.jpg,1.48,0.54,411.0226745605469,640,480,inferred_missing_left,-0.30161099433898925,0.6,259,320.0,17.97314453125,428.9958190917969,223.48448181152344,411.0226745605469,411.0226745605469,1,,,"[[390, 469]]",
3453,val,25茂华,44,E:\桌面\v-Net\dataset\26合并\25茂华\2\2 (12)\44_1.4700.jpg,1.47,0.54,411.0226745605469,640,480,inferred_missing_left,-0.32535109519958494,0.6,259,320.0,10.376312255859375,421.39898681640625,215.8876495361328,411.0226745605469,411.0226745605469,1,,,"[[385, 458]]",
3454,val,25茂华,44,E:\桌面\v-Net\dataset\26合并\25茂华\2\2 (3)\44_1.4700.jpg,1.47,0.54,411.0226745605469,640,480,inferred_missing_left,-0.3055570125579834,0.6,259,320.0,16.710418701171875,427.73309326171875,222.2217559814453,411.0226745605469,411.0226745605469,1,,,"[[389, 467]]",
3455,val,25茂华,44,E:\桌面\v-Net\dataset\26合并\25茂华\2\2 (9)\44_1.4700.jpg,1.47,0.54,411.0226745605469,640,480,inferred_missing_left,-0.25543694496154784,0.6,259,320.0,32.74884033203125,443.7715148925781,238.2601776123047,411.0226745605469,411.0226745605469,1,,,"[[406, 482]]",
3456,val,25茂华,44,E:\桌面\v-Net\dataset\26合并\25茂华\2\2\44_1.4700.jpg,1.47,0.54,411.0226745605469,640,480,inferred_missing_left,-0.36417570114135744,0.6,259,320.0,0.0,406.92755126953125,203.46377563476562,406.92755126953125,411.0226745605469,1,,,"[[369, 446]]",
3457,val,25茂华,45,E:\桌面\v-Net\dataset\26合并\25茂华\2\2 (16)\45_1.4800.jpg,1.48,0.54,411.0226745605469,640,480,inferred_missing_left,-0.35904531478881835,0.6,259,320.0,0.0,410.21099853515625,205.10549926757812,410.21099853515625,411.0226745605469,1,,,"[[375, 446]]",
3458,val,25茂华,45,E:\桌面\v-Net\dataset\26合并\25茂华\2\2 (4)\45_1.4700.jpg,1.47,0.54,411.0226745605469,640,480,inferred_missing_left,-0.31072402000427246,0.6,259,320.0,15.056976318359375,426.07965087890625,220.5683135986328,411.0226745605469,411.0226745605469,1,,,"[[391, 462]]",
3459,val,25茂华,45,E:\桌面\v-Net\dataset\26合并\25茂华\2\2 (9)\45_1.4700.jpg,1.47,0.54,411.0226745605469,640,480,inferred_missing_left,-0.24266133308410645,0.6,259,320.0,36.8370361328125,447.8597106933594,242.34837341308594,411.0226745605469,411.0226745605469,1,,,"[[413, 484]]",
3460,val,25茂华,46,E:\桌面\v-Net\dataset\26合并\25茂华\2\2 (10)\46_1.4700.jpg,1.47,0.54,411.0226745605469,640,480,ok,-0.2726974502205849,1.0,259,320.0,10.994994163513184,454.4786376953125,232.73681592941284,443.4836435317993,,2,"[0, 24]","[421, 489]","[[0, 24], [421, 489]]",
3461,val,25茂华,46,E:\桌面\v-Net\dataset\26合并\25茂华\2\2 (11)\46_1.4700.jpg,1.47,0.54,411.0226745605469,640,480,ok,-0.2624151736497879,1.0,259,320.0,21.911222457885742,450.14306640625,236.02714443206787,428.23184394836426,,3,"[0, 46]","[420, 481]","[[0, 46], [420, 481], [599, 639]]",
3462,val,25茂华,46,E:\桌面\v-Net\dataset\26合并\25茂华\2\2 (8)\46_1.4700.jpg,1.47,0.54,411.0226745605469,640,480,inferred_missing_left,-0.35500378608703614,0.6,259,320.0,0.887451171875,411.9101257324219,206.39878845214844,411.0226745605469,411.0226745605469,1,,,"[[380, 445]]",
3463,val,25茂华,46,E:\桌面\v-Net\dataset\26合并\25茂华\2\2 (9)\46_1.4700.jpg,1.47,0.54,411.0226745605469,640,480,ok,-0.25549123287200926,1.0,259,320.0,17.277420043945312,459.20819091796875,238.24280548095703,441.93077087402344,,2,"[0, 37]","[426, 493]","[[0, 37], [426, 493]]",
3464,val,25茂华,47,E:\桌面\v-Net\dataset\26合并\25茂华\2\2 (13)\47_1.4800.jpg,1.48,0.54,411.0226745605469,640,480,ok,-0.1968766927719116,1.0,259,320.0,45.23661804199219,468.7622985839844,256.9994583129883,423.5256805419922,,3,"[20, 70]","[440, 498]","[[20, 70], [440, 498], [575, 639]]",
3465,val,25茂华,47,E:\桌面\v-Net\dataset\26合并\25茂华\2\2\47_1.4700.jpg,1.47,0.54,411.0226745605469,640,480,ok,-0.2846158891916275,1.0,259,320.0,16.45477867126465,441.39105224609375,228.9229154586792,424.9362735748291,,2,"[0, 37]","[411, 472]","[[0, 37], [411, 472]]",
3466,val,25茂华,48,E:\桌面\v-Net\dataset\26合并\25茂华\2\2 (11)\48_0.0000.jpg,0.0,0.54,411.0226745605469,640,480,ok,-0.07171319723129273,1.0,259,320.0,91.6574478149414,502.44610595703125,297.0517768859863,410.78865814208984,,3,"[65, 117]","[475, 531]","[[65, 117], [475, 531], [542, 632]]",
3467,val,25茂华,48,E:\桌面\v-Net\dataset\26合并\25茂华\2\2 (16)\48_0.0000.jpg,0.0,0.54,411.0226745605469,640,480,ok,-0.2085959255695343,1.0,259,320.0,42.52195358276367,463.9766540527344,253.24930381774902,421.4547004699707,,3,"[16, 68]","[436, 493]","[[16, 68], [436, 493], [583, 639]]",
3468,val,25茂华,49,E:\桌面\v-Net\dataset\26合并\25茂华\2\2 (10)\49_0.0000.jpg,0.0,0.54,411.0226745605469,640,480,ok,-0.06290892362594605,1.0,259,320.0,92.23725128173828,507.50103759765625,299.86914443969727,415.26378631591797,,3,"[67, 117]","[479, 537]","[[67, 117], [479, 537], [599, 639]]",
3469,val,25茂华,49,E:\桌面\v-Net\dataset\26合并\25茂华\2\2 (14)\49_0.0000.jpg,0.0,0.54,411.0226745605469,640,480,ok,0.04119277000427246,1.0,259,320.0,105.18154907226562,561.1818237304688,333.1816864013672,456.0002746582031,,2,"[80, 130]","[491, 639]","[[80, 130], [491, 639]]",
3470,val,25茂华,49,E:\桌面\v-Net\dataset\26合并\25茂华\2\2 (8)\49_0.0000.jpg,0.0,0.54,411.0226745605469,640,480,ok,-0.14967402219772338,1.0,259,320.0,65.5523452758789,478.6562805175781,272.1043128967285,413.1039352416992,,3,"[39, 91]","[452, 506]","[[39, 91], [452, 506], [562, 639]]",
3471,val,25茂华,50,E:\桌面\v-Net\dataset\26合并\25茂华\2\2 (10)\50_0.0000.jpg,0.0,0.54,411.0226745605469,640,480,ok,-0.03644535541534424,1.0,259,320.0,101.35667419433594,515.3182983398438,308.33748626708984,413.9616241455078,,3,"[76, 126]","[488, 543]","[[76, 126], [488, 543], [562, 639]]",
3472,val,25茂华,50,E:\桌面\v-Net\dataset\26合并\25茂华\2\2 (4)\50_0.0000.jpg,0.0,0.54,411.0226745605469,640,480,ok,-0.04938576221466064,1.0,259,320.0,98.10762023925781,510.2854919433594,304.1965560913086,412.17787170410156,,3,"[72, 123]","[484, 537]","[[72, 123], [484, 537], [547, 637]]",
3473,val,25茂华,51,E:\桌面\v-Net\dataset\26合并\25茂华\2\2 (13)\51_0.0000.jpg,0.0,0.54,411.0226745605469,640,480,ok,0.07467265129089355,1.0,259,320.0,131.36270141601562,556.4277954101562,343.89524841308594,425.0650939941406,,2,"[104, 157]","[520, 599]","[[104, 157], [520, 599]]",
3474,val,25茂华,51,E:\桌面\v-Net\dataset\26合并\25茂华\2\2 (14)\51_0.0000.jpg,0.0,0.54,411.0226745605469,640,480,ok,-0.006944680213928222,1.0,259,320.0,101.62242126464844,533.9329833984375,317.77770233154297,432.31056213378906,,2,"[75, 127]","[490, 584]","[[75, 127], [490, 584]]",
3475,val,25茂华,51,E:\桌面\v-Net\dataset\26合并\25茂华\2\2 (7)\51_0.0000.jpg,0.0,0.54,411.0226745605469,640,480,ok,-0.058545708656311035,1.0,259,320.0,77.91685485839844,524.6138916015625,301.26537322998047,446.69703674316406,,2,"[52, 103]","[463, 598]","[[52, 103], [463, 598]]",
3476,val,25茂华,52,E:\桌面\v-Net\dataset\26合并\25茂华\2\2 (10)\52_0.0000.jpg,0.0,0.54,411.0226745605469,640,480,ok,-0.01907639503479004,1.0,259,320.0,93.85848999023438,533.9326171875,313.8955535888672,440.0741271972656,,2,"[68, 119]","[482, 596]","[[68, 119], [482, 596]]",
3477,val,25茂华,52,E:\桌面\v-Net\dataset\26合并\25茂华\2\2 (14)\52_0.0000.jpg,0.0,0.54,411.0226745605469,640,480,ok,-0.020581912994384766,1.0,259,320.0,99.7108154296875,527.1167602539062,313.4137878417969,427.40594482421875,,2,"[73, 125]","[490, 569]","[[73, 125], [490, 569]]",
3478,val,25茂华,52,E:\桌面\v-Net\dataset\26合并\25茂华\2\2 (17)\52_0.0000.jpg,0.0,0.54,411.0226745605469,640,480,ok,-0.07147343158721924,1.0,259,320.0,82.64411926269531,511.6128845214844,297.12850189208984,428.96876525878906,,2,"[56, 108]","[475, 553]","[[56, 108], [475, 553]]",
3479,val,25茂华,53,E:\桌面\v-Net\dataset\26合并\25茂华\2\2 (10)\53_0.0000.jpg,0.0,0.54,411.0226745605469,640,480,ok,-0.04530411958694458,1.0,259,320.0,90.00292205810547,521.00244140625,305.50268173217773,430.99951934814453,,2,"[64, 115]","[478, 570]","[[64, 115], [478, 570]]",
3480,val,25茂华,53,E:\桌面\v-Net\dataset\26合并\25茂华\2\2 (12)\53_0.0000.jpg,0.0,0.54,411.0226745605469,640,480,ok,-0.123362135887146,1.0,259,320.0,68.00440979003906,493.0438232421875,280.5241165161133,425.03941345214844,,2,"[41, 94]","[460, 530]","[[41, 94], [460, 530]]",
3481,val,25茂华,54,E:\桌面\v-Net\dataset\26合并\25茂华\2\2 (18)\54_0.0000.jpg,0.0,0.54,411.0226745605469,640,480,ok,-0.07925755977630615,1.0,259,320.0,83.65153503417969,505.6236267089844,294.63758087158203,421.9720916748047,,2,"[57, 109]","[478, 536]","[[57, 109], [478, 536]]",
3482,val,25茂华,55,E:\桌面\v-Net\dataset\26合并\25茂华\2\2 (11)\55_0.0000.jpg,0.0,0.54,411.0226745605469,640,480,ok,-0.04166305065155029,1.0,259,320.0,97.07032775878906,516.2653198242188,306.6678237915039,419.1949920654297,,2,"[70, 123]","[491, 543]","[[70, 123], [491, 543]]",
3483,val,25茂华,55,E:\桌面\v-Net\dataset\26合并\25茂华\2\2 (12)\55_0.0000.jpg,0.0,0.54,411.0226745605469,640,480,ok,-0.1455750584602356,1.0,259,320.0,63.821006774902344,483.0109558105469,273.4159812927246,419.18994903564453,,2,"[37, 90]","[456, 511]","[[37, 90], [456, 511]]",
3484,val,25茂华,55,E:\桌面\v-Net\dataset\26合并\25茂华\2\2 (15)\55_0.0000.jpg,0.0,0.54,411.0226745605469,640,480,ok,-0.0613133430480957,1.0,259,320.0,90.60281372070312,510.1566467285156,300.3797302246094,419.5538330078125,,2,"[63, 118]","[487, 535]","[[63, 118], [487, 535]]",
3485,val,25茂华,55,E:\桌面\v-Net\dataset\26合并\25茂华\2\2 (5)\55_0.0000.jpg,0.0,0.54,411.0226745605469,640,480,ok,-0.11496883630752563,1.0,259,320.0,73.7658920288086,492.654052734375,283.2099723815918,418.8881607055664,,2,"[47, 100]","[468, 520]","[[47, 100], [468, 520]]",
3486,val,25茂华,56,E:\桌面\v-Net\dataset\26合并\25茂华\2\2 (14)\56_0.0000.jpg,0.0,0.54,411.0226745605469,640,480,ok,-0.03869249820709229,1.0,259,320.0,98.98228454589844,516.2545166015625,307.61840057373047,417.27223205566406,,2,"[72, 126]","[492, 541]","[[72, 126], [492, 541]]",
3487,val,25茂华,56,E:\桌面\v-Net\dataset\26合并\25茂华\2\2 (18)\56_0.0000.jpg,0.0,0.54,411.0226745605469,640,480,ok,-0.08778959512710571,1.0,259,320.0,82.97319793701172,500.8414611816406,291.9073295593262,417.8682632446289,,2,"[56, 110]","[477, 526]","[[56, 110], [477, 526]]",
3488,val,25茂华,56,E:\桌面\v-Net\dataset\26合并\25茂华\2\2 (6)\56_0.0000.jpg,0.0,0.54,411.0226745605469,640,480,ok,0.04324295520782471,1.0,259,320.0,123.94026184082031,543.7352294921875,333.8377456665039,419.7949676513672,,2,"[97, 149]","[519, 571]","[[97, 149], [519, 571]]",
3489,val,25茂华,57,E:\桌面\v-Net\dataset\26合并\25茂华\2\2 (2)\57_0.0000.jpg,0.0,0.54,411.0226745605469,640,480,ok,0.09289069175720215,1.0,259,320.0,140.73178100585938,558.71826171875,349.7250213623047,417.9864807128906,,2,"[114, 166]","[534, 584]","[[114, 166], [534, 584]]",
3490,val,25茂华,57,E:\桌面\v-Net\dataset\26合并\25茂华\2\2 (8)\57_0.0000.jpg,0.0,0.54,411.0226745605469,640,480,ok,-0.13227132558822632,1.0,259,320.0,67.63562774658203,487.7107238769531,277.6731758117676,420.0750961303711,,2,"[40, 95]","[464, 514]","[[40, 95], [464, 514]]",
3491,val,25茂华,57,E:\桌面\v-Net\dataset\26合并\25茂华\2\2 (9)\57_0.0000.jpg,0.0,0.54,411.0226745605469,640,480,ok,0.04592629671096802,1.0,259,320.0,126.05817413330078,543.3346557617188,334.69641494750977,417.27648162841797,,2,"[99, 152]","[519, 569]","[[99, 152], [519, 569]]",
3492,val,25茂华,57,E:\桌面\v-Net\dataset\26合并\25茂华\2\2\57_0.0000.jpg,0.0,0.54,411.0226745605469,640,480,ok,-0.1071382999420166,1.0,259,320.0,75.5985107421875,495.8329772949219,285.7157440185547,420.2344665527344,,2,"[49, 103]","[472, 523]","[[49, 103], [472, 523]]",
3493,val,25茂华,58,E:\桌面\v-Net\dataset\26合并\25茂华\2\2 (16)\58_0.0000.jpg,0.0,0.54,411.0226745605469,640,480,ok,-0.09503562450408935,1.0,259,320.0,82.16841125488281,497.0087890625,289.5886001586914,414.8403778076172,,2,"[54, 110]","[473, 521]","[[54, 110], [473, 521]]",
3494,val,25茂华,58,E:\桌面\v-Net\dataset\26合并\25茂华\2\2 (3)\58_0.0000.jpg,0.0,0.54,411.0226745605469,640,480,ok,-0.029917001724243164,1.0,259,320.0,102.74783325195312,518.1052856445312,310.4265594482422,415.3574523925781,,2,"[74, 130]","[494, 543]","[[74, 130], [494, 543]]",
3495,val,25茂华,58,E:\桌面\v-Net\dataset\26合并\25茂华\2\2 (4)\58_0.0000.jpg,0.0,0.54,411.0226745605469,640,480,ok,-0.06439567804336548,1.0,259,320.0,93.11821746826172,505.6685485839844,299.39338302612305,412.55033111572266,,2,"[64, 121]","[482, 530]","[[64, 121], [482, 530]]",
3496,val,25茂华,59,E:\桌面\v-Net\dataset\26合并\25茂华\2\2 (5)\59_0.0000.jpg,0.0,0.54,411.0226745605469,640,480,ok,-0.09361616373062134,1.0,259,320.0,96.4283676147461,483.65728759765625,290.0428276062012,387.22891998291016,,3,"[64, 128]","[460, 509]","[[64, 128], [460, 509], [528, 586]]",
3497,val,25茂华,60,E:\桌面\v-Net\dataset\26合并\25茂华\2\2 (15)\60_0.0000.jpg,0.0,0.54,411.0226745605469,640,480,ok,0.03299853801727295,1.0,259,320.0,148.23960876464844,512.8794555664062,330.55953216552734,364.6398468017578,,2,"[113, 183]","[492, 534]","[[113, 183], [492, 534]]",
3498,val,25茂华,60,E:\桌面\v-Net\dataset\26合并\25茂华\2\2 (16)\60_0.0000.jpg,0.0,0.54,411.0226745605469,640,480,ok,-0.08135662078857422,1.0,259,320.0,95.67575073242188,492.2560119628906,293.96588134765625,396.58026123046875,,3,"[64, 126]","[473, 511]","[[64, 126], [473, 511], [528, 580]]",
3499,val,25茂华,60,E:\桌面\v-Net\dataset\26合并\25茂华\2\2 (2)\60_0.0000.jpg,0.0,0.54,411.0226745605469,640,480,ok,0.14020001888275146,1.0,259,320.0,166.1626434326172,563.5653686523438,364.86400604248047,397.40272521972656,,3,"[136, 196]","[538, 589]","[[136, 196], [538, 589], [606, 639]]",
3500,val,25茂华,60,E:\桌面\v-Net\dataset\26合并\25茂华\2\2 (5)\60_0.0000.jpg,0.0,0.54,411.0226745605469,640,480,ok,-0.0751459240913391,1.0,259,320.0,111.44506072998047,480.4615478515625,295.9533042907715,369.01648712158203,,4,"[78, 144]","[475, 486]","[[78, 144], [475, 486], [568, 598], [617, 639]]",
3501,val,25茂华,60,E:\桌面\v-Net\dataset\26合并\25茂华\2\2 (6)\60_0.0000.jpg,0.0,0.54,411.0226745605469,640,480,ok,0.11139492988586426,1.0,259,320.0,159.01339721679688,552.2793579101562,355.64637756347656,393.2659606933594,,3,"[128, 190]","[529, 576]","[[128, 190], [529, 576], [601, 639]]",
3502,val,25茂华,61,E:\桌面\v-Net\dataset\26合并\25茂华\2\2 (10)\61_0.0000.jpg,0.0,0.54,411.0226745605469,640,480,ok,-0.06872658729553223,1.0,259,320.0,104.248779296875,491.7662048339844,298.0074920654297,387.5174255371094,,3,"[72, 136]","[468, 517]","[[72, 136], [468, 517], [536, 596]]",
3503,val,25茂华,61,E:\桌面\v-Net\dataset\26合并\25茂华\2\2 (16)\61_0.0000.jpg,0.0,0.54,411.0226745605469,640,480,ok,-0.051397192478179934,1.0,259,320.0,107.29460906982422,499.8111877441406,303.5528984069824,392.5165786743164,,4,"[74, 140]","[479, 522]","[[74, 140], [479, 522], [551, 611], [631, 639]]",
3504,val,25茂华,61,E:\桌面\v-Net\dataset\26合并\25茂华\2\2 (8)\61_0.0000.jpg,0.0,0.54,411.0226745605469,640,480,ok,-0.08244897127151489,1.0,259,320.0,97.95342254638672,489.27923583984375,293.61632919311523,391.32581329345703,,4,"[65, 130]","[468, 512]","[[65, 130], [468, 512], [536, 597], [622, 639]]",
3505,val,25茂华,61,E:\桌面\v-Net\dataset\26合并\25茂华\2\2\61_0.0000.jpg,0.0,0.54,411.0226745605469,640,480,ok,-0.05114114284515381,1.0,259,320.0,109.36976623535156,497.89990234375,303.6348342895508,388.53013610839844,,4,"[77, 142]","[477, 520]","[[77, 142], [477, 520], [549, 608], [630, 639]]",
3506,val,25茂华,63,E:\桌面\v-Net\dataset\26合并\25茂华\2\2 (10)\63_0.0000.jpg,0.0,0.54,411.0226745605469,640,480,ok,-0.028629779815673828,1.0,259,320.0,136.5150146484375,485.16192626953125,310.8384704589844,348.64691162109375,,3,"[102, 171]","[462, 511]","[[0, 40], [102, 171], [462, 511]]",
3507,val,25茂华,63,E:\桌面\v-Net\dataset\26合并\25茂华\2\2 (2)\63_0.0000.jpg,0.0,0.54,411.0226745605469,640,480,ok,0.23787388801574708,1.0,259,320.0,221.98825073242188,570.2510375976562,396.11964416503906,348.2627868652344,,3,"[187, 257]","[552, 589]","[[0, 121], [187, 257], [552, 589]]",
3508,val,25茂华,63,E:\桌面\v-Net\dataset\26合并\25茂华\2\2 (3)\63_0.0000.jpg,0.0,0.54,411.0226745605469,640,480,ok,0.05935976505279541,1.0,259,320.0,162.93275451660156,515.0574951171875,338.99512481689453,352.12474060058594,,3,"[128, 198]","[490, 541]","[[0, 55], [128, 198], [490, 541]]",
3509,val,25茂华,64,E:\桌面\v-Net\dataset\26合并\25茂华\2\2 (8)\64_0.0000.jpg,0.0,0.54,411.0226745605469,640,480,insufficient_yellow_edges,,0.0,259,320.0,,,,,,2,,,"[[0, 67], [117, 192]]",
3510,val,25茂华,65,E:\桌面\v-Net\dataset\26合并\25茂华\2\2 (2)\65_0.0000.jpg,0.0,0.54,411.0226745605469,640,480,ok,0.3211885929107666,1.0,259,320.0,277.8880310058594,567.6726684570312,422.7803497314453,289.7846374511719,,3,"[237, 318]","[544, 592]","[[104, 201], [237, 318], [544, 592]]",
3511,val,26北理工l,0,E:\桌面\v-Net\dataset\26合并\26北理工l\l-530-1\4\0_0.0000.jpg,0.0,0.54,411.0226745605469,640,480,ok,0.1756688356399536,1.0,259,320.0,203.8090362548828,548.6190185546875,376.21402740478516,344.8099822998047,,3,"[174, 227]","[534, 564]","[[89, 138], [174, 227], [534, 564]]",
3512,val,26北理工l,1,E:\桌面\v-Net\dataset\26合并\26北理工l\l-530-1\3\1_-1.5010.jpg,-1.501,0.54,411.0226745605469,640,480,ok,0.1770564317703247,1.0,259,320.0,213.00794982910156,540.3081665039062,376.6580581665039,327.3002166748047,,3,"[179, 248]","[525, 555]","[[11, 119], [179, 248], [525, 555]]",
3513,val,26北理工l,1,E:\桌面\v-Net\dataset\26合并\26北理工l\l-530-1\5\1_1.6000.jpg,1.6,0.54,411.0226745605469,640,480,inferred_missing_left,-0.3011868953704834,0.6,259,320.0,18.108856201171875,429.13153076171875,223.6201934814453,411.0226745605469,411.0226745605469,1,,,"[[352, 511]]",
3514,val,26北理工l,2,E:\桌面\v-Net\dataset\26合并\26北理工l\l-530-1\2\2_0.0000.jpg,0.0,0.54,411.0226745605469,640,480,ok,-0.016838061809539794,1.0,259,320.0,93.03852081298828,536.1851196289062,314.61182022094727,443.14659881591797,,2,"[73, 112]","[511, 562]","[[73, 112], [511, 562]]",
3515,val,26北理工l,4,E:\桌面\v-Net\dataset\26合并\26北理工l\l-530-1\5\4_1.6000.jpg,1.6,0.54,411.0226745605469,640,480,inferred_missing_left,-0.32306694984436035,0.6,259,320.0,11.10723876953125,422.1299133300781,216.6185760498047,411.0226745605469,411.0226745605469,1,,,"[[365, 486]]",
3516,val,26北理工l,10,E:\桌面\v-Net\dataset\26合并\26北理工l\l-530-1\2\10_0.0000.jpg,0.0,0.54,411.0226745605469,640,480,inferred_missing_left,-0.15602126121520996,0.6,259,320.0,64.56185913085938,475.58453369140625,270.0731964111328,411.0226745605469,411.0226745605469,1,,,"[[443, 509]]",
3517,val,26北理工l,14,E:\桌面\v-Net\dataset\26合并\26北理工l\l-530-1\5\14_1.6000.jpg,1.6,0.54,411.0226745605469,640,480,inferred_missing_left,0.0021675586700439452,0.6,259,320.0,115.18228149414062,526.2049560546875,320.69361877441406,411.0226745605469,411.0226745605469,1,,,"[[492, 567]]",
3518,val,26北理工l,17,E:\桌面\v-Net\dataset\26合并\26北理工l\l-530-1\5\17_1.6000.jpg,1.6,0.54,411.0226745605469,640,480,inferred_missing_left,0.17361817359924317,0.6,259,320.0,170.04647827148438,581.0691528320312,375.5578155517578,411.0226745605469,411.0226745605469,1,,,"[[548, 622]]",
3519,val,26北理工l,18,E:\桌面\v-Net\dataset\26合并\26北理工l\l-530-1\2\18_1.5800.jpg,1.58,0.54,411.0226745605469,640,480,inferred_missing_left,-0.35286221504211424,0.6,259,320.0,1.57275390625,412.5954284667969,207.08409118652344,411.0226745605469,411.0226745605469,1,,,"[[378, 448]]",
3520,val,26北理工l,18,E:\桌面\v-Net\dataset\26合并\26北理工l\l-530-1\3\18_-1.5010.jpg,-1.501,0.54,411.0226745605469,640,480,ok,0.31476497650146484,1.0,259,320.0,250.552001953125,590.8975830078125,420.72479248046875,340.3455810546875,,4,"[239, 262]","[582, 599]","[[0, 67], [181, 202], [239, 262], [582, 599]]",
3521,val,26北理工l,19,E:\桌面\v-Net\dataset\26合并\26北理工l\l-530-1\5\19_1.6000.jpg,1.6,0.54,411.0226745605469,640,480,inferred_missing_left,0.2962502002716064,0.6,259,320.0,209.28872680664062,620.3114013671875,414.80006408691406,411.0226745605469,411.0226745605469,1,,,"[[598, 639]]",
3522,val,26北理工l,21,E:\桌面\v-Net\dataset\26合并\26北理工l\l-530-1\5\21_1.6000.jpg,1.6,0.54,411.0226745605469,640,480,insufficient_yellow_edges,,0.0,259,320.0,,,,,,0,,,[],
3523,val,26北理工l,22,E:\桌面\v-Net\dataset\26合并\26北理工l\l-530-1\4\22_1.8900.jpg,1.89,0.54,411.0226745605469,640,480,insufficient_yellow_edges,,0.0,259,320.0,,,,,,0,,,[],
3524,val,26北理工l,22,E:\桌面\v-Net\dataset\26合并\26北理工l\l-530-1\5\22_1.6000.jpg,1.6,0.54,411.0226745605469,640,480,insufficient_yellow_edges,,0.0,259,320.0,,,,,,0,,,[],
3525,val,26北理工l,23,E:\桌面\v-Net\dataset\26合并\26北理工l\l-530-1\5\23_1.6000.jpg,1.6,0.54,411.0226745605469,640,480,insufficient_yellow_edges,,0.0,259,320.0,,,,,,0,,,[],
3526,val,26北理工l,24,E:\桌面\v-Net\dataset\26合并\26北理工l\l-530-1\4\24_1.8900.jpg,1.89,0.54,411.0226745605469,640,480,insufficient_yellow_edges,,0.0,259,320.0,,,,,,0,,,[],
3527,val,26北理工l,25,E:\桌面\v-Net\dataset\26合并\26北理工l\l-530-1\3\25_-1.5010.jpg,-1.501,0.54,411.0226745605469,640,480,ok,-0.013907527923583985,1.0,259,320.0,275.6475524902344,355.4516296386719,315.5495910644531,79.8040771484375,,3,"[268, 283]","[328, 382]","[[185, 230], [268, 283], [328, 382]]",
3528,val,26北理工l,26,E:\桌面\v-Net\dataset\26合并\26北理工l\l-530-1\5\26_1.6000.jpg,1.6,0.54,411.0226745605469,640,480,insufficient_yellow_edges,,0.0,259,320.0,,,,,,0,,,[],
3529,val,26北理工l,27,E:\桌面\v-Net\dataset\26合并\26北理工l\l-530-1\5\27_1.6000.jpg,1.6,0.54,411.0226745605469,640,480,insufficient_yellow_edges,,0.0,259,320.0,,,,,,0,,,[],
3530,val,26北理工l,28,E:\桌面\v-Net\dataset\26合并\26北理工l\l-530-1\3\28_-1.5010.jpg,-1.501,0.54,411.0226745605469,640,480,ok,0.15453907251358032,1.0,259,320.0,125.9876480102539,612.9173583984375,369.4525032043457,486.9297103881836,,2,"[32, 224]","[592, 635]","[[32, 224], [592, 635]]",
3531,val,26北理工l,35,E:\桌面\v-Net\dataset\26合并\26北理工l\l-530-1\4\35_1.8900.jpg,1.89,0.54,411.0226745605469,640,480,inferred_missing_right,-0.3277469903230667,0.6,259,320.0,9.609625816345215,420.6323003768921,215.12096309661865,411.0226745605469,411.0226745605469,1,,,"[[0, 19]]",
3532,val,26北理工l,36,E:\桌面\v-Net\dataset\26合并\26北理工l\l-530-1\5\36_-1.6400.jpg,-1.64,0.54,411.0226745605469,640,480,inferred_missing_right,0.11260275840759278,0.6,259,320.0,150.52154541015625,561.5442199707031,356.0328826904297,411.0226745605469,411.0226745605469,1,,,"[[62, 235]]",
3533,val,26北理工l,37,E:\桌面\v-Net\dataset\26合并\26北理工l\l-530-1\4\37_0.0000.jpg,0.0,0.54,411.0226745605469,640,480,insufficient_yellow_edges,,0.0,259,320.0,,,,,,0,,,[],
3534,val,26北理工l,37,E:\桌面\v-Net\dataset\26合并\26北理工l\l-530-1\5\37_-1.6400.jpg,-1.64,0.54,411.0226745605469,640,480,inferred_missing_right,0.2900394916534424,0.6,259,320.0,207.30130004882812,618.323974609375,412.81263732910156,411.0226745605469,411.0226745605469,1,,,"[[138, 268]]",
3535,val,26北理工l,39,E:\桌面\v-Net\dataset\26合并\26北理工l\l-530-1\3\39_0.0000.jpg,0.0,0.54,411.0226745605469,640,480,ok,-0.004900610446929932,1.0,259,320.0,93.4488754272461,543.4147338867188,318.4318046569824,449.96585845947266,,2,"[66, 120]","[521, 566]","[[66, 120], [521, 566]]",
3536,val,26北理工l,40,E:\桌面\v-Net\dataset\26合并\26北理工l\l-530-1\2\40_1.5800.jpg,1.58,0.54,411.0226745605469,640,480,insufficient_yellow_edges,,0.0,259,320.0,,,,,,2,,,"[[358, 432], [471, 510]]",
3537,val,26北理工l,40,E:\桌面\v-Net\dataset\26合并\26北理工l\l-530-1\3\40_0.0000.jpg,0.0,0.54,411.0226745605469,640,480,ok,0.013411736488342286,1.0,259,320.0,96.06239318847656,552.5211181640625,324.29175567626953,456.45872497558594,,2,"[69, 123]","[528, 579]","[[69, 123], [528, 579]]",
3538,val,26北理工l,41,E:\桌面\v-Net\dataset\26合并\26北理工l\l-530-1\5\41_-1.6400.jpg,-1.64,0.54,411.0226745605469,640,480,inferred_missing_right,0.4113821029663086,0.6,259,320.0,264.2845458984375,639.0,451.64227294921875,374.7154541015625,411.0226745605469,1,,,"[[235, 292]]",
3539,val,26北理工l,45,E:\桌面\v-Net\dataset\26合并\26北理工l\l-530-1\3\45_0.0000.jpg,0.0,0.54,411.0226745605469,640,480,inferred_missing_right,0.035619068145751956,0.6,259,320.0,125.88676452636719,536.9094390869141,331.3981018066406,411.0226745605469,411.0226745605469,1,,,"[[95, 157]]",
3540,val,26北理工l,49,E:\桌面\v-Net\dataset\26合并\26北理工l\l-530-1\5\49_1.4051.jpg,1.4051,0.54,411.0226745605469,640,480,inferred_missing_left,0.2739426136016846,0.6,259,320.0,202.15029907226562,613.1729736328125,407.66163635253906,411.0226745605469,411.0226745605469,1,,,"[[578, 639]]",
3541,val,26北理工l,50,E:\桌面\v-Net\dataset\26合并\26北理工l\l-530-1\2\50_1.5800.jpg,1.58,0.54,411.0226745605469,640,480,inferred_missing_left,-0.39470806121826174,0.6,259,320.0,0.0,387.3868408203125,193.69342041015625,387.3868408203125,411.0226745605469,1,,,"[[351, 423]]",
3542,val,26北理工l,50,E:\桌面\v-Net\dataset\26合并\26北理工l\l-530-1\4\50_1.6900.jpg,1.69,0.54,411.0226745605469,640,480,insufficient_yellow_edges,,0.0,259,320.0,,,,,,0,,,[],
3543,val,26北理工l,51,E:\桌面\v-Net\dataset\26合并\26北理工l\l-530-1\4\51_1.6900.jpg,1.69,0.54,411.0226745605469,640,480,insufficient_yellow_edges,,0.0,259,320.0,,,,,,0,,,[],
3544,val,26北理工l,54,E:\桌面\v-Net\dataset\26合并\26北理工l\l-530-1\4\54_1.6900.jpg,1.69,0.54,411.0226745605469,640,480,insufficient_yellow_edges,,0.0,259,320.0,,,,,,0,,,[],
3545,val,26北理工l,55,E:\桌面\v-Net\dataset\26合并\26北理工l\l-530-1\3\55_-1.5610.jpg,-1.561,0.54,411.0226745605469,640,480,inferred_missing_right,0.30492706298828126,0.6,259,320.0,212.06532287597656,623.0879974365234,417.57666015625,411.0226745605469,411.0226745605469,1,,,"[[176, 251]]",
3546,val,26北理工l,58,E:\桌面\v-Net\dataset\26合并\26北理工l\l-530-1\5\58_1.4051.jpg,1.4051,0.54,411.0226745605469,640,480,inferred_missing_left,-0.2124393939971924,0.6,259,320.0,46.508056640625,457.5307312011719,252.01939392089844,411.0226745605469,411.0226745605469,1,,,"[[420, 495]]",
3547,val,26北理工l,62,E:\桌面\v-Net\dataset\26合并\26北理工l\l-530-1\4\62_1.6900.jpg,1.69,0.54,411.0226745605469,640,480,inferred_missing_left,0.02466263771057129,0.6,259,320.0,122.38070678710938,533.4033813476562,327.8920440673828,411.0226745605469,411.0226745605469,1,,,"[[502, 565]]",
3548,val,26北理工l,63,E:\桌面\v-Net\dataset\26合并\26北理工l\l-530-1\2\63_1.5800.jpg,1.58,0.54,411.0226745605469,640,480,inferred_missing_left,-0.40810632705688477,0.6,259,320.0,0.0,378.81195068359375,189.40597534179688,378.81195068359375,411.0226745605469,1,,,"[[342, 415]]",
3549,val,26北理工l,69,E:\桌面\v-Net\dataset\26合并\26北理工l\l-530-1\3\69_-1.5610.jpg,-1.561,0.54,411.0226745605469,640,480,inferred_missing_right,0.2967216491699219,0.6,259,320.0,209.43959045410156,620.4622650146484,414.950927734375,411.0226745605469,411.0226745605469,1,,,"[[135, 282]]",
3550,val,26北理工l,69,E:\桌面\v-Net\dataset\26合并\26北理工l\l-530-1\4\69_-1.7000.jpg,-1.7,0.54,411.0226745605469,640,480,inferred_missing_right,0.035768723487854,0.6,259,320.0,125.93465423583984,536.9573287963867,331.4459915161133,411.0226745605469,411.0226745605469,1,,,"[[52, 203]]",
3551,val,26北理工l,70,E:\桌面\v-Net\dataset\26合并\26北理工l\l-530-1\5\70_0.0000.jpg,0.0,0.54,411.0226745605469,640,480,ok,0.008077120780944825,1.0,259,320.0,106.75944519042969,538.409912109375,322.58467864990234,431.6504669189453,,2,"[81, 132]","[513, 565]","[[81, 132], [513, 565]]",
3552,val,26北理工l,72,E:\桌面\v-Net\dataset\26合并\26北理工l\l-530-1\3\72_-1.5610.jpg,-1.561,0.54,411.0226745605469,640,480,insufficient_yellow_edges,,0.0,259,320.0,,,,,,2,,,"[[101, 175], [198, 276]]",
3553,val,26北理工l,72,E:\桌面\v-Net\dataset\26合并\26北理工l\l-530-1\4\72_-1.7000.jpg,-1.7,0.54,411.0226745605469,640,480,inferred_missing_right,0.36439666748046873,0.6,259,320.0,234.2138671875,639.0,436.60693359375,404.7861328125,411.0226745605469,1,,,"[[169, 299]]",
3554,val,26北理工l,76,E:\桌面\v-Net\dataset\26合并\26北理工l\l-530-1\2\76_0.0000.jpg,0.0,0.54,411.0226745605469,640,480,ok,-0.035034465789794925,1.0,259,320.0,93.1678466796875,524.4100952148438,308.7889709472656,431.24224853515625,,3,"[67, 118]","[501, 549]","[[67, 118], [501, 549], [558, 625]]",
3555,val,26北理工l,77,E:\桌面\v-Net\dataset\26合并\26北理工l\l-530-1\5\77_0.0000.jpg,0.0,0.54,411.0226745605469,640,480,insufficient_yellow_edges,,0.0,259,320.0,,,,,,0,,,[],
3556,val,26北理工l,80,E:\桌面\v-Net\dataset\26合并\26北理工l\l-530-1\2\80_0.0000.jpg,0.0,0.54,411.0226745605469,640,480,ok,0.013243889808654786,1.0,259,320.0,103.39918518066406,545.076904296875,324.23804473876953,441.67771911621094,,2,"[79, 127]","[509, 588]","[[79, 127], [509, 588]]",
3557,val,26北理工l,80,E:\桌面\v-Net\dataset\26合并\26北理工l\l-530-1\3\80_-1.5500.jpg,-1.55,0.54,411.0226745605469,640,480,inferred_missing_right,0.37013137340545654,0.6,259,320.0,237.8840789794922,639.0,438.4420394897461,401.1159210205078,411.0226745605469,1,,,"[[199, 276]]",
3558,val,26北理工l,81,E:\桌面\v-Net\dataset\26合并\26北理工l\l-530-1\2\81_0.0000.jpg,0.0,0.54,411.0226745605469,640,480,ok,0.011246013641357421,1.0,259,320.0,103.31365966796875,543.8837890625,323.5987243652344,440.57012939453125,,2,"[78, 128]","[509, 584]","[[78, 128], [509, 584]]",
3559,val,26北理工l,82,E:\桌面\v-Net\dataset\26合并\26北理工l\l-530-1\2\82_0.0000.jpg,0.0,0.54,411.0226745605469,640,480,ok,0.016205263137817384,1.0,259,320.0,107.87539672851562,542.4959716796875,325.18568420410156,434.6205749511719,,2,"[82, 134]","[511, 578]","[[82, 134], [511, 578]]",
3560,val,26北理工l,83,E:\桌面\v-Net\dataset\26合并\26北理工l\l-530-1\2\83_0.0000.jpg,0.0,0.54,411.0226745605469,640,480,ok,0.018356692790985108,1.0,259,320.0,108.90758514404297,542.8406982421875,325.87414169311523,433.93311309814453,,2,"[83, 134]","[512, 576]","[[83, 134], [512, 576]]",
3561,val,26北理工l,88,E:\桌面\v-Net\dataset\26合并\26北理工l\l-530-1\3\88_-1.5500.jpg,-1.55,0.54,411.0226745605469,640,480,inferred_missing_right,0.3584909200668335,0.6,259,320.0,230.43418884277344,639.0,434.7170944213867,408.56581115722656,411.0226745605469,1,,,"[[191, 270]]",
3562,val,26北理工l,94,E:\桌面\v-Net\dataset\26合并\26北理工l\l-530-1\3\94_-1.5500.jpg,-1.55,0.54,411.0226745605469,640,480,inferred_missing_right,0.36970508098602295,0.6,259,320.0,237.6112518310547,639.0,438.30562591552734,401.3887481689453,411.0226745605469,1,,,"[[198, 277]]",
3563,val,26北理工l,95,E:\桌面\v-Net\dataset\26合并\26北理工l\l-530-1\3\95_-1.5500.jpg,-1.55,0.54,411.0226745605469,640,480,inferred_missing_right,0.364736270904541,0.6,259,320.0,234.43121337890625,639.0,436.7156066894531,404.56878662109375,411.0226745605469,1,,,"[[195, 273]]",
3564,val,26北理工l,101,E:\桌面\v-Net\dataset\26合并\26北理工l\l-530-1\3\101_-1.5500.jpg,-1.55,0.54,411.0226745605469,640,480,inferred_missing_right,0.32407102584838865,0.6,259,320.0,218.19139099121094,629.2140655517578,423.7027282714844,411.0226745605469,411.0226745605469,1,,,"[[178, 258]]",
3565,val,26北理工l,103,E:\桌面\v-Net\dataset\26合并\26北理工l\l-530-1\3\103_-1.5500.jpg,-1.55,0.54,411.0226745605469,640,480,insufficient_yellow_edges,,0.0,259,320.0,,,,,,2,,,"[[0, 132], [175, 254]]",
3566,val,26北理工l,106,E:\桌面\v-Net\dataset\26合并\26北理工l\l-530-1\3\106_-1.6000.jpg,-1.6,0.54,411.0226745605469,640,480,inferred_missing_right,0.190001916885376,0.6,259,320.0,175.28927612304688,586.3119506835938,380.8006134033203,411.0226745605469,411.0226745605469,1,,,"[[81, 254]]",
3567,val,26北理工l,116,E:\桌面\v-Net\dataset\26合并\26北理工l\l-530-1\3\116_-1.6000.jpg,-1.6,0.54,411.0226745605469,640,480,ok,0.05787935256958008,1.0,259,320.0,271.731201171875,405.31158447265625,338.5213928222656,133.58038330078125,,4,"[222, 325]","[375, 433]","[[156, 192], [222, 325], [375, 433], [478, 538]]",
3568,val,26北理工l,118,E:\桌面\v-Net\dataset\26合并\26北理工l\l-530-1\3\118_-1.6000.jpg,-1.6,0.54,411.0226745605469,640,480,ok,-0.027720165252685548,1.0,259,320.0,258.5279235839844,363.7311706542969,311.1295471191406,105.2032470703125,,4,"[224, 286]","[334, 394]","[[138, 197], [224, 286], [334, 394], [607, 639]]",
3569,val,26北理工l,119,E:\桌面\v-Net\dataset\26合并\26北理工l\l-530-1\3\119_-1.6000.jpg,-1.6,0.54,411.0226745605469,640,480,ok,0.14708640575408935,1.0,259,320.0,134.6666717529297,599.4686279296875,367.0676498413086,464.8019561767578,,2,"[122, 148]","[581, 620]","[[122, 148], [581, 620]]",
3570,val,26北理工l,139,E:\桌面\v-Net\dataset\26合并\26北理工l\l-530-1\3\139_0.0000.jpg,0.0,0.54,411.0226745605469,640,480,ok,-0.18088261485099794,1.0,259,320.0,47.31081008911133,476.92431640625,262.11756324768066,429.6135063171387,,2,"[21, 75]","[455, 500]","[[21, 75], [455, 500]]",
3571,val,26北理工r,1,E:\桌面\v-Net\dataset\26合并\26北理工r\530-r\5\1_1.5600.jpg,1.56,0.54,411.0226745605469,640,480,inferred_missing_left,-0.3601712703704834,0.6,259,320.0,0.0,409.4903869628906,204.7451934814453,409.4903869628906,411.0226745605469,1,,,"[[372, 447]]",
3572,val,26北理工r,2,E:\桌面\v-Net\dataset\26合并\26北理工r\530-r\5\2_1.5600.jpg,1.56,0.54,411.0226745605469,640,480,inferred_missing_left,-0.3569516658782959,0.6,259,320.0,0.264129638671875,411.28680419921875,205.7754669189453,411.0226745605469,411.0226745605469,1,,,"[[374, 450]]",
3573,val,26北理工r,5,E:\桌面\v-Net\dataset\26合并\26北理工r\530-r\2\5_0.0000.jpg,0.0,0.54,411.0226745605469,640,480,ok,-0.06737868785858155,1.0,259,320.0,67.27876281738281,529.598876953125,298.4388198852539,462.3201141357422,,2,"[39, 93]","[502, 558]","[[39, 93], [502, 558]]",
3574,val,26北理工r,5,E:\桌面\v-Net\dataset\26合并\26北理工r\530-r\3\5_0.0000.jpg,0.0,0.54,411.0226745605469,640,480,ok,0.09796266555786133,1.0,259,320.0,166.4315185546875,536.2645874023438,351.3480529785156,369.83306884765625,,3,"[137, 195]","[514, 559]","[[0, 36], [137, 195], [514, 559]]",
3575,val,26北理工r,6,E:\桌面\v-Net\dataset\26合并\26北理工r\530-r\2\6_0.0000.jpg,0.0,0.54,411.0226745605469,640,480,ok,-0.09376118779182434,1.0,259,320.0,53.89622116088867,526.0966186523438,289.9964199066162,472.2003974914551,,2,"[22, 83]","[497, 555]","[[22, 83], [497, 555]]",
3576,val,26北理工r,7,E:\桌面\v-Net\dataset\26合并\26北理工r\530-r\1-2\7_0.0000.jpg,0.0,0.54,411.0226745605469,640,480,ok,0.03724992275238037,1.0,259,320.0,118.62174987792969,545.2182006835938,331.9199752807617,426.59645080566406,,2,"[94, 143]","[523, 569]","[[94, 143], [523, 569]]",
3577,val,26北理工r,7,E:\桌面\v-Net\dataset\26合并\26北理工r\530-r\3\7_-1.5500.jpg,-1.55,0.54,411.0226745605469,640,480,ok,0.13069300651550292,1.0,259,320.0,206.51681518554688,517.126708984375,361.82176208496094,310.6098937988281,,3,"[176, 237]","[501, 533]","[[15, 117], [176, 237], [501, 533]]",
3578,val,26北理工r,8,E:\桌面\v-Net\dataset\26合并\26北理工r\530-r\2-3\8_0.0000.jpg,0.0,0.54,411.0226745605469,640,480,ok,0.06843812465667724,1.0,259,320.0,132.20664978027344,551.59375,341.9001998901367,419.38710021972656,,3,"[105, 158]","[546, 557]","[[105, 158], [546, 557], [582, 616]]",
3579,val,26北理工r,9,E:\桌面\v-Net\dataset\26合并\26北理工r\530-r\3\9_-1.5500.jpg,-1.55,0.54,411.0226745605469,640,480,ok,0.13322372436523439,1.0,259,320.0,210.02178955078125,515.2413940429688,362.631591796875,305.2196044921875,,3,"[178, 241]","[493, 538]","[[41, 128], [178, 241], [493, 538]]",
3580,val,26北理工r,10,E:\桌面\v-Net\dataset\26合并\26北理工r\530-r\5\10_1.5600.jpg,1.56,0.54,411.0226745605469,640,480,insufficient_yellow_edges,,0.0,259,320.0,,,,,,2,,,"[[406, 453], [509, 575]]",
3581,val,26北理工r,12,E:\桌面\v-Net\dataset\26合并\26北理工r\530-r\1-2\12_0.0000.jpg,0.0,0.54,411.0226745605469,640,480,ok,0.042362892627716066,1.0,259,320.0,120.94556427001953,546.1666870117188,333.55612564086914,425.2211227416992,,2,"[95, 146]","[524, 570]","[[95, 146], [524, 570]]",
3582,val,26北理工r,12,E:\桌面\v-Net\dataset\26合并\26北理工r\530-r\2\12_0.0000.jpg,0.0,0.54,411.0226745605469,640,480,inferred_missing_left,-0.16784243583679198,0.6,259,320.0,60.779083251953125,471.8017578125,266.29042053222656,411.0226745605469,411.0226745605469,1,,,"[[439, 505]]",
3583,val,26北理工r,13,E:\桌面\v-Net\dataset\26合并\26北理工r\530-r\1-2\13_0.0000.jpg,0.0,0.54,411.0226745605469,640,480,ok,0.04424222707748413,1.0,259,320.0,120.6937484741211,547.6212768554688,334.1575126647949,426.92752838134766,,2,"[95, 145]","[525, 572]","[[95, 145], [525, 572]]",
3584,val,26北理工r,14,E:\桌面\v-Net\dataset\26合并\26北理工r\530-r\2-3\14_0.0000.jpg,0.0,0.54,411.0226745605469,640,480,ok,0.1308359384536743,1.0,259,320.0,173.11769104003906,550.6173095703125,361.8675003051758,377.49961853027344,,2,"[143, 203]","[528, 573]","[[143, 203], [528, 573]]",
3585,val,26北理工r,14,E:\桌面\v-Net\dataset\26合并\26北理工r\530-r\5\14_1.5600.jpg,1.56,0.54,411.0226745605469,640,480,insufficient_yellow_edges,,0.0,259,320.0,,,,,,2,,,"[[453, 497], [576, 639]]",
3586,val,26北理工r,15,E:\桌面\v-Net\dataset\26合并\26北理工r\530-r\2-3\15_0.0000.jpg,0.0,0.54,411.0226745605469,640,480,ok,0.1467597723007202,1.0,259,320.0,180.2528533935547,553.6734008789062,366.96312713623047,373.42054748535156,,3,"[150, 211]","[528, 581]","[[0, 30], [150, 211], [528, 581]]",
3587,val,26北理工r,15,E:\桌面\v-Net\dataset\26合并\26北理工r\530-r\3\15_-1.5500.jpg,-1.55,0.54,411.0226745605469,640,480,ok,-0.0542201042175293,1.0,259,320.0,210.36163330078125,394.9375,302.6495666503906,184.57586669921875,,3,"[175, 245]","[376, 415]","[[43, 91], [175, 245], [376, 415]]",
3588,val,26北理工r,15,E:\桌面\v-Net\dataset\26合并\26北理工r\530-r\5\15_1.5600.jpg,1.56,0.54,411.0226745605469,640,480,insufficient_yellow_edges,,0.0,259,320.0,,,,,,3,,,"[[473, 517], [560, 567], [624, 639]]",
3589,val,26北理工r,18,E:\桌面\v-Net\dataset\26合并\26北理工r\530-r\3\18_-1.5500.jpg,-1.55,0.54,411.0226745605469,640,480,insufficient_yellow_edges,,0.0,259,320.0,,,,,,2,,,"[[168, 240], [254, 284]]",
3590,val,26北理工r,18,E:\桌面\v-Net\dataset\26合并\26北理工r\530-r\5\18_1.5600.jpg,1.56,0.54,411.0226745605469,640,480,insufficient_yellow_edges,,0.0,259,320.0,,,,,,2,,,"[[522, 565], [600, 639]]",
3591,val,26北理工r,23,E:\桌面\v-Net\dataset\26合并\26北理工r\530-r\4\23_1.7700.jpg,1.77,0.54,411.0226745605469,640,480,insufficient_yellow_edges,,0.0,259,320.0,,,,,,0,,,[],
3592,val,26北理工r,24,E:\桌面\v-Net\dataset\26合并\26北理工r\530-r\4\24_1.7700.jpg,1.77,0.54,411.0226745605469,640,480,insufficient_yellow_edges,,0.0,259,320.0,,,,,,0,,,[],
3593,val,26北理工r,25,E:\桌面\v-Net\dataset\26合并\26北理工r\530-r\4\25_1.7700.jpg,1.77,0.54,411.0226745605469,640,480,insufficient_yellow_edges,,0.0,259,320.0,,,,,,0,,,[],
3594,val,26北理工r,30,E:\桌面\v-Net\dataset\26合并\26北理工r\530-r\4-5\30_1.5600.jpg,1.56,0.54,411.0226745605469,640,480,inferred_missing_left,-0.300075101852417,0.6,259,320.0,18.464630126953125,429.4873046875,223.97596740722656,411.0226745605469,411.0226745605469,1,,,"[[392, 467]]",
3595,val,26北理工r,32,E:\桌面\v-Net\dataset\26合并\26北理工r\530-r\4-5\32_1.5600.jpg,1.56,0.54,411.0226745605469,640,480,inferred_missing_left,-0.36640472412109376,0.6,259,320.0,0.0,405.5009765625,202.75048828125,405.5009765625,411.0226745605469,1,,,"[[367, 444]]",
3596,val,26北理工r,32,E:\桌面\v-Net\dataset\26合并\26北理工r\530-r\4\32_1.7700.jpg,1.77,0.54,411.0226745605469,640,480,insufficient_yellow_edges,,0.0,259,320.0,,,,,,0,,,[],
3597,val,26北理工r,34,E:\桌面\v-Net\dataset\26合并\26北理工r\530-r\2\34_1.5000.jpg,1.5,0.54,411.0226745605469,640,480,inferred_missing_left,-0.39570980072021483,0.6,259,320.0,0.0,386.7457275390625,193.37286376953125,386.7457275390625,411.0226745605469,1,,,"[[349, 424]]",
3598,val,26北理工r,35,E:\桌面\v-Net\dataset\26合并\26北理工r\530-r\2\35_1.5000.jpg,1.5,0.54,411.0226745605469,640,480,inferred_missing_left,-0.39354548454284666,0.6,259,320.0,0.0,388.1308898925781,194.06544494628906,388.1308898925781,411.0226745605469,1,,,"[[351, 426]]",
3599,val,26北理工r,37,E:\桌面\v-Net\dataset\26合并\26北理工r\530-r\2\37_1.5000.jpg,1.5,0.54,411.0226745605469,640,480,inferred_missing_left,-0.3904107570648193,0.6,259,320.0,0.0,390.1371154785156,195.0685577392578,390.1371154785156,411.0226745605469,1,,,"[[353, 427]]",
3600,val,26北理工r,40,E:\桌面\v-Net\dataset\26合并\26北理工r\530-r\3\40_0.0000.jpg,0.0,0.54,411.0226745605469,640,480,ok,-0.05360492467880249,1.0,259,320.0,88.3582534790039,517.3345947265625,302.8464241027832,428.9763412475586,,2,"[60, 116]","[496, 540]","[[60, 116], [496, 540]]",
3601,val,26北理工r,41,E:\桌面\v-Net\dataset\26合并\26北理工r\530-r\4\41_0.0000.jpg,0.0,0.54,411.0226745605469,640,480,inferred_missing_right,-0.20223623514175415,0.6,259,320.0,49.773067474365234,460.7957420349121,255.28440475463867,411.0226745605469,411.0226745605469,1,,,"[[33, 66]]",
3602,val,26北理工r,43,E:\桌面\v-Net\dataset\26合并\26北理工r\530-r\4\43_0.0000.jpg,0.0,0.54,411.0226745605469,640,480,insufficient_yellow_edges,,0.0,259,320.0,,,,,,0,,,[],
3603,val,26北理工r,50,E:\桌面\v-Net\dataset\26合并\26北理工r\530-r\3\50_0.0000.jpg,0.0,0.54,411.0226745605469,640,480,inferred_missing_right,0.06140947341918945,0.6,259,320.0,134.1396942138672,545.1623687744141,339.6510314941406,411.0226745605469,411.0226745605469,1,,,"[[101, 167]]",
3604,val,26北理工r,50,E:\桌面\v-Net\dataset\26合并\26北理工r\530-r\5\50_1.4051.jpg,1.4051,0.54,411.0226745605469,640,480,ok,0.025364318490028383,1.0,259,320.0,22.151315689086914,634.0818481445312,328.1165819168091,611.9305324554443,,2,"[0, 53]","[628, 639]","[[0, 53], [628, 639]]",
3605,val,26北理工r,52,E:\桌面\v-Net\dataset\26合并\26北理工r\530-r\2\52_1.5000.jpg,1.5,0.54,411.0226745605469,640,480,inferred_missing_left,-0.3624046802520752,0.6,259,320.0,0.0,408.0610046386719,204.03050231933594,408.0610046386719,411.0226745605469,1,,,"[[374, 443]]",
3606,val,26北理工r,52,E:\桌面\v-Net\dataset\26合并\26北理工r\530-r\4\52_0.0000.jpg,0.0,0.54,411.0226745605469,640,480,insufficient_yellow_edges,,0.0,259,320.0,,,,,,0,,,[],
3607,val,26北理工r,53,E:\桌面\v-Net\dataset\26合并\26北理工r\530-r\3\53_0.0000.jpg,0.0,0.54,411.0226745605469,640,480,inferred_missing_right,0.14578213691711425,0.6,259,320.0,161.13894653320312,572.16162109375,366.65028381347656,411.0226745605469,411.0226745605469,1,,,"[[126, 196]]",
3608,val,26北理工r,56,E:\桌面\v-Net\dataset\26合并\26北理工r\530-r\3\56_-1.5490.jpg,-1.549,0.54,411.0226745605469,640,480,inferred_missing_right,0.2595828533172607,0.6,259,320.0,197.55517578125,608.5778503417969,403.06651306152344,411.0226745605469,411.0226745605469,1,,,"[[160, 235]]",
3609,val,26北理工r,57,E:\桌面\v-Net\dataset\26合并\26北理工r\530-r\3\57_-1.5490.jpg,-1.549,0.54,411.0226745605469,640,480,inferred_missing_right,0.2692263126373291,0.6,259,320.0,200.64108276367188,611.6637573242188,406.1524200439453,411.0226745605469,411.0226745605469,1,,,"[[162, 239]]",
3610,val,26北理工r,59,E:\桌面\v-Net\dataset\26合并\26北理工r\530-r\4\59_1.8000.jpg,1.8,0.54,411.0226745605469,640,480,insufficient_yellow_edges,,0.0,259,320.0,,,,,,0,,,[],
3611,val,26北理工r,59,E:\桌面\v-Net\dataset\26合并\26北理工r\530-r\5\59_1.4051.jpg,1.4051,0.54,411.0226745605469,640,480,inferred_missing_left,-0.18343644142150878,0.6,259,320.0,55.78900146484375,466.8116760253906,261.3003387451172,411.0226745605469,411.0226745605469,1,,,"[[423, 511]]",
3612,val,26北理工r,60,E:\桌面\v-Net\dataset\26合并\26北理工r\530-r\5\60_1.4051.jpg,1.4051,0.54,411.0226745605469,640,480,inferred_missing_left,-0.18304848670959473,0.6,259,320.0,55.91314697265625,466.9358215332031,261.4244842529297,411.0226745605469,411.0226745605469,1,,,"[[424, 511]]",
3613,val,26北理工r,61,E:\桌面\v-Net\dataset\26合并\26北理工r\530-r\4\61_1.8000.jpg,1.8,0.54,411.0226745605469,640,480,insufficient_yellow_edges,,0.0,259,320.0,,,,,,0,,,[],
3614,val,26北理工r,61,E:\桌面\v-Net\dataset\26合并\26北理工r\530-r\5\61_1.4051.jpg,1.4051,0.54,411.0226745605469,640,480,inferred_missing_left,-0.21458258628845214,0.6,259,320.0,45.822235107421875,456.84490966796875,251.3335723876953,411.0226745605469,411.0226745605469,1,,,"[[417, 497]]",
3615,val,26北理工r,63,E:\桌面\v-Net\dataset\26合并\26北理工r\530-r\2\63_1.5000.jpg,1.5,0.54,411.0226745605469,640,480,inferred_missing_left,-0.33599209785461426,0.6,259,320.0,6.97119140625,417.9938659667969,212.48252868652344,411.0226745605469,411.0226745605469,1,,,"[[381, 454]]",
3616,val,26北理工r,63,E:\桌面\v-Net\dataset\26合并\26北理工r\530-r\4\63_1.8000.jpg,1.8,0.54,411.0226745605469,640,480,insufficient_yellow_edges,,0.0,259,320.0,,,,,,0,,,[],
3617,val,26北理工r,67,E:\桌面\v-Net\dataset\26合并\26北理工r\530-r\3\67_-1.5490.jpg,-1.549,0.54,411.0226745605469,640,480,inferred_missing_right,0.24269137382507325,0.6,259,320.0,192.14990234375,603.1725769042969,397.66123962402344,411.0226745605469,411.0226745605469,1,,,"[[155, 230]]",
3618,val,26北理工r,67,E:\桌面\v-Net\dataset\26合并\26北理工r\530-r\5\67_1.4051.jpg,1.4051,0.54,411.0226745605469,640,480,ok,-0.25399970412254336,1.0,259,320.0,12.145328521728516,465.29486083984375,238.72009468078613,453.14953231811523,,2,"[0, 28]","[436, 495]","[[0, 28], [436, 495]]",
3619,val,26北理工r,69,E:\桌面\v-Net\dataset\26合并\26北理工r\530-r\3\69_-1.5490.jpg,-1.549,0.54,411.0226745605469,640,480,inferred_missing_right,0.233980131149292,0.6,259,320.0,189.3623046875,600.3849792480469,394.87364196777344,411.0226745605469,411.0226745605469,1,,,"[[151, 228]]",
3620,val,26北理工r,73,E:\桌面\v-Net\dataset\26合并\26北理工r\530-r\3\73_-1.5490.jpg,-1.549,0.54,411.0226745605469,640,480,inferred_missing_right,0.22472643852233887,0.6,259,320.0,186.401123046875,597.4237976074219,391.91246032714844,411.0226745605469,411.0226745605469,1,,,"[[148, 226]]",
3621,val,26北理工r,74,E:\桌面\v-Net\dataset\26合并\26北理工r\530-r\3\74_-1.5490.jpg,-1.549,0.54,411.0226745605469,640,480,inferred_missing_right,0.2195770263671875,0.6,259,320.0,184.75331115722656,595.7759857177734,390.2646484375,411.0226745605469,411.0226745605469,1,,,"[[144, 225]]",
3622,val,26北理工r,74,E:\桌面\v-Net\dataset\26合并\26北理工r\530-r\5\74_0.0000.jpg,0.0,0.54,411.0226745605469,640,480,ok,0.05672769546508789,1.0,259,320.0,124.5330810546875,551.7726440429688,338.1528625488281,427.23956298828125,,2,"[99, 149]","[526, 578]","[[99, 149], [526, 578]]",
3623,val,26北理工r,75,E:\桌面\v-Net\dataset\26合并\26北理工r\530-r\3\75_-1.5490.jpg,-1.549,0.54,411.0226745605469,640,480,inferred_missing_right,0.21045827865600586,0.6,259,320.0,181.83531188964844,592.8579864501953,387.3466491699219,411.0226745605469,411.0226745605469,1,,,"[[145, 220]]",
3624,val,26北理工r,75,E:\桌面\v-Net\dataset\26合并\26北理工r\530-r\5\75_0.0000.jpg,0.0,0.54,411.0226745605469,640,480,ok,0.10314526557922363,1.0,259,320.0,139.61538696289062,566.3975830078125,353.00648498535156,426.7821960449219,,2,"[115, 164]","[542, 591]","[[115, 164], [542, 591]]",
3625,val,26北理工r,76,E:\桌面\v-Net\dataset\26合并\26北理工r\530-r\2\76_0.0000.jpg,0.0,0.54,411.0226745605469,640,480,ok,-0.004485595226287842,1.0,259,320.0,103.99585723876953,533.1333618164062,318.5646095275879,429.1375045776367,,3,"[80, 127]","[508, 559]","[[80, 127], [508, 559], [576, 639]]",
3626,val,26北理工r,76,E:\桌面\v-Net\dataset\26合并\26北理工r\530-r\5\76_0.0000.jpg,0.0,0.54,411.0226745605469,640,480,ok,0.10395283699035644,1.0,259,320.0,139.89755249023438,566.6322631835938,353.26490783691406,426.7347106933594,,2,"[115, 164]","[543, 591]","[[115, 164], [543, 591]]",
3627,val,26北理工r,78,E:\桌面\v-Net\dataset\26合并\26北理工r\530-r\2\78_0.0000.jpg,0.0,0.54,411.0226745605469,640,480,ok,0.04582233428955078,1.0,259,320.0,104.8531494140625,564.47314453125,334.66314697265625,459.6199951171875,,2,"[80, 129]","[509, 631]","[[80, 129], [509, 631]]",
3628,val,26北理工r,79,E:\桌面\v-Net\dataset\26合并\26北理工r\530-r\3\79_-1.5490.jpg,-1.549,0.54,411.0226745605469,640,480,inferred_missing_right,0.21002597808837892,0.6,259,320.0,181.6969757080078,592.7196502685547,387.20831298828125,411.0226745605469,411.0226745605469,1,,,"[[144, 220]]",
3629,val,26北理工r,81,E:\桌面\v-Net\dataset\26合并\26北理工r\530-r\3\81_0.0000.jpg,0.0,0.54,411.0226745605469,640,480,inferred_missing_right,0.20458450317382812,0.6,259,320.0,179.95570373535156,590.9783782958984,385.467041015625,411.0226745605469,411.0226745605469,1,,,"[[138, 221]]",
3630,val,26北理工r,83,E:\桌面\v-Net\dataset\26合并\26北理工r\530-r\5\83_0.0000.jpg,0.0,0.54,411.0226745605469,640,480,insufficient_yellow_edges,,0.0,259,320.0,,,,,,0,,,[],
3631,val,26北理工r,84,E:\桌面\v-Net\dataset\26合并\26北理工r\530-r\5\84_0.0000.jpg,0.0,0.54,411.0226745605469,640,480,insufficient_yellow_edges,,0.0,259,320.0,,,,,,0,,,[],
3632,val,26北理工r,86,E:\桌面\v-Net\dataset\26合并\26北理工r\530-r\2\86_0.0000.jpg,0.0,0.54,411.0226745605469,640,480,ok,0.0073428511619567875,1.0,259,320.0,104.93941497802734,539.760009765625,322.3497123718262,434.82059478759766,,2,"[80, 129]","[512, 570]","[[80, 129], [512, 570]]",
3633,val,26北理工r,87,E:\桌面\v-Net\dataset\26合并\26北理工r\530-r\3\87_-1.5300.jpg,-1.53,0.54,411.0226745605469,640,480,inferred_missing_right,0.24876065254211427,0.6,259,320.0,194.09207153320312,605.11474609375,399.60340881347656,411.0226745605469,411.0226745605469,1,,,"[[151, 235]]",
3634,val,26北理工r,88,E:\桌面\v-Net\dataset\26合并\26北理工r\530-r\4\88_-1.7000.jpg,-1.7,0.54,411.0226745605469,640,480,ok,0.12582049369812012,1.0,259,320.0,137.03543090820312,583.4896850585938,360.26255798339844,446.4542541503906,,2,"[109, 163]","[553, 614]","[[109, 163], [553, 614]]",
3635,val,26北理工r,91,E:\桌面\v-Net\dataset\26合并\26北理工r\530-r\5\91_0.0000.jpg,0.0,0.54,411.0226745605469,640,480,insufficient_yellow_edges,,0.0,259,320.0,,,,,,0,,,[],
3636,val,26北理工r,97,E:\桌面\v-Net\dataset\26合并\26北理工r\530-r\3\97_-1.5300.jpg,-1.53,0.54,411.0226745605469,640,480,inferred_missing_right,0.3134157657623291,0.6,259,320.0,214.78170776367188,625.8043823242188,420.2930450439453,411.0226745605469,411.0226745605469,1,,,"[[175, 255]]",
3637,val,26北理工r,104,E:\桌面\v-Net\dataset\26合并\26北理工r\530-r\3\104_-1.5300.jpg,-1.53,0.54,411.0226745605469,640,480,inferred_missing_right,0.3491227626800537,0.6,259,320.0,226.20794677734375,637.2306213378906,431.7192840576172,411.0226745605469,411.0226745605469,1,,,"[[185, 268]]",
3638,val,26北理工r,113,E:\桌面\v-Net\dataset\26合并\26北理工r\530-r\3\113_-1.5300.jpg,-1.53,0.54,411.0226745605469,640,480,inferred_missing_right,0.35641286373138426,0.6,259,320.0,229.10423278808594,639.0,434.05211639404297,409.89576721191406,411.0226745605469,1,,,"[[189, 269]]",
3639,val,26北理工r,119,E:\桌面\v-Net\dataset\26合并\26北理工r\530-r\3\119_-1.5300.jpg,-1.53,0.54,411.0226745605469,640,480,insufficient_yellow_edges,,0.0,259,320.0,,,,,,2,,,"[[0, 124], [177, 254]]",
3640,val,26北理工r,122,E:\桌面\v-Net\dataset\26合并\26北理工r\530-r\3\122_0.0000.jpg,0.0,0.54,411.0226745605469,640,480,inferred_missing_right,0.20708236694335938,0.6,259,320.0,180.75502014160156,591.7776947021484,386.266357421875,411.0226745605469,411.0226745605469,1,,,"[[98, 253]]",
3641,val,26北理工r,129,E:\桌面\v-Net\dataset\26合并\26北理工r\530-r\3\129_-1.5500.jpg,-1.55,0.54,411.0226745605469,640,480,ok,-0.09888079166412353,1.0,259,320.0,248.84864807128906,327.8676452636719,288.35814666748047,79.01899719238281,,4,"[213, 281]","[320, 336]","[[213, 281], [320, 336], [494, 509], [563, 595]]",
3642,val,26北理工r,130,E:\桌面\v-Net\dataset\26合并\26北理工r\530-r\3\130_-1.5500.jpg,-1.55,0.54,411.0226745605469,640,480,ok,-0.1012300729751587,1.0,259,320.0,241.18141174316406,334.0313415527344,287.6063766479492,92.84992980957031,,4,"[211, 267]","[306, 367]","[[211, 267], [306, 367], [454, 501], [556, 579]]",
3643,val,26北理工r,136,E:\桌面\v-Net\dataset\26合并\26北理工r\530-r\3\136_-1.5500.jpg,-1.55,0.54,411.0226745605469,640,480,ok,0.22019429206848146,1.0,259,320.0,172.38088989257812,608.54345703125,390.46217346191406,436.1625671386719,,2,"[151, 193]","[589, 626]","[[151, 193], [589, 626]]",
3644,val,26北理工r,138,E:\桌面\v-Net\dataset\26合并\26北理工r\530-r\3\138_0.0000.jpg,0.0,0.54,411.0226745605469,640,480,ok,0.13113176822662354,1.0,259,320.0,151.5865020751953,572.3378295898438,361.96216583251953,420.75132751464844,,2,"[135, 168]","[551, 593]","[[135, 168], [551, 593]]",
3645,val,26北理工r,154,E:\桌面\v-Net\dataset\26合并\26北理工r\530-r\3\154_0.0000.jpg,0.0,0.54,411.0226745605469,640,480,ok,0.10975413322448731,1.0,259,320.0,141.08963012695312,569.1530151367188,355.12132263183594,428.0633850097656,,2,"[118, 162]","[544, 595]","[[118, 162], [544, 595]]",
